[20:52:52] ============================================================
[20:52:52] 🔴 川普密碼 即時閉環引擎
[20:52:52]    監控間隔: 300 秒
[20:52:52] ============================================================
[20:52:55]    📡 三源抓取: CNN:50 → 合計 50 篇
[20:52:55]    沒有新推文
[事件偵測] 掃描最近 5 天的信號模式...
[事件偵測]    最近 5 天的信號:
[事件偵測]    2026-07-17: 0 篇 | T=0 D=0 R=0
[事件偵測]    2026-07-16: 0 篇 | T=0 D=0 R=0
[事件偵測]    2026-07-15: 0 篇 | T=0 D=0 R=0
[事件偵測]    2026-07-14: 0 篇 | T=0 D=0 R=0
[事件偵測]    2026-07-13: 0 篇 | T=0 D=0 R=0
[20:52:55]    事件偵測失敗: Expecting value: line 1 column 1 (char 0)
[20:52:55]    🪙 $TRUMP: $2.18 (+5.5%)
[20:52:55]    📊 Polymarket 快照: 382 個市場 (20 事件)
[20:52:55]    📊 Polymarket: 382 個市場已更新
[20:52:55] 驗證 7 個即時預測...
[20:58:04]    📡 三源抓取: CNN:50 → 合計 50 篇
[20:58:04]    沒有新推文
[事件偵測] 掃描最近 5 天的信號模式...
[事件偵測]    最近 5 天的信號:
[事件偵測]    2026-07-17: 0 篇 | T=0 D=0 R=0
[事件偵測]    2026-07-16: 0 篇 | T=0 D=0 R=0
[事件偵測]    2026-07-15: 0 篇 | T=0 D=0 R=0
[事件偵測]    2026-07-14: 0 篇 | T=0 D=0 R=0
[事件偵測]    2026-07-13: 0 篇 | T=0 D=0 R=0
[20:58:04]    事件偵測失敗: Expecting value: line 1 column 1 (char 0)
[20:58:04]    🪙 $TRUMP: $2.19 (+5.7%)
[20:58:05]    📊 Polymarket 快照: 438 個市場 (20 事件)
[20:58:05]    📊 Polymarket: 438 個市場已更新
[20:58:05] 驗證 7 個即時預測...
[21:03:10]    📡 三源抓取: CNN:50 → 合計 50 篇
[21:03:10]    沒有新推文
[事件偵測] 掃描最近 5 天的信號模式...
[事件偵測]    最近 5 天的信號:
[事件偵測]    2026-07-17: 0 篇 | T=0 D=0 R=0
[事件偵測]    2026-07-16: 0 篇 | T=0 D=0 R=0
[事件偵測]    2026-07-15: 0 篇 | T=0 D=0 R=0
[事件偵測]    2026-07-14: 0 篇 | T=0 D=0 R=0
[事件偵測]    2026-07-13: 0 篇 | T=0 D=0 R=0
[21:03:10]    事件偵測失敗: Expecting value: line 1 column 1 (char 0)
[21:03:11]    🪙 $TRUMP: $2.18 (+6.6%)
[21:03:11]    📊 Polymarket 快照: 438 個市場 (20 事件)
[21:03:11]    📊 Polymarket: 438 個市場已更新
[21:03:11] 驗證 7 個即時預測...
[21:08:17]    📡 三源抓取: CNN:50 → 合計 50 篇
[21:08:17]    沒有新推文
[事件偵測] 掃描最近 5 天的信號模式...
[事件偵測]    最近 5 天的信號:
[事件偵測]    2026-07-17: 0 篇 | T=0 D=0 R=0
[事件偵測]    2026-07-16: 0 篇 | T=0 D=0 R=0
[事件偵測]    2026-07-15: 0 篇 | T=0 D=0 R=0
[事件偵測]    2026-07-14: 0 篇 | T=0 D=0 R=0
[事件偵測]    2026-07-13: 0 篇 | T=0 D=0 R=0
[21:08:17]    事件偵測失敗: Expecting value: line 1 column 1 (char 0)
[21:08:17]    🪙 $TRUMP: $2.18 (+6.0%)
[21:08:18]    📊 Polymarket 快照: 438 個市場 (20 事件)
[21:08:18]    📊 Polymarket: 438 個市場已更新
[21:08:18] 驗證 7 個即時預測...
[21:13:41]    📡 三源抓取: CNN:50 → 合計 50 篇
[21:13:42]    沒有新推文
[事件偵測] 掃描最近 5 天的信號模式...
[事件偵測]    最近 5 天的信號:
[事件偵測]    2026-07-17: 0 篇 | T=0 D=0 R=0
[事件偵測]    2026-07-16: 0 篇 | T=0 D=0 R=0
[事件偵測]    2026-07-15: 0 篇 | T=0 D=0 R=0
[事件偵測]    2026-07-14: 0 篇 | T=0 D=0 R=0
[事件偵測]    2026-07-13: 0 篇 | T=0 D=0 R=0
[21:13:42]    事件偵測失敗: Expecting value: line 1 column 1 (char 0)
[21:13:42]    🪙 $TRUMP: $2.18 (+6.5%)
[21:13:50]    📊 Polymarket 快照: 438 個市場 (20 事件)
[21:13:50]    📊 Polymarket: 438 個市場已更新
[21:13:51] 驗證 3 個即時預測...
[21:19:00]    📡 三源抓取: CNN:50 → 合計 50 篇
[21:19:00]    沒有新推文
[事件偵測] 掃描最近 5 天的信號模式...
[事件偵測]    最近 5 天的信號:
[事件偵測]    2026-07-17: 0 篇 | T=0 D=0 R=0
[事件偵測]    2026-07-16: 0 篇 | T=0 D=0 R=0
[事件偵測]    2026-07-15: 0 篇 | T=0 D=0 R=0
[事件偵測]    2026-07-14: 0 篇 | T=0 D=0 R=0
[事件偵測]    2026-07-13: 0 篇 | T=0 D=0 R=0
[21:19:01]    事件偵測失敗: Expecting value: line 1 column 1 (char 0)
[21:19:01]    🪙 $TRUMP: $2.17 (+5.8%)
[21:19:02]    📊 Polymarket 快照: 438 個市場 (20 事件)
[21:19:02]    📊 Polymarket: 438 個市場已更新
[21:19:02] 驗證 3 個即時預測...
[21:29:37] ============================================================
[21:29:37] 🔴 川普密碼 即時閉環引擎
[21:29:37]    監控間隔: 300 秒
[21:29:37] ============================================================
[21:29:40]    📡 三源抓取: CNN:50 → 合計 50 篇
[21:29:40]    沒有新推文
[事件偵測] 掃描最近 5 天的信號模式...
[事件偵測]    最近 5 天的信號:
[事件偵測]    2026-07-17: 0 篇 | T=0 D=0 R=0
[事件偵測]    2026-07-16: 0 篇 | T=0 D=0 R=0
[事件偵測]    2026-07-15: 0 篇 | T=0 D=0 R=0
[事件偵測]    2026-07-14: 0 篇 | T=0 D=0 R=0
[事件偵測]    2026-07-13: 0 篇 | T=0 D=0 R=0
[21:29:40]    事件偵測失敗: Expecting value: line 1 column 1 (char 0)
[21:29:40]    🪙 $TRUMP: $2.18 (+5.9%)
[21:29:40]    📊 Polymarket 快照: 438 個市場 (20 事件)
[21:29:40]    📊 Polymarket: 438 個市場已更新
[21:29:40] 驗證 3 個即時預測...
[21:34:46]    📡 三源抓取: CNN:50 → 合計 50 篇
[21:34:46]    沒有新推文
[事件偵測] 掃描最近 5 天的信號模式...
[事件偵測]    最近 5 天的信號:
[事件偵測]    2026-07-17: 0 篇 | T=0 D=0 R=0
[事件偵測]    2026-07-16: 0 篇 | T=0 D=0 R=0
[事件偵測]    2026-07-15: 0 篇 | T=0 D=0 R=0
[事件偵測]    2026-07-14: 0 篇 | T=0 D=0 R=0
[事件偵測]    2026-07-13: 0 篇 | T=0 D=0 R=0
[21:34:46]    事件偵測失敗: Expecting value: line 1 column 1 (char 0)
[21:34:46]    🪙 $TRUMP: $2.18 (+5.8%)
[21:34:46]    📊 Polymarket 快照: 438 個市場 (20 事件)
[21:34:46]    📊 Polymarket: 438 個市場已更新
[21:34:46] 驗證 3 個即時預測...
[21:39:50]    📡 三源抓取: CNN:50 → 合計 50 篇
[21:39:50]    沒有新推文
[事件偵測] 掃描最近 5 天的信號模式...
[事件偵測]    最近 5 天的信號:
[事件偵測]    2026-07-17: 0 篇 | T=0 D=0 R=0
[事件偵測]    2026-07-16: 0 篇 | T=0 D=0 R=0
[事件偵測]    2026-07-15: 0 篇 | T=0 D=0 R=0
[事件偵測]    2026-07-14: 0 篇 | T=0 D=0 R=0
[事件偵測]    2026-07-13: 0 篇 | T=0 D=0 R=0
[21:39:50]    事件偵測失敗: Expecting value: line 1 column 1 (char 0)
[21:39:51]    🪙 $TRUMP: $2.19 (+6.1%)
[21:39:51]    📊 Polymarket 快照: 438 個市場 (20 事件)
[21:39:51]    📊 Polymarket: 438 個市場已更新
[21:39:51] 驗證 3 個即時預測...
[21:44:55]    📡 三源抓取: CNN:50 → 合計 50 篇
[21:44:55]    沒有新推文
[事件偵測] 掃描最近 5 天的信號模式...
[事件偵測]    最近 5 天的信號:
[事件偵測]    2026-07-17: 0 篇 | T=0 D=0 R=0
[事件偵測]    2026-07-16: 0 篇 | T=0 D=0 R=0
[事件偵測]    2026-07-15: 0 篇 | T=0 D=0 R=0
[事件偵測]    2026-07-14: 0 篇 | T=0 D=0 R=0
[事件偵測]    2026-07-13: 0 篇 | T=0 D=0 R=0
[21:44:55]    事件偵測失敗: Expecting value: line 1 column 1 (char 0)
[21:44:55]    🪙 $TRUMP: $2.19 (+6.7%)
[21:44:55]    📊 Polymarket 快照: 438 個市場 (20 事件)
[21:44:55]    📊 Polymarket: 438 個市場已更新
[21:44:55] 驗證 3 個即時預測...
[21:50:00]    📡 三源抓取: CNN:50 → 合計 50 篇
[21:50:00]    沒有新推文
[事件偵測] 掃描最近 5 天的信號模式...
[事件偵測]    最近 5 天的信號:
[事件偵測]    2026-07-17: 0 篇 | T=0 D=0 R=0
[事件偵測]    2026-07-16: 0 篇 | T=0 D=0 R=0
[事件偵測]    2026-07-15: 0 篇 | T=0 D=0 R=0
[事件偵測]    2026-07-14: 0 篇 | T=0 D=0 R=0
[事件偵測]    2026-07-13: 0 篇 | T=0 D=0 R=0
[21:50:00]    事件偵測失敗: Expecting value: line 1 column 1 (char 0)
[21:50:00]    🪙 $TRUMP: $2.18 (+5.9%)
[21:50:00]    📊 Polymarket 快照: 438 個市場 (20 事件)
[21:50:00]    📊 Polymarket: 438 個市場已更新
[21:50:00] 驗證 3 個即時預測...
[21:55:04]    📡 三源抓取: CNN:50 → 合計 50 篇
[21:55:04]    沒有新推文
[事件偵測] 掃描最近 5 天的信號模式...
[事件偵測]    最近 5 天的信號:
[事件偵測]    2026-07-17: 0 篇 | T=0 D=0 R=0
[事件偵測]    2026-07-16: 0 篇 | T=0 D=0 R=0
[事件偵測]    2026-07-15: 0 篇 | T=0 D=0 R=0
[事件偵測]    2026-07-14: 0 篇 | T=0 D=0 R=0
[事件偵測]    2026-07-13: 0 篇 | T=0 D=0 R=0
[21:55:04]    事件偵測失敗: Expecting value: line 1 column 1 (char 0)
[21:55:04]    🪙 $TRUMP: $2.18 (+5.4%)
[21:55:05]    📊 Polymarket 快照: 438 個市場 (20 事件)
[21:55:05]    📊 Polymarket: 438 個市場已更新
[21:55:05] 驗證 3 個即時預測...
[22:00:10]    📡 三源抓取: CNN:50 → 合計 50 篇
[22:00:10]    沒有新推文
[事件偵測] 掃描最近 5 天的信號模式...
[事件偵測]    最近 5 天的信號:
[事件偵測]    2026-07-17: 0 篇 | T=0 D=0 R=0
[事件偵測]    2026-07-16: 0 篇 | T=0 D=0 R=0
[事件偵測]    2026-07-15: 0 篇 | T=0 D=0 R=0
[事件偵測]    2026-07-14: 0 篇 | T=0 D=0 R=0
[事件偵測]    2026-07-13: 0 篇 | T=0 D=0 R=0
[22:00:10]    事件偵測失敗: Expecting value: line 1 column 1 (char 0)
[22:00:10]    🪙 $TRUMP: $2.18 (+5.5%)
[22:00:11]    📊 Polymarket 快照: 438 個市場 (20 事件)
[22:00:11]    📊 Polymarket: 438 個市場已更新
[22:00:11] 驗證 3 個即時預測...
[22:05:15]    📡 三源抓取: CNN:50 → 合計 50 篇
[22:05:15]    沒有新推文
[事件偵測] 掃描最近 5 天的信號模式...
[事件偵測]    最近 5 天的信號:
[事件偵測]    2026-07-17: 0 篇 | T=0 D=0 R=0
[事件偵測]    2026-07-16: 0 篇 | T=0 D=0 R=0
[事件偵測]    2026-07-15: 0 篇 | T=0 D=0 R=0
[事件偵測]    2026-07-14: 0 篇 | T=0 D=0 R=0
[事件偵測]    2026-07-13: 0 篇 | T=0 D=0 R=0
[22:05:15]    事件偵測失敗: Expecting value: line 1 column 1 (char 0)
[22:05:16]    🪙 $TRUMP: $2.19 (+6.1%)
[22:05:16]    📊 Polymarket 快照: 438 個市場 (20 事件)
[22:05:16]    📊 Polymarket: 438 個市場已更新
[22:05:16] 驗證 3 個即時預測...
[22:10:20]    📡 三源抓取: CNN:50 → 合計 50 篇
[22:10:20]    沒有新推文
[事件偵測] 掃描最近 5 天的信號模式...
[事件偵測]    最近 5 天的信號:
[事件偵測]    2026-07-17: 0 篇 | T=0 D=0 R=0
[事件偵測]    2026-07-16: 0 篇 | T=0 D=0 R=0
[事件偵測]    2026-07-15: 0 篇 | T=0 D=0 R=0
[事件偵測]    2026-07-14: 0 篇 | T=0 D=0 R=0
[事件偵測]    2026-07-13: 0 篇 | T=0 D=0 R=0
[22:10:20]    事件偵測失敗: Expecting value: line 1 column 1 (char 0)
[22:10:20]    🪙 $TRUMP: $2.19 (+5.3%)
[22:10:20]    📊 Polymarket 快照: 438 個市場 (20 事件)
[22:10:20]    📊 Polymarket: 438 個市場已更新
[22:10:20] 驗證 3 個即時預測...
[22:15:24]    📡 三源抓取: CNN:50 → 合計 50 篇
[22:15:24]    沒有新推文
[事件偵測] 掃描最近 5 天的信號模式...
[事件偵測]    最近 5 天的信號:
[事件偵測]    2026-07-17: 0 篇 | T=0 D=0 R=0
[事件偵測]    2026-07-16: 0 篇 | T=0 D=0 R=0
[事件偵測]    2026-07-15: 0 篇 | T=0 D=0 R=0
[事件偵測]    2026-07-14: 0 篇 | T=0 D=0 R=0
[事件偵測]    2026-07-13: 0 篇 | T=0 D=0 R=0
[22:15:24]    事件偵測失敗: Expecting value: line 1 column 1 (char 0)
[22:15:24]    🪙 $TRUMP: $2.19 (+5.2%)
[22:15:25]    📊 Polymarket 快照: 438 個市場 (20 事件)
[22:15:25]    📊 Polymarket: 438 個市場已更新
[22:15:25] 驗證 3 個即時預測...
[22:20:29]    📡 三源抓取: CNN:50 → 合計 50 篇
[22:20:29]    沒有新推文
[事件偵測] 掃描最近 5 天的信號模式...
[事件偵測]    最近 5 天的信號:
[事件偵測]    2026-07-17: 0 篇 | T=0 D=0 R=0
[事件偵測]    2026-07-16: 0 篇 | T=0 D=0 R=0
[事件偵測]    2026-07-15: 0 篇 | T=0 D=0 R=0
[事件偵測]    2026-07-14: 0 篇 | T=0 D=0 R=0
[事件偵測]    2026-07-13: 0 篇 | T=0 D=0 R=0
[22:20:29]    事件偵測失敗: Expecting value: line 1 column 1 (char 0)
[22:20:29]    🪙 $TRUMP: $2.19 (+5.8%)
[22:20:30]    📊 Polymarket 快照: 438 個市場 (20 事件)
[22:20:30]    📊 Polymarket: 438 個市場已更新
[22:20:30] 驗證 3 個即時預測...
[22:25:36]    📡 三源抓取: CNN:50 → 合計 50 篇
[22:25:36]    沒有新推文
[事件偵測] 掃描最近 5 天的信號模式...
[事件偵測]    最近 5 天的信號:
[事件偵測]    2026-07-17: 0 篇 | T=0 D=0 R=0
[事件偵測]    2026-07-16: 0 篇 | T=0 D=0 R=0
[事件偵測]    2026-07-15: 0 篇 | T=0 D=0 R=0
[事件偵測]    2026-07-14: 0 篇 | T=0 D=0 R=0
[事件偵測]    2026-07-13: 0 篇 | T=0 D=0 R=0
[22:25:36]    事件偵測失敗: Expecting value: line 1 column 1 (char 0)
[22:25:36]    🪙 $TRUMP: $2.18 (+5.0%)
[22:25:36]    📊 Polymarket 快照: 438 個市場 (20 事件)
[22:25:36]    📊 Polymarket: 438 個市場已更新
[22:25:36] 驗證 3 個即時預測...
[22:30:40]    📡 三源抓取: CNN:50 → 合計 50 篇
[22:30:40]    沒有新推文
[事件偵測] 掃描最近 5 天的信號模式...
[事件偵測]    最近 5 天的信號:
[事件偵測]    2026-07-17: 0 篇 | T=0 D=0 R=0
[事件偵測]    2026-07-16: 0 篇 | T=0 D=0 R=0
[事件偵測]    2026-07-15: 0 篇 | T=0 D=0 R=0
[事件偵測]    2026-07-14: 0 篇 | T=0 D=0 R=0
[事件偵測]    2026-07-13: 0 篇 | T=0 D=0 R=0
[22:30:40]    事件偵測失敗: Expecting value: line 1 column 1 (char 0)
[22:30:40]    🪙 $TRUMP: $2.18 (+5.0%)
[22:30:41]    📊 Polymarket 快照: 438 個市場 (20 事件)
[22:30:41]    📊 Polymarket: 438 個市場已更新
[22:30:41] 驗證 3 個即時預測...
[22:35:45]    📡 三源抓取: CNN:50 → 合計 50 篇
[22:35:45]    沒有新推文
[事件偵測] 掃描最近 5 天的信號模式...
[事件偵測]    最近 5 天的信號:
[事件偵測]    2026-07-17: 0 篇 | T=0 D=0 R=0
[事件偵測]    2026-07-16: 0 篇 | T=0 D=0 R=0
[事件偵測]    2026-07-15: 0 篇 | T=0 D=0 R=0
[事件偵測]    2026-07-14: 0 篇 | T=0 D=0 R=0
[事件偵測]    2026-07-13: 0 篇 | T=0 D=0 R=0
[22:35:45]    事件偵測失敗: Expecting value: line 1 column 1 (char 0)
[22:35:46]    🪙 $TRUMP: $2.19 (+5.2%)
[22:35:46]    📊 Polymarket 快照: 438 個市場 (20 事件)
[22:35:46]    📊 Polymarket: 438 個市場已更新
[22:35:46] 驗證 3 個即時預測...
[22:40:50]    📡 三源抓取: CNN:50 → 合計 50 篇
[22:40:50]    沒有新推文
[事件偵測] 掃描最近 5 天的信號模式...
[事件偵測]    最近 5 天的信號:
[事件偵測]    2026-07-17: 0 篇 | T=0 D=0 R=0
[事件偵測]    2026-07-16: 0 篇 | T=0 D=0 R=0
[事件偵測]    2026-07-15: 0 篇 | T=0 D=0 R=0
[事件偵測]    2026-07-14: 0 篇 | T=0 D=0 R=0
[事件偵測]    2026-07-13: 0 篇 | T=0 D=0 R=0
[22:40:50]    事件偵測失敗: Expecting value: line 1 column 1 (char 0)
[22:40:51]    🪙 $TRUMP: $2.19 (+5.5%)
[22:40:51]    📊 Polymarket 快照: 438 個市場 (20 事件)
[22:40:51]    📊 Polymarket: 438 個市場已更新
[22:40:51] 驗證 3 個即時預測...
[22:45:55]    📡 三源抓取: CNN:50 → 合計 50 篇
[22:45:55]    沒有新推文
[事件偵測] 掃描最近 5 天的信號模式...
[事件偵測]    最近 5 天的信號:
[事件偵測]    2026-07-17: 0 篇 | T=0 D=0 R=0
[事件偵測]    2026-07-16: 0 篇 | T=0 D=0 R=0
[事件偵測]    2026-07-15: 0 篇 | T=0 D=0 R=0
[事件偵測]    2026-07-14: 0 篇 | T=0 D=0 R=0
[事件偵測]    2026-07-13: 0 篇 | T=0 D=0 R=0
[22:45:55]    事件偵測失敗: Expecting value: line 1 column 1 (char 0)
[22:45:55]    🪙 $TRUMP: $2.19 (+5.8%)
[22:45:55]    📊 Polymarket 快照: 438 個市場 (20 事件)
[22:45:55]    📊 Polymarket: 438 個市場已更新
[22:45:55] 驗證 3 個即時預測...
[22:50:59]    📡 三源抓取: CNN:50 → 合計 50 篇
[22:50:59]    沒有新推文
[事件偵測] 掃描最近 5 天的信號模式...
[事件偵測]    最近 5 天的信號:
[事件偵測]    2026-07-17: 0 篇 | T=0 D=0 R=0
[事件偵測]    2026-07-16: 0 篇 | T=0 D=0 R=0
[事件偵測]    2026-07-15: 0 篇 | T=0 D=0 R=0
[事件偵測]    2026-07-14: 0 篇 | T=0 D=0 R=0
[事件偵測]    2026-07-13: 0 篇 | T=0 D=0 R=0
[22:50:59]    事件偵測失敗: Expecting value: line 1 column 1 (char 0)
[22:51:00]    🪙 $TRUMP: $2.19 (+5.8%)
[22:51:00]    📊 Polymarket 快照: 438 個市場 (20 事件)
[22:51:00]    📊 Polymarket: 438 個市場已更新
[22:51:00] 驗證 3 個即時預測...
[22:56:04]    📡 三源抓取: CNN:50 → 合計 50 篇
[22:56:04]    沒有新推文
[事件偵測] 掃描最近 5 天的信號模式...
[事件偵測]    最近 5 天的信號:
[事件偵測]    2026-07-17: 0 篇 | T=0 D=0 R=0
[事件偵測]    2026-07-16: 0 篇 | T=0 D=0 R=0
[事件偵測]    2026-07-15: 0 篇 | T=0 D=0 R=0
[事件偵測]    2026-07-14: 0 篇 | T=0 D=0 R=0
[事件偵測]    2026-07-13: 0 篇 | T=0 D=0 R=0
[22:56:04]    事件偵測失敗: Expecting value: line 1 column 1 (char 0)
[22:56:05]    🪙 $TRUMP: $2.19 (+5.6%)
[22:56:05]    📊 Polymarket 快照: 438 個市場 (20 事件)
[22:56:05]    📊 Polymarket: 438 個市場已更新
[22:56:05] 驗證 3 個即時預測...
[23:01:09]    📡 三源抓取: CNN:50 → 合計 50 篇
[23:01:09]    沒有新推文
[事件偵測] 掃描最近 5 天的信號模式...
[事件偵測]    最近 5 天的信號:
[事件偵測]    2026-07-17: 0 篇 | T=0 D=0 R=0
[事件偵測]    2026-07-16: 0 篇 | T=0 D=0 R=0
[事件偵測]    2026-07-15: 0 篇 | T=0 D=0 R=0
[事件偵測]    2026-07-14: 0 篇 | T=0 D=0 R=0
[事件偵測]    2026-07-13: 0 篇 | T=0 D=0 R=0
[23:01:09]    事件偵測失敗: Expecting value: line 1 column 1 (char 0)
[23:01:09]    🪙 $TRUMP: $2.19 (+5.8%)
[23:01:10]    📊 Polymarket 快照: 440 個市場 (20 事件)
[23:01:10]    📊 Polymarket: 440 個市場已更新
[23:01:10] 驗證 3 個即時預測...
[23:06:14]    📡 三源抓取: CNN:50 → 合計 50 篇
[23:06:14]    沒有新推文
[事件偵測] 掃描最近 5 天的信號模式...
[事件偵測]    最近 5 天的信號:
[事件偵測]    2026-07-17: 0 篇 | T=0 D=0 R=0
[事件偵測]    2026-07-16: 0 篇 | T=0 D=0 R=0
[事件偵測]    2026-07-15: 0 篇 | T=0 D=0 R=0
[事件偵測]    2026-07-14: 0 篇 | T=0 D=0 R=0
[事件偵測]    2026-07-13: 0 篇 | T=0 D=0 R=0
[23:06:14]    事件偵測失敗: Expecting value: line 1 column 1 (char 0)
[23:06:14]    🪙 $TRUMP: $2.21 (+6.6%)
[23:06:14]    📊 Polymarket 快照: 440 個市場 (20 事件)
[23:06:14]    📊 Polymarket: 440 個市場已更新
[23:06:14] 驗證 3 個即時預測...
[23:11:18]    📡 三源抓取: CNN:50 → 合計 50 篇
[23:11:18]    沒有新推文
[事件偵測] 掃描最近 5 天的信號模式...
[事件偵測]    最近 5 天的信號:
[事件偵測]    2026-07-17: 0 篇 | T=0 D=0 R=0
[事件偵測]    2026-07-16: 0 篇 | T=0 D=0 R=0
[事件偵測]    2026-07-15: 0 篇 | T=0 D=0 R=0
[事件偵測]    2026-07-14: 0 篇 | T=0 D=0 R=0
[事件偵測]    2026-07-13: 0 篇 | T=0 D=0 R=0
[23:11:18]    事件偵測失敗: Expecting value: line 1 column 1 (char 0)
[23:11:18]    🪙 $TRUMP: $2.22 (+6.7%)
[23:11:18]    📊 Polymarket 快照: 440 個市場 (20 事件)
[23:11:18]    📊 Polymarket: 440 個市場已更新
[23:11:18] 驗證 3 個即時預測...
[23:16:22]    📡 三源抓取: CNN:50 → 合計 50 篇
[23:16:22]    沒有新推文
[事件偵測] 掃描最近 5 天的信號模式...
[事件偵測]    最近 5 天的信號:
[事件偵測]    2026-07-17: 0 篇 | T=0 D=0 R=0
[事件偵測]    2026-07-16: 0 篇 | T=0 D=0 R=0
[事件偵測]    2026-07-15: 0 篇 | T=0 D=0 R=0
[事件偵測]    2026-07-14: 0 篇 | T=0 D=0 R=0
[事件偵測]    2026-07-13: 0 篇 | T=0 D=0 R=0
[23:16:22]    事件偵測失敗: Expecting value: line 1 column 1 (char 0)
[23:16:22]    🪙 $TRUMP: $2.21 (+6.8%)
[23:16:22]    📊 Polymarket 快照: 440 個市場 (20 事件)
[23:16:22]    📊 Polymarket: 440 個市場已更新
[23:16:22] 驗證 3 個即時預測...
[23:21:27]    📡 三源抓取: CNN:50 → 合計 50 篇
[23:21:27]    沒有新推文
[事件偵測] 掃描最近 5 天的信號模式...
[事件偵測]    最近 5 天的信號:
[事件偵測]    2026-07-17: 0 篇 | T=0 D=0 R=0
[事件偵測]    2026-07-16: 0 篇 | T=0 D=0 R=0
[事件偵測]    2026-07-15: 0 篇 | T=0 D=0 R=0
[事件偵測]    2026-07-14: 0 篇 | T=0 D=0 R=0
[事件偵測]    2026-07-13: 0 篇 | T=0 D=0 R=0
[23:21:27]    事件偵測失敗: Expecting value: line 1 column 1 (char 0)
[23:21:28]    🪙 $TRUMP: $2.20 (+6.2%)
[23:21:28]    📊 Polymarket 快照: 440 個市場 (20 事件)
[23:21:28]    📊 Polymarket: 440 個市場已更新
[23:21:28] 驗證 3 個即時預測...
[23:26:32]    📡 三源抓取: CNN:50 → 合計 50 篇
[23:26:32]    沒有新推文
[事件偵測] 掃描最近 5 天的信號模式...
[事件偵測]    最近 5 天的信號:
[事件偵測]    2026-07-17: 0 篇 | T=0 D=0 R=0
[事件偵測]    2026-07-16: 0 篇 | T=0 D=0 R=0
[事件偵測]    2026-07-15: 0 篇 | T=0 D=0 R=0
[事件偵測]    2026-07-14: 0 篇 | T=0 D=0 R=0
[事件偵測]    2026-07-13: 0 篇 | T=0 D=0 R=0
[23:26:32]    事件偵測失敗: Expecting value: line 1 column 1 (char 0)
[23:26:32]    🪙 $TRUMP: $2.20 (+6.0%)
[23:26:32]    📊 Polymarket 快照: 440 個市場 (20 事件)
[23:26:32]    📊 Polymarket: 440 個市場已更新
[23:26:32] 驗證 3 個即時預測...
[23:31:37]    📡 三源抓取: CNN:50 → 合計 50 篇
[23:31:37]    沒有新推文
[事件偵測] 掃描最近 5 天的信號模式...
[事件偵測]    最近 5 天的信號:
[事件偵測]    2026-07-17: 0 篇 | T=0 D=0 R=0
[事件偵測]    2026-07-16: 0 篇 | T=0 D=0 R=0
[事件偵測]    2026-07-15: 0 篇 | T=0 D=0 R=0
[事件偵測]    2026-07-14: 0 篇 | T=0 D=0 R=0
[事件偵測]    2026-07-13: 0 篇 | T=0 D=0 R=0
[23:31:37]    事件偵測失敗: Expecting value: line 1 column 1 (char 0)
[23:31:37]    🪙 $TRUMP: $2.19 (+5.8%)
[23:31:38]    📊 Polymarket 快照: 440 個市場 (20 事件)
[23:31:38]    📊 Polymarket: 440 個市場已更新
[23:31:38] 驗證 3 個即時預測...
[23:36:41]    📡 三源抓取: CNN:50 → 合計 50 篇
[23:36:41]    沒有新推文
[事件偵測] 掃描最近 5 天的信號模式...
[事件偵測]    最近 5 天的信號:
[事件偵測]    2026-07-17: 0 篇 | T=0 D=0 R=0
[事件偵測]    2026-07-16: 0 篇 | T=0 D=0 R=0
[事件偵測]    2026-07-15: 0 篇 | T=0 D=0 R=0
[事件偵測]    2026-07-14: 0 篇 | T=0 D=0 R=0
[事件偵測]    2026-07-13: 0 篇 | T=0 D=0 R=0
[23:36:41]    事件偵測失敗: Expecting value: line 1 column 1 (char 0)
[23:36:41]    🪙 $TRUMP: $2.18 (+5.4%)
[23:36:42]    📊 Polymarket 快照: 440 個市場 (20 事件)
[23:36:42]    📊 Polymarket: 440 個市場已更新
[23:36:42] 驗證 3 個即時預測...
[23:41:46]    📡 三源抓取: CNN:50 → 合計 50 篇
[23:41:46]    沒有新推文
[事件偵測] 掃描最近 5 天的信號模式...
[事件偵測]    最近 5 天的信號:
[事件偵測]    2026-07-17: 0 篇 | T=0 D=0 R=0
[事件偵測]    2026-07-16: 0 篇 | T=0 D=0 R=0
[事件偵測]    2026-07-15: 0 篇 | T=0 D=0 R=0
[事件偵測]    2026-07-14: 0 篇 | T=0 D=0 R=0
[事件偵測]    2026-07-13: 0 篇 | T=0 D=0 R=0
[23:41:46]    事件偵測失敗: Expecting value: line 1 column 1 (char 0)
[23:41:46]    🪙 $TRUMP: $2.19 (+5.5%)
[23:41:46]    📊 Polymarket 快照: 440 個市場 (20 事件)
[23:41:46]    📊 Polymarket: 440 個市場已更新
[23:41:46] 驗證 3 個即時預測...
[23:46:50]    📡 三源抓取: CNN:50 → 合計 50 篇
[23:46:50]    沒有新推文
[事件偵測] 掃描最近 5 天的信號模式...
[事件偵測]    最近 5 天的信號:
[事件偵測]    2026-07-17: 0 篇 | T=0 D=0 R=0
[事件偵測]    2026-07-16: 0 篇 | T=0 D=0 R=0
[事件偵測]    2026-07-15: 0 篇 | T=0 D=0 R=0
[事件偵測]    2026-07-14: 0 篇 | T=0 D=0 R=0
[事件偵測]    2026-07-13: 0 篇 | T=0 D=0 R=0
[23:46:50]    事件偵測失敗: Expecting value: line 1 column 1 (char 0)
[23:46:50]    🪙 $TRUMP: $2.19 (+5.4%)
[23:46:51]    📊 Polymarket 快照: 438 個市場 (20 事件)
[23:46:51]    📊 Polymarket: 438 個市場已更新
[23:46:51] 驗證 3 個即時預測...
[23:51:56]    📡 三源抓取: CNN:50 → 合計 50 篇
[23:51:56]    沒有新推文
[事件偵測] 掃描最近 5 天的信號模式...
[事件偵測]    最近 5 天的信號:
[事件偵測]    2026-07-17: 0 篇 | T=0 D=0 R=0
[事件偵測]    2026-07-16: 0 篇 | T=0 D=0 R=0
[事件偵測]    2026-07-15: 0 篇 | T=0 D=0 R=0
[事件偵測]    2026-07-14: 0 篇 | T=0 D=0 R=0
[事件偵測]    2026-07-13: 0 篇 | T=0 D=0 R=0
[23:51:56]    事件偵測失敗: Expecting value: line 1 column 1 (char 0)
[23:51:56]    🪙 $TRUMP: $2.19 (+5.3%)
[23:51:57]    📊 Polymarket 快照: 438 個市場 (20 事件)
[23:51:57]    📊 Polymarket: 438 個市場已更新
[23:51:57] 驗證 3 個即時預測...
[23:57:01]    📡 三源抓取: CNN:50 → 合計 50 篇
[23:57:01]    沒有新推文
[事件偵測] 掃描最近 5 天的信號模式...
[事件偵測]    最近 5 天的信號:
[事件偵測]    2026-07-17: 0 篇 | T=0 D=0 R=0
[事件偵測]    2026-07-16: 0 篇 | T=0 D=0 R=0
[事件偵測]    2026-07-15: 0 篇 | T=0 D=0 R=0
[事件偵測]    2026-07-14: 0 篇 | T=0 D=0 R=0
[事件偵測]    2026-07-13: 0 篇 | T=0 D=0 R=0
[23:57:01]    事件偵測失敗: Expecting value: line 1 column 1 (char 0)
[23:57:02]    🪙 $TRUMP: $2.19 (+5.6%)
[23:57:02]    📊 Polymarket 快照: 384 個市場 (20 事件)
[23:57:02]    📊 Polymarket: 384 個市場已更新
[23:57:02] 驗證 3 個即時預測...
[00:02:05]    📡 三源抓取: CNN:50 → 合計 50 篇
[00:02:05]    沒有新推文
[事件偵測] 掃描最近 5 天的信號模式...
[事件偵測]    最近 5 天的信號:
[事件偵測]    2026-07-17: 0 篇 | T=0 D=0 R=0
[事件偵測]    2026-07-16: 0 篇 | T=0 D=0 R=0
[事件偵測]    2026-07-15: 0 篇 | T=0 D=0 R=0
[事件偵測]    2026-07-14: 0 篇 | T=0 D=0 R=0
[事件偵測]    2026-07-13: 0 篇 | T=0 D=0 R=0
[00:02:05]    事件偵測失敗: Expecting value: line 1 column 1 (char 0)
[00:02:06]    🪙 $TRUMP: $2.19 (+5.7%)
[00:02:06]    📊 Polymarket 快照: 384 個市場 (20 事件)
[00:02:06]    📊 Polymarket: 384 個市場已更新
[00:02:06] 驗證 3 個即時預測...
[00:07:11]    📡 三源抓取: CNN:50 → 合計 50 篇
[00:07:11]    沒有新推文
[事件偵測] 掃描最近 5 天的信號模式...
[事件偵測]    最近 5 天的信號:
[事件偵測]    2026-07-17: 0 篇 | T=0 D=0 R=0
[事件偵測]    2026-07-16: 0 篇 | T=0 D=0 R=0
[事件偵測]    2026-07-15: 0 篇 | T=0 D=0 R=0
[事件偵測]    2026-07-14: 0 篇 | T=0 D=0 R=0
[事件偵測]    2026-07-13: 0 篇 | T=0 D=0 R=0
[00:07:11]    事件偵測失敗: Expecting value: line 1 column 1 (char 0)
[00:07:11]    🪙 $TRUMP: $2.18 (+4.3%)
[00:07:11]    📊 Polymarket 快照: 384 個市場 (20 事件)
[00:07:11]    📊 Polymarket: 384 個市場已更新
[00:07:11] 驗證 3 個即時預測...
[00:12:16]    📡 三源抓取: CNN:50 → 合計 50 篇
[00:12:16]    沒有新推文
[事件偵測] 掃描最近 5 天的信號模式...
[事件偵測]    最近 5 天的信號:
[事件偵測]    2026-07-17: 0 篇 | T=0 D=0 R=0
[事件偵測]    2026-07-16: 0 篇 | T=0 D=0 R=0
[事件偵測]    2026-07-15: 0 篇 | T=0 D=0 R=0
[事件偵測]    2026-07-14: 0 篇 | T=0 D=0 R=0
[事件偵測]    2026-07-13: 0 篇 | T=0 D=0 R=0
[00:12:16]    事件偵測失敗: Expecting value: line 1 column 1 (char 0)
[00:12:16]    🪙 $TRUMP: $2.18 (+4.4%)
[00:12:16]    📊 Polymarket 快照: 384 個市場 (20 事件)
[00:12:16]    📊 Polymarket: 384 個市場已更新
[00:12:16] 驗證 3 個即時預測...
[00:17:20]    📡 三源抓取: CNN:50 → 合計 50 篇
[00:17:32]    沒有新推文
[事件偵測] 掃描最近 5 天的信號模式...
[事件偵測]    最近 5 天的信號:
[事件偵測]    2026-07-17: 0 篇 | T=0 D=0 R=0
[事件偵測]    2026-07-16: 0 篇 | T=0 D=0 R=0
[事件偵測]    2026-07-15: 0 篇 | T=0 D=0 R=0
[事件偵測]    2026-07-14: 0 篇 | T=0 D=0 R=0
[事件偵測]    2026-07-13: 0 篇 | T=0 D=0 R=0
[00:17:32]    事件偵測失敗: Expecting value: line 1 column 1 (char 0)
[00:17:32]    🪙 $TRUMP: $2.17 (+3.1%)
[00:17:32]    📊 Polymarket 快照: 384 個市場 (20 事件)
[00:17:32]    📊 Polymarket: 384 個市場已更新
[00:17:32] 驗證 3 個即時預測...
[00:22:47]    📡 三源抓取: CNN:50 → 合計 50 篇
[00:22:47]    沒有新推文
[事件偵測] 掃描最近 5 天的信號模式...
[事件偵測]    最近 5 天的信號:
[事件偵測]    2026-07-17: 0 篇 | T=0 D=0 R=0
[事件偵測]    2026-07-16: 0 篇 | T=0 D=0 R=0
[事件偵測]    2026-07-15: 0 篇 | T=0 D=0 R=0
[事件偵測]    2026-07-14: 0 篇 | T=0 D=0 R=0
[事件偵測]    2026-07-13: 0 篇 | T=0 D=0 R=0
[00:22:47]    事件偵測失敗: Expecting value: line 1 column 1 (char 0)
[00:22:47]    🪙 $TRUMP: $2.18 (+2.6%)
[00:22:48]    📊 Polymarket 快照: 384 個市場 (20 事件)
[00:22:48]    📊 Polymarket: 384 個市場已更新
[00:22:48] 驗證 3 個即時預測...
[00:27:53]    📡 三源抓取: CNN:50 → 合計 50 篇
[00:27:53]    沒有新推文
[事件偵測] 掃描最近 5 天的信號模式...
[事件偵測]    最近 5 天的信號:
[事件偵測]    2026-07-17: 0 篇 | T=0 D=0 R=0
[事件偵測]    2026-07-16: 0 篇 | T=0 D=0 R=0
[事件偵測]    2026-07-15: 0 篇 | T=0 D=0 R=0
[事件偵測]    2026-07-14: 0 篇 | T=0 D=0 R=0
[事件偵測]    2026-07-13: 0 篇 | T=0 D=0 R=0
[00:27:53]    事件偵測失敗: Expecting value: line 1 column 1 (char 0)
[00:27:53]    🪙 $TRUMP: $2.20 (+3.9%)
[00:27:53]    📊 Polymarket 快照: 384 個市場 (20 事件)
[00:27:53]    📊 Polymarket: 384 個市場已更新
[00:27:53] 驗證 3 個即時預測...
[00:32:58]    📡 三源抓取: CNN:50 → 合計 50 篇
[00:32:58]    沒有新推文
[事件偵測] 掃描最近 5 天的信號模式...
[事件偵測]    最近 5 天的信號:
[事件偵測]    2026-07-17: 0 篇 | T=0 D=0 R=0
[事件偵測]    2026-07-16: 0 篇 | T=0 D=0 R=0
[事件偵測]    2026-07-15: 0 篇 | T=0 D=0 R=0
[事件偵測]    2026-07-14: 0 篇 | T=0 D=0 R=0
[事件偵測]    2026-07-13: 0 篇 | T=0 D=0 R=0
[00:32:58]    事件偵測失敗: Expecting value: line 1 column 1 (char 0)
[00:32:58]    🪙 $TRUMP: $2.20 (+4.2%)
[00:32:58]    📊 Polymarket 快照: 384 個市場 (20 事件)
[00:32:58]    📊 Polymarket: 384 個市場已更新
[00:32:58] 驗證 3 個即時預測...
[00:38:02]    📡 三源抓取: CNN:50 → 合計 50 篇
[00:38:02]    沒有新推文
[事件偵測] 掃描最近 5 天的信號模式...
[事件偵測]    最近 5 天的信號:
[事件偵測]    2026-07-17: 0 篇 | T=0 D=0 R=0
[事件偵測]    2026-07-16: 0 篇 | T=0 D=0 R=0
[事件偵測]    2026-07-15: 0 篇 | T=0 D=0 R=0
[事件偵測]    2026-07-14: 0 篇 | T=0 D=0 R=0
[事件偵測]    2026-07-13: 0 篇 | T=0 D=0 R=0
[00:38:02]    事件偵測失敗: Expecting value: line 1 column 1 (char 0)
[00:38:02]    🪙 $TRUMP: $2.22 (+5.3%)
[00:38:02]    📊 Polymarket 快照: 384 個市場 (20 事件)
[00:38:02]    📊 Polymarket: 384 個市場已更新
[00:38:02] 驗證 3 個即時預測...
[00:43:06]    📡 三源抓取: CNN:50 → 合計 50 篇
[00:43:06]    沒有新推文
[事件偵測] 掃描最近 5 天的信號模式...
[事件偵測]    最近 5 天的信號:
[事件偵測]    2026-07-17: 0 篇 | T=0 D=0 R=0
[事件偵測]    2026-07-16: 0 篇 | T=0 D=0 R=0
[事件偵測]    2026-07-15: 0 篇 | T=0 D=0 R=0
[事件偵測]    2026-07-14: 0 篇 | T=0 D=0 R=0
[事件偵測]    2026-07-13: 0 篇 | T=0 D=0 R=0
[00:43:06]    事件偵測失敗: Expecting value: line 1 column 1 (char 0)
[00:43:06]    🪙 $TRUMP: $2.23 (+6.4%)
[00:43:06]    📊 Polymarket 快照: 384 個市場 (20 事件)
[00:43:06]    📊 Polymarket: 384 個市場已更新
[00:43:06] 驗證 3 個即時預測...
[00:48:09]    📡 三源抓取: CNN:50 → 合計 50 篇
[00:48:09]    沒有新推文
[事件偵測] 掃描最近 5 天的信號模式...
[事件偵測]    最近 5 天的信號:
[事件偵測]    2026-07-17: 0 篇 | T=0 D=0 R=0
[事件偵測]    2026-07-16: 0 篇 | T=0 D=0 R=0
[事件偵測]    2026-07-15: 0 篇 | T=0 D=0 R=0
[事件偵測]    2026-07-14: 0 篇 | T=0 D=0 R=0
[事件偵測]    2026-07-13: 0 篇 | T=0 D=0 R=0
[00:48:09]    事件偵測失敗: Expecting value: line 1 column 1 (char 0)
[00:48:10]    🪙 $TRUMP: $2.25 (+7.0%)
[00:48:10]    📊 Polymarket 快照: 384 個市場 (20 事件)
[00:48:10]    📊 Polymarket: 384 個市場已更新
[00:48:10] 驗證 3 個即時預測...
[00:53:13]    📡 三源抓取: CNN:50 → 合計 50 篇
[00:53:13]    沒有新推文
[事件偵測] 掃描最近 5 天的信號模式...
[事件偵測]    最近 5 天的信號:
[事件偵測]    2026-07-17: 0 篇 | T=0 D=0 R=0
[事件偵測]    2026-07-16: 0 篇 | T=0 D=0 R=0
[事件偵測]    2026-07-15: 0 篇 | T=0 D=0 R=0
[事件偵測]    2026-07-14: 0 篇 | T=0 D=0 R=0
[事件偵測]    2026-07-13: 0 篇 | T=0 D=0 R=0
[00:53:13]    事件偵測失敗: Expecting value: line 1 column 1 (char 0)
[00:53:13]    🪙 $TRUMP: $2.25 (+6.9%)
[00:53:14]    📊 Polymarket 快照: 384 個市場 (20 事件)
[00:53:14]    📊 Polymarket: 384 個市場已更新
[00:53:14] 驗證 3 個即時預測...
[00:58:17]    📡 三源抓取: CNN:50 → 合計 50 篇
[00:58:17]    沒有新推文
[事件偵測] 掃描最近 5 天的信號模式...
[事件偵測]    最近 5 天的信號:
[事件偵測]    2026-07-17: 0 篇 | T=0 D=0 R=0
[事件偵測]    2026-07-16: 0 篇 | T=0 D=0 R=0
[事件偵測]    2026-07-15: 0 篇 | T=0 D=0 R=0
[事件偵測]    2026-07-14: 0 篇 | T=0 D=0 R=0
[事件偵測]    2026-07-13: 0 篇 | T=0 D=0 R=0
[00:58:17]    事件偵測失敗: Expecting value: line 1 column 1 (char 0)
[00:58:17]    🪙 $TRUMP: $2.22 (+5.8%)
[00:58:18]    📊 Polymarket 快照: 384 個市場 (20 事件)
[00:58:18]    📊 Polymarket: 384 個市場已更新
[00:58:18] 驗證 3 個即時預測...
[01:03:21]    📡 三源抓取: CNN:50 → 合計 50 篇
[01:03:21]    沒有新推文
[事件偵測] 掃描最近 5 天的信號模式...
[事件偵測]    最近 5 天的信號:
[事件偵測]    2026-07-17: 0 篇 | T=0 D=0 R=0
[事件偵測]    2026-07-16: 0 篇 | T=0 D=0 R=0
[事件偵測]    2026-07-15: 0 篇 | T=0 D=0 R=0
[事件偵測]    2026-07-14: 0 篇 | T=0 D=0 R=0
[事件偵測]    2026-07-13: 0 篇 | T=0 D=0 R=0
[01:03:21]    事件偵測失敗: Expecting value: line 1 column 1 (char 0)
[01:03:21]    🪙 $TRUMP: $2.20 (+5.4%)
[01:03:23]    📊 Polymarket 快照: 384 個市場 (20 事件)
[01:03:23]    📊 Polymarket: 384 個市場已更新
[01:03:23] 驗證 3 個即時預測...
[01:08:27]    📡 三源抓取: CNN:50 → 合計 50 篇
[01:08:27]    沒有新推文
[事件偵測] 掃描最近 5 天的信號模式...
[事件偵測]    最近 5 天的信號:
[事件偵測]    2026-07-17: 0 篇 | T=0 D=0 R=0
[事件偵測]    2026-07-16: 0 篇 | T=0 D=0 R=0
[事件偵測]    2026-07-15: 0 篇 | T=0 D=0 R=0
[事件偵測]    2026-07-14: 0 篇 | T=0 D=0 R=0
[事件偵測]    2026-07-13: 0 篇 | T=0 D=0 R=0
[01:08:27]    事件偵測失敗: Expecting value: line 1 column 1 (char 0)
[01:08:27]    🪙 $TRUMP: $2.21 (+5.2%)
[01:08:28]    📊 Polymarket 快照: 384 個市場 (20 事件)
[01:08:28]    📊 Polymarket: 384 個市場已更新
[01:08:28] 驗證 3 個即時預測...
[01:13:31]    📡 三源抓取: CNN:50 → 合計 50 篇
[01:13:31]    沒有新推文
[事件偵測] 掃描最近 5 天的信號模式...
[事件偵測]    最近 5 天的信號:
[事件偵測]    2026-07-17: 0 篇 | T=0 D=0 R=0
[事件偵測]    2026-07-16: 0 篇 | T=0 D=0 R=0
[事件偵測]    2026-07-15: 0 篇 | T=0 D=0 R=0
[事件偵測]    2026-07-14: 0 篇 | T=0 D=0 R=0
[事件偵測]    2026-07-13: 0 篇 | T=0 D=0 R=0
[01:13:31]    事件偵測失敗: Expecting value: line 1 column 1 (char 0)
[01:13:31]    🪙 $TRUMP: $2.22 (+5.7%)
[01:13:32]    📊 Polymarket 快照: 384 個市場 (20 事件)
[01:13:32]    📊 Polymarket: 384 個市場已更新
[01:13:32] 驗證 3 個即時預測...
[01:18:36]    📡 三源抓取: CNN:50 → 合計 50 篇
[01:18:36]    沒有新推文
[事件偵測] 掃描最近 5 天的信號模式...
[事件偵測]    最近 5 天的信號:
[事件偵測]    2026-07-17: 0 篇 | T=0 D=0 R=0
[事件偵測]    2026-07-16: 0 篇 | T=0 D=0 R=0
[事件偵測]    2026-07-15: 0 篇 | T=0 D=0 R=0
[事件偵測]    2026-07-14: 0 篇 | T=0 D=0 R=0
[事件偵測]    2026-07-13: 0 篇 | T=0 D=0 R=0
[01:18:36]    事件偵測失敗: Expecting value: line 1 column 1 (char 0)
[01:18:36]    🪙 $TRUMP: $2.22 (+5.2%)
[01:18:37]    📊 Polymarket 快照: 384 個市場 (20 事件)
[01:18:37]    📊 Polymarket: 384 個市場已更新
[01:18:37] 驗證 3 個即時預測...
[01:23:41]    📡 三源抓取: CNN:50 → 合計 50 篇
[01:23:41]    沒有新推文
[事件偵測] 掃描最近 5 天的信號模式...
[事件偵測]    最近 5 天的信號:
[事件偵測]    2026-07-17: 0 篇 | T=0 D=0 R=0
[事件偵測]    2026-07-16: 0 篇 | T=0 D=0 R=0
[事件偵測]    2026-07-15: 0 篇 | T=0 D=0 R=0
[事件偵測]    2026-07-14: 0 篇 | T=0 D=0 R=0
[事件偵測]    2026-07-13: 0 篇 | T=0 D=0 R=0
[01:23:41]    事件偵測失敗: Expecting value: line 1 column 1 (char 0)
[01:23:41]    🪙 $TRUMP: $2.20 (+4.0%)
[01:23:41]    📊 Polymarket 快照: 384 個市場 (20 事件)
[01:23:41]    📊 Polymarket: 384 個市場已更新
[01:23:41] 驗證 3 個即時預測...
[01:28:45]    📡 三源抓取: CNN:50 → 合計 50 篇
[01:28:45]    沒有新推文
[事件偵測] 掃描最近 5 天的信號模式...
[事件偵測]    最近 5 天的信號:
[事件偵測]    2026-07-17: 0 篇 | T=0 D=0 R=0
[事件偵測]    2026-07-16: 0 篇 | T=0 D=0 R=0
[事件偵測]    2026-07-15: 0 篇 | T=0 D=0 R=0
[事件偵測]    2026-07-14: 0 篇 | T=0 D=0 R=0
[事件偵測]    2026-07-13: 0 篇 | T=0 D=0 R=0
[01:28:45]    事件偵測失敗: Expecting value: line 1 column 1 (char 0)
[01:28:45]    🪙 $TRUMP: $2.20 (+5.1%)
[01:28:46]    📊 Polymarket 快照: 384 個市場 (20 事件)
[01:28:46]    📊 Polymarket: 384 個市場已更新
[01:28:46] 驗證 3 個即時預測...
[01:33:50]    📡 三源抓取: CNN:50 → 合計 50 篇
[01:33:50]    沒有新推文
[事件偵測] 掃描最近 5 天的信號模式...
[事件偵測]    最近 5 天的信號:
[事件偵測]    2026-07-17: 0 篇 | T=0 D=0 R=0
[事件偵測]    2026-07-16: 0 篇 | T=0 D=0 R=0
[事件偵測]    2026-07-15: 0 篇 | T=0 D=0 R=0
[事件偵測]    2026-07-14: 0 篇 | T=0 D=0 R=0
[事件偵測]    2026-07-13: 0 篇 | T=0 D=0 R=0
[01:33:50]    事件偵測失敗: Expecting value: line 1 column 1 (char 0)
[01:33:50]    🪙 $TRUMP: $2.20 (+5.1%)
[01:33:50]    📊 Polymarket 快照: 384 個市場 (20 事件)
[01:33:50]    📊 Polymarket: 384 個市場已更新
[01:33:50] 驗證 3 個即時預測...
[01:38:54]    📡 三源抓取: CNN:50 → 合計 50 篇
[01:38:54]    沒有新推文
[事件偵測] 掃描最近 5 天的信號模式...
[事件偵測]    最近 5 天的信號:
[事件偵測]    2026-07-17: 0 篇 | T=0 D=0 R=0
[事件偵測]    2026-07-16: 0 篇 | T=0 D=0 R=0
[事件偵測]    2026-07-15: 0 篇 | T=0 D=0 R=0
[事件偵測]    2026-07-14: 0 篇 | T=0 D=0 R=0
[事件偵測]    2026-07-13: 0 篇 | T=0 D=0 R=0
[01:38:54]    事件偵測失敗: Expecting value: line 1 column 1 (char 0)
[01:38:54]    🪙 $TRUMP: $2.20 (+5.3%)
[01:38:55]    📊 Polymarket 快照: 384 個市場 (20 事件)
[01:38:55]    📊 Polymarket: 384 個市場已更新
[01:38:55] 驗證 3 個即時預測...
[01:44:03]    📡 三源抓取: CNN:50 → 合計 50 篇
[01:44:03]    沒有新推文
[事件偵測] 掃描最近 5 天的信號模式...
[事件偵測]    最近 5 天的信號:
[事件偵測]    2026-07-17: 0 篇 | T=0 D=0 R=0
[事件偵測]    2026-07-16: 0 篇 | T=0 D=0 R=0
[事件偵測]    2026-07-15: 0 篇 | T=0 D=0 R=0
[事件偵測]    2026-07-14: 0 篇 | T=0 D=0 R=0
[事件偵測]    2026-07-13: 0 篇 | T=0 D=0 R=0
[01:44:03]    事件偵測失敗: Expecting value: line 1 column 1 (char 0)
[01:44:04]    🪙 $TRUMP: $2.20 (+5.0%)
[01:44:04]    📊 Polymarket 快照: 384 個市場 (20 事件)
[01:44:04]    📊 Polymarket: 384 個市場已更新
[01:44:04] 驗證 3 個即時預測...
[01:49:08]    📡 三源抓取: CNN:50 → 合計 50 篇
[01:49:08]    沒有新推文
[事件偵測] 掃描最近 5 天的信號模式...
[事件偵測]    最近 5 天的信號:
[事件偵測]    2026-07-17: 0 篇 | T=0 D=0 R=0
[事件偵測]    2026-07-16: 0 篇 | T=0 D=0 R=0
[事件偵測]    2026-07-15: 0 篇 | T=0 D=0 R=0
[事件偵測]    2026-07-14: 0 篇 | T=0 D=0 R=0
[事件偵測]    2026-07-13: 0 篇 | T=0 D=0 R=0
[01:49:08]    事件偵測失敗: Expecting value: line 1 column 1 (char 0)
[01:49:08]    🪙 $TRUMP: $2.19 (+5.3%)
[01:49:09]    📊 Polymarket 快照: 384 個市場 (20 事件)
[01:49:09]    📊 Polymarket: 384 個市場已更新
[01:49:09] 驗證 3 個即時預測...
[01:54:13]    📡 三源抓取: CNN:50 → 合計 50 篇
[01:54:13]    沒有新推文
[事件偵測] 掃描最近 5 天的信號模式...
[事件偵測]    最近 5 天的信號:
[事件偵測]    2026-07-17: 0 篇 | T=0 D=0 R=0
[事件偵測]    2026-07-16: 0 篇 | T=0 D=0 R=0
[事件偵測]    2026-07-15: 0 篇 | T=0 D=0 R=0
[事件偵測]    2026-07-14: 0 篇 | T=0 D=0 R=0
[事件偵測]    2026-07-13: 0 篇 | T=0 D=0 R=0
[01:54:13]    事件偵測失敗: Expecting value: line 1 column 1 (char 0)
[01:54:13]    🪙 $TRUMP: $2.18 (+5.7%)
[01:54:14]    📊 Polymarket 快照: 384 個市場 (20 事件)
[01:54:14]    📊 Polymarket: 384 個市場已更新
[01:54:14] 驗證 3 個即時預測...
[01:59:18]    📡 三源抓取: CNN:50 → 合計 50 篇
[01:59:18]    沒有新推文
[事件偵測] 掃描最近 5 天的信號模式...
[事件偵測]    最近 5 天的信號:
[事件偵測]    2026-07-17: 0 篇 | T=0 D=0 R=0
[事件偵測]    2026-07-16: 0 篇 | T=0 D=0 R=0
[事件偵測]    2026-07-15: 0 篇 | T=0 D=0 R=0
[事件偵測]    2026-07-14: 0 篇 | T=0 D=0 R=0
[事件偵測]    2026-07-13: 0 篇 | T=0 D=0 R=0
[01:59:18]    事件偵測失敗: Expecting value: line 1 column 1 (char 0)
[01:59:18]    🪙 $TRUMP: $2.20 (+6.8%)
[01:59:18]    📊 Polymarket 快照: 384 個市場 (20 事件)
[01:59:18]    📊 Polymarket: 384 個市場已更新
[01:59:18] 驗證 3 個即時預測...
[02:04:22]    📡 三源抓取: CNN:50 → 合計 50 篇
[02:04:22]    沒有新推文
[事件偵測] 掃描最近 5 天的信號模式...
[事件偵測]    最近 5 天的信號:
[事件偵測]    2026-07-17: 0 篇 | T=0 D=0 R=0
[事件偵測]    2026-07-16: 0 篇 | T=0 D=0 R=0
[事件偵測]    2026-07-15: 0 篇 | T=0 D=0 R=0
[事件偵測]    2026-07-14: 0 篇 | T=0 D=0 R=0
[事件偵測]    2026-07-13: 0 篇 | T=0 D=0 R=0
[02:04:22]    事件偵測失敗: Expecting value: line 1 column 1 (char 0)
[02:04:22]    🪙 $TRUMP: $2.18 (+6.1%)
[02:04:23]    📊 Polymarket 快照: 384 個市場 (20 事件)
[02:04:23]    📊 Polymarket: 384 個市場已更新
[02:04:23] 驗證 3 個即時預測...
[02:09:27]    📡 三源抓取: CNN:50 → 合計 50 篇
[02:09:27]    沒有新推文
[事件偵測] 掃描最近 5 天的信號模式...
[事件偵測]    最近 5 天的信號:
[事件偵測]    2026-07-17: 0 篇 | T=0 D=0 R=0
[事件偵測]    2026-07-16: 0 篇 | T=0 D=0 R=0
[事件偵測]    2026-07-15: 0 篇 | T=0 D=0 R=0
[事件偵測]    2026-07-14: 0 篇 | T=0 D=0 R=0
[事件偵測]    2026-07-13: 0 篇 | T=0 D=0 R=0
[02:09:27]    事件偵測失敗: Expecting value: line 1 column 1 (char 0)
[02:09:27]    🪙 $TRUMP: $2.19 (+6.2%)
[02:09:27]    📊 Polymarket 快照: 384 個市場 (20 事件)
[02:09:27]    📊 Polymarket: 384 個市場已更新
[02:09:27] 驗證 3 個即時預測...
[02:14:32]    📡 三源抓取: CNN:50 → 合計 50 篇
[02:14:32]    沒有新推文
[事件偵測] 掃描最近 5 天的信號模式...
[事件偵測]    最近 5 天的信號:
[事件偵測]    2026-07-17: 0 篇 | T=0 D=0 R=0
[事件偵測]    2026-07-16: 0 篇 | T=0 D=0 R=0
[事件偵測]    2026-07-15: 0 篇 | T=0 D=0 R=0
[事件偵測]    2026-07-14: 0 篇 | T=0 D=0 R=0
[事件偵測]    2026-07-13: 0 篇 | T=0 D=0 R=0
[02:14:32]    事件偵測失敗: Expecting value: line 1 column 1 (char 0)
[02:14:32]    🪙 $TRUMP: $2.17 (+5.4%)
[02:14:32]    📊 Polymarket 快照: 384 個市場 (20 事件)
[02:14:32]    📊 Polymarket: 384 個市場已更新
[02:14:32] 驗證 3 個即時預測...
[02:19:36]    📡 三源抓取: CNN:50 → 合計 50 篇
[02:19:36]    沒有新推文
[事件偵測] 掃描最近 5 天的信號模式...
[事件偵測]    最近 5 天的信號:
[事件偵測]    2026-07-17: 0 篇 | T=0 D=0 R=0
[事件偵測]    2026-07-16: 0 篇 | T=0 D=0 R=0
[事件偵測]    2026-07-15: 0 篇 | T=0 D=0 R=0
[事件偵測]    2026-07-14: 0 篇 | T=0 D=0 R=0
[事件偵測]    2026-07-13: 0 篇 | T=0 D=0 R=0
[02:19:36]    事件偵測失敗: Expecting value: line 1 column 1 (char 0)
[02:19:36]    🪙 $TRUMP: $2.17 (+5.1%)
[02:19:37]    📊 Polymarket 快照: 384 個市場 (20 事件)
[02:19:37]    📊 Polymarket: 384 個市場已更新
[02:19:37] 驗證 3 個即時預測...
[02:24:41]    📡 三源抓取: CNN:50 → 合計 50 篇
[02:24:41]    沒有新推文
[事件偵測] 掃描最近 5 天的信號模式...
[事件偵測]    最近 5 天的信號:
[事件偵測]    2026-07-17: 0 篇 | T=0 D=0 R=0
[事件偵測]    2026-07-16: 0 篇 | T=0 D=0 R=0
[事件偵測]    2026-07-15: 0 篇 | T=0 D=0 R=0
[事件偵測]    2026-07-14: 0 篇 | T=0 D=0 R=0
[事件偵測]    2026-07-13: 0 篇 | T=0 D=0 R=0
[02:24:41]    事件偵測失敗: Expecting value: line 1 column 1 (char 0)
[02:24:41]    🪙 $TRUMP: $2.17 (+4.7%)
[02:24:41]    📊 Polymarket 快照: 384 個市場 (20 事件)
[02:24:41]    📊 Polymarket: 384 個市場已更新
[02:24:41] 驗證 3 個即時預測...
[02:29:46]    📡 三源抓取: CNN:50 → 合計 50 篇
[02:29:46]    沒有新推文
[事件偵測] 掃描最近 5 天的信號模式...
[事件偵測]    最近 5 天的信號:
[事件偵測]    2026-07-17: 0 篇 | T=0 D=0 R=0
[事件偵測]    2026-07-16: 0 篇 | T=0 D=0 R=0
[事件偵測]    2026-07-15: 0 篇 | T=0 D=0 R=0
[事件偵測]    2026-07-14: 0 篇 | T=0 D=0 R=0
[事件偵測]    2026-07-13: 0 篇 | T=0 D=0 R=0
[02:29:46]    事件偵測失敗: Expecting value: line 1 column 1 (char 0)
[02:29:46]    🪙 $TRUMP: $2.18 (+5.6%)
[02:29:46]    📊 Polymarket 快照: 384 個市場 (20 事件)
[02:29:46]    📊 Polymarket: 384 個市場已更新
[02:29:46] 驗證 3 個即時預測...
[02:34:50]    📡 三源抓取: CNN:50 → 合計 50 篇
[02:34:50]    沒有新推文
[事件偵測] 掃描最近 5 天的信號模式...
[事件偵測]    最近 5 天的信號:
[事件偵測]    2026-07-17: 0 篇 | T=0 D=0 R=0
[事件偵測]    2026-07-16: 0 篇 | T=0 D=0 R=0
[事件偵測]    2026-07-15: 0 篇 | T=0 D=0 R=0
[事件偵測]    2026-07-14: 0 篇 | T=0 D=0 R=0
[事件偵測]    2026-07-13: 0 篇 | T=0 D=0 R=0
[02:34:50]    事件偵測失敗: Expecting value: line 1 column 1 (char 0)
[02:34:50]    🪙 $TRUMP: $2.17 (+5.8%)
[02:34:51]    📊 Polymarket 快照: 384 個市場 (20 事件)
[02:34:51]    📊 Polymarket: 384 個市場已更新
[02:34:51] 驗證 3 個即時預測...
[02:39:54]    📡 三源抓取: CNN:50 → 合計 50 篇
[02:39:54]    沒有新推文
[事件偵測] 掃描最近 5 天的信號模式...
[事件偵測]    最近 5 天的信號:
[事件偵測]    2026-07-17: 0 篇 | T=0 D=0 R=0
[事件偵測]    2026-07-16: 0 篇 | T=0 D=0 R=0
[事件偵測]    2026-07-15: 0 篇 | T=0 D=0 R=0
[事件偵測]    2026-07-14: 0 篇 | T=0 D=0 R=0
[事件偵測]    2026-07-13: 0 篇 | T=0 D=0 R=0
[02:39:54]    事件偵測失敗: Expecting value: line 1 column 1 (char 0)
[02:39:54]    🪙 $TRUMP: $2.19 (+6.1%)
[02:39:55]    📊 Polymarket 快照: 384 個市場 (20 事件)
[02:39:55]    📊 Polymarket: 384 個市場已更新
[02:39:55] 驗證 3 個即時預測...
[02:45:02]    📡 三源抓取: CNN:50 → 合計 50 篇
[02:45:02]    沒有新推文
[事件偵測] 掃描最近 5 天的信號模式...
[事件偵測]    最近 5 天的信號:
[事件偵測]    2026-07-17: 0 篇 | T=0 D=0 R=0
[事件偵測]    2026-07-16: 0 篇 | T=0 D=0 R=0
[事件偵測]    2026-07-15: 0 篇 | T=0 D=0 R=0
[事件偵測]    2026-07-14: 0 篇 | T=0 D=0 R=0
[事件偵測]    2026-07-13: 0 篇 | T=0 D=0 R=0
[02:45:02]    事件偵測失敗: Expecting value: line 1 column 1 (char 0)
[02:45:02]    🪙 $TRUMP: $2.18 (+5.7%)
[02:45:02]    📊 Polymarket 快照: 384 個市場 (20 事件)
[02:45:02]    📊 Polymarket: 384 個市場已更新
[02:45:02] 驗證 3 個即時預測...
[02:50:06]    📡 三源抓取: CNN:50 → 合計 50 篇
[02:50:06]    沒有新推文
[事件偵測] 掃描最近 5 天的信號模式...
[事件偵測]    最近 5 天的信號:
[事件偵測]    2026-07-17: 0 篇 | T=0 D=0 R=0
[事件偵測]    2026-07-16: 0 篇 | T=0 D=0 R=0
[事件偵測]    2026-07-15: 0 篇 | T=0 D=0 R=0
[事件偵測]    2026-07-14: 0 篇 | T=0 D=0 R=0
[事件偵測]    2026-07-13: 0 篇 | T=0 D=0 R=0
[02:50:06]    事件偵測失敗: Expecting value: line 1 column 1 (char 0)
[02:50:06]    🪙 $TRUMP: $2.18 (+5.4%)
[02:50:06]    📊 Polymarket 快照: 384 個市場 (20 事件)
[02:50:06]    📊 Polymarket: 384 個市場已更新
[02:50:06] 驗證 3 個即時預測...
[02:55:10]    📡 三源抓取: CNN:50 → 合計 50 篇
[02:55:10]    沒有新推文
[事件偵測] 掃描最近 5 天的信號模式...
[事件偵測]    最近 5 天的信號:
[事件偵測]    2026-07-17: 0 篇 | T=0 D=0 R=0
[事件偵測]    2026-07-16: 0 篇 | T=0 D=0 R=0
[事件偵測]    2026-07-15: 0 篇 | T=0 D=0 R=0
[事件偵測]    2026-07-14: 0 篇 | T=0 D=0 R=0
[事件偵測]    2026-07-13: 0 篇 | T=0 D=0 R=0
[02:55:10]    事件偵測失敗: Expecting value: line 1 column 1 (char 0)
[02:55:11]    🪙 $TRUMP: $2.17 (+4.7%)
[02:55:11]    📊 Polymarket 快照: 384 個市場 (20 事件)
[02:55:11]    📊 Polymarket: 384 個市場已更新
[02:55:11] 驗證 3 個即時預測...
[03:00:14]    📡 三源抓取: CNN:50 → 合計 50 篇
[03:00:14]    沒有新推文
[事件偵測] 掃描最近 5 天的信號模式...
[事件偵測]    最近 5 天的信號:
[事件偵測]    2026-07-17: 0 篇 | T=0 D=0 R=0
[事件偵測]    2026-07-16: 0 篇 | T=0 D=0 R=0
[事件偵測]    2026-07-15: 0 篇 | T=0 D=0 R=0
[事件偵測]    2026-07-14: 0 篇 | T=0 D=0 R=0
[事件偵測]    2026-07-13: 0 篇 | T=0 D=0 R=0
[03:00:14]    事件偵測失敗: Expecting value: line 1 column 1 (char 0)
[03:00:14]    🪙 $TRUMP: $2.16 (+3.7%)
[03:00:15]    📊 Polymarket 快照: 384 個市場 (20 事件)
[03:00:15]    📊 Polymarket: 384 個市場已更新
[03:00:15] 驗證 3 個即時預測...
[03:05:19]    📡 三源抓取: CNN:50 → 合計 50 篇
[03:05:19]    沒有新推文
[事件偵測] 掃描最近 5 天的信號模式...
[事件偵測]    最近 5 天的信號:
[事件偵測]    2026-07-17: 0 篇 | T=0 D=0 R=0
[事件偵測]    2026-07-16: 0 篇 | T=0 D=0 R=0
[事件偵測]    2026-07-15: 0 篇 | T=0 D=0 R=0
[事件偵測]    2026-07-14: 0 篇 | T=0 D=0 R=0
[事件偵測]    2026-07-13: 0 篇 | T=0 D=0 R=0
[03:05:19]    事件偵測失敗: Expecting value: line 1 column 1 (char 0)
[03:05:19]    🪙 $TRUMP: $2.15 (+2.7%)
[03:05:19]    📊 Polymarket 快照: 384 個市場 (20 事件)
[03:05:19]    📊 Polymarket: 384 個市場已更新
[03:05:19] 驗證 3 個即時預測...
[03:10:23]    📡 三源抓取: CNN:50 → 合計 50 篇
[03:10:23]    沒有新推文
[事件偵測] 掃描最近 5 天的信號模式...
[事件偵測]    最近 5 天的信號:
[事件偵測]    2026-07-17: 0 篇 | T=0 D=0 R=0
[事件偵測]    2026-07-16: 0 篇 | T=0 D=0 R=0
[事件偵測]    2026-07-15: 0 篇 | T=0 D=0 R=0
[事件偵測]    2026-07-14: 0 篇 | T=0 D=0 R=0
[事件偵測]    2026-07-13: 0 篇 | T=0 D=0 R=0
[03:10:23]    事件偵測失敗: Expecting value: line 1 column 1 (char 0)
[03:10:23]    🪙 $TRUMP: $2.15 (+3.1%)
[03:10:23]    📊 Polymarket 快照: 384 個市場 (20 事件)
[03:10:23]    📊 Polymarket: 384 個市場已更新
[03:10:23] 驗證 3 個即時預測...
[03:15:27]    📡 三源抓取: CNN:50 → 合計 50 篇
[03:15:27]    沒有新推文
[事件偵測] 掃描最近 5 天的信號模式...
[事件偵測]    最近 5 天的信號:
[事件偵測]    2026-07-17: 0 篇 | T=0 D=0 R=0
[事件偵測]    2026-07-16: 0 篇 | T=0 D=0 R=0
[事件偵測]    2026-07-15: 0 篇 | T=0 D=0 R=0
[事件偵測]    2026-07-14: 0 篇 | T=0 D=0 R=0
[事件偵測]    2026-07-13: 0 篇 | T=0 D=0 R=0
[03:15:27]    事件偵測失敗: Expecting value: line 1 column 1 (char 0)
[03:15:27]    🪙 $TRUMP: $2.15 (+2.9%)
[03:15:28]    📊 Polymarket 快照: 384 個市場 (20 事件)
[03:15:28]    📊 Polymarket: 384 個市場已更新
[03:15:28] 驗證 3 個即時預測...
[03:20:33]    📡 三源抓取: CNN:50 → 合計 50 篇
[03:20:47]    沒有新推文
[事件偵測] 掃描最近 5 天的信號模式...
[事件偵測]    最近 5 天的信號:
[事件偵測]    2026-07-17: 0 篇 | T=0 D=0 R=0
[事件偵測]    2026-07-16: 0 篇 | T=0 D=0 R=0
[事件偵測]    2026-07-15: 0 篇 | T=0 D=0 R=0
[事件偵測]    2026-07-14: 0 篇 | T=0 D=0 R=0
[事件偵測]    2026-07-13: 0 篇 | T=0 D=0 R=0
[03:20:47]    事件偵測失敗: Expecting value: line 1 column 1 (char 0)
[03:20:48]    🪙 $TRUMP: $2.15 (+2.3%)
[03:20:49]    📊 Polymarket 快照: 384 個市場 (20 事件)
[03:20:49]    📊 Polymarket: 384 個市場已更新
[03:20:49] 驗證 3 個即時預測...
[03:25:53]    📡 三源抓取: CNN:50 → 合計 50 篇
[03:25:53]    沒有新推文
[事件偵測] 掃描最近 5 天的信號模式...
[事件偵測]    最近 5 天的信號:
[事件偵測]    2026-07-17: 0 篇 | T=0 D=0 R=0
[事件偵測]    2026-07-16: 0 篇 | T=0 D=0 R=0
[事件偵測]    2026-07-15: 0 篇 | T=0 D=0 R=0
[事件偵測]    2026-07-14: 0 篇 | T=0 D=0 R=0
[事件偵測]    2026-07-13: 0 篇 | T=0 D=0 R=0
[03:25:53]    事件偵測失敗: Expecting value: line 1 column 1 (char 0)
[03:25:53]    🪙 $TRUMP: $2.14 (+1.7%)
[03:25:54]    📊 Polymarket 快照: 384 個市場 (20 事件)
[03:25:54]    📊 Polymarket: 384 個市場已更新
[03:25:54] 驗證 3 個即時預測...
[03:30:27] ============================================================
[03:30:27] 🔴 川普密碼 即時閉環引擎
[03:30:27]    監控間隔: 300 秒
[03:30:27] ============================================================
[03:30:27]    ⚠️ CNN Archive 失敗: <urlopen error [Errno -3] Temporary failure in name resolution>
[03:30:27]    ⚠️ trumpstruth.org 失敗: <urlopen error [Errno -3] Temporary failure in name resolution>
[03:30:27] ⚠️ 三個來源都抓不到推文！
[03:30:27]    沒有新推文
[事件偵測] 掃描最近 5 天的信號模式...
[事件偵測]    最近 5 天的信號:
[事件偵測]    2026-07-17: 0 篇 | T=0 D=0 R=0
[事件偵測]    2026-07-16: 0 篇 | T=0 D=0 R=0
[事件偵測]    2026-07-15: 0 篇 | T=0 D=0 R=0
[事件偵測]    2026-07-14: 0 篇 | T=0 D=0 R=0
[事件偵測]    2026-07-13: 0 篇 | T=0 D=0 R=0
[03:30:27]    事件偵測失敗: Expecting value: line 1 column 1 (char 0)
[03:30:27]    ⚠️ $TRUMP 幣價快照失敗: <urlopen error [Errno -3] Temporary failure in name resolution>
[03:30:27]    ⚠️ Polymarket 快照失敗: <urlopen error [Errno 101] Network is unreachable>
[03:30:27] 驗證 3 個即時預測...
[03:30:27]    ⚠️ $TRUMP 幣價快照失敗: <urlopen error [Errno -3] Temporary failure in name resolution>
[03:35:34]    📡 三源抓取: CNN:50 → 合計 50 篇
[03:35:34] 🆕 偵測到 1 篇新推文！
[03:35:35]    📥 寫入 1 篇新推文到 trump_posts_all.json（總計 46122 篇）
[03:35:36]    📊 Polymarket 快照: 384 個市場 (20 事件)
[03:35:36]    🪙 $TRUMP: $2.16 (+2.7%)
[03:35:36]    📝 [03:19] Keep the lights on, sideline Big Brother: Trump EPA rollback could save ratepaye...
[03:35:36]    🚀拉盤 劇本觸發: 他閉嘴（什麼都沒講）
[03:35:36]       歷史: +0.409% | 建議: LONG — 沉默是金
[事件偵測] 掃描最近 5 天的信號模式...
[事件偵測]    最近 5 天的信號:
[事件偵測]    2026-07-17: 0 篇 | T=0 D=0 R=0
[事件偵測]    2026-07-16: 0 篇 | T=0 D=0 R=0
[事件偵測]    2026-07-15: 0 篇 | T=0 D=0 R=0
[事件偵測]    2026-07-14: 0 篇 | T=0 D=0 R=0
[事件偵測]    2026-07-13: 0 篇 | T=0 D=0 R=0
[03:35:36]    事件偵測失敗: Expecting value: line 1 column 1 (char 0)
[03:35:36]    🪙 $TRUMP: $2.16 (+2.7%)
[03:35:36]    📊 Polymarket 快照: 384 個市場 (20 事件)
[03:35:36]    📊 Polymarket: 384 個市場已更新
[03:35:36] 驗證 3 個即時預測...
[03:35:38] 📊 本輪: 1 新推文 | 0 預測 | 0 驗證
[03:40:41]    📡 三源抓取: CNN:50 → 合計 50 篇
[03:40:41]    沒有新推文
[事件偵測] 掃描最近 5 天的信號模式...
[事件偵測]    最近 5 天的信號:
[事件偵測]    2026-07-17: 0 篇 | T=0 D=0 R=0
[事件偵測]    2026-07-16: 0 篇 | T=0 D=0 R=0
[事件偵測]    2026-07-15: 0 篇 | T=0 D=0 R=0
[事件偵測]    2026-07-14: 0 篇 | T=0 D=0 R=0
[事件偵測]    2026-07-13: 0 篇 | T=0 D=0 R=0
[03:40:41]    事件偵測失敗: Expecting value: line 1 column 1 (char 0)
[03:40:41]    🪙 $TRUMP: $2.16 (+2.8%)
[03:40:42]    📊 Polymarket 快照: 384 個市場 (20 事件)
[03:40:42]    📊 Polymarket: 384 個市場已更新
[03:40:42] 驗證 3 個即時預測...
[03:45:49]    📡 三源抓取: CNN:50 → 合計 50 篇
[03:45:49]    沒有新推文
[事件偵測] 掃描最近 5 天的信號模式...
[事件偵測]    最近 5 天的信號:
[事件偵測]    2026-07-17: 0 篇 | T=0 D=0 R=0
[事件偵測]    2026-07-16: 0 篇 | T=0 D=0 R=0
[事件偵測]    2026-07-15: 0 篇 | T=0 D=0 R=0
[事件偵測]    2026-07-14: 0 篇 | T=0 D=0 R=0
[事件偵測]    2026-07-13: 0 篇 | T=0 D=0 R=0
[03:45:49]    事件偵測失敗: Expecting value: line 1 column 1 (char 0)
[03:45:49]    🪙 $TRUMP: $2.15 (+2.7%)
[03:45:50]    📊 Polymarket 快照: 384 個市場 (20 事件)
[03:45:50]    📊 Polymarket: 384 個市場已更新
[03:45:50] 驗證 3 個即時預測...
[03:50:55]    📡 三源抓取: CNN:50 → 合計 50 篇
[03:50:55]    沒有新推文
[事件偵測] 掃描最近 5 天的信號模式...
[事件偵測]    最近 5 天的信號:
[事件偵測]    2026-07-17: 0 篇 | T=0 D=0 R=0
[事件偵測]    2026-07-16: 0 篇 | T=0 D=0 R=0
[事件偵測]    2026-07-15: 0 篇 | T=0 D=0 R=0
[事件偵測]    2026-07-14: 0 篇 | T=0 D=0 R=0
[事件偵測]    2026-07-13: 0 篇 | T=0 D=0 R=0
[03:50:55]    事件偵測失敗: Expecting value: line 1 column 1 (char 0)
[03:50:55]    🪙 $TRUMP: $2.16 (+2.7%)
[03:50:55]    📊 Polymarket 快照: 384 個市場 (20 事件)
[03:50:55]    📊 Polymarket: 384 個市場已更新
[03:50:55] 驗證 3 個即時預測...
[03:56:00]    📡 三源抓取: CNN:50 → 合計 50 篇
[03:56:00]    沒有新推文
[事件偵測] 掃描最近 5 天的信號模式...
[事件偵測]    最近 5 天的信號:
[事件偵測]    2026-07-17: 0 篇 | T=0 D=0 R=0
[事件偵測]    2026-07-16: 0 篇 | T=0 D=0 R=0
[事件偵測]    2026-07-15: 0 篇 | T=0 D=0 R=0
[事件偵測]    2026-07-14: 0 篇 | T=0 D=0 R=0
[事件偵測]    2026-07-13: 0 篇 | T=0 D=0 R=0
[03:56:00]    事件偵測失敗: Expecting value: line 1 column 1 (char 0)
[03:56:00]    🪙 $TRUMP: $2.15 (+2.4%)
[03:56:00]    📊 Polymarket 快照: 384 個市場 (20 事件)
[03:56:00]    📊 Polymarket: 384 個市場已更新
[03:56:00] 驗證 3 個即時預測...
[04:01:04]    📡 三源抓取: CNN:50 → 合計 50 篇
[04:01:04]    沒有新推文
[事件偵測] 掃描最近 5 天的信號模式...
[事件偵測]    最近 5 天的信號:
[事件偵測]    2026-07-17: 0 篇 | T=0 D=0 R=0
[事件偵測]    2026-07-16: 0 篇 | T=0 D=0 R=0
[事件偵測]    2026-07-15: 0 篇 | T=0 D=0 R=0
[事件偵測]    2026-07-14: 0 篇 | T=0 D=0 R=0
[事件偵測]    2026-07-13: 0 篇 | T=0 D=0 R=0
[04:01:04]    事件偵測失敗: Expecting value: line 1 column 1 (char 0)
[04:01:05]    🪙 $TRUMP: $2.16 (+2.9%)
[04:01:05]    📊 Polymarket 快照: 384 個市場 (20 事件)
[04:01:05]    📊 Polymarket: 384 個市場已更新
[04:01:05] 驗證 3 個即時預測...
[04:06:09]    📡 三源抓取: CNN:50 → 合計 50 篇
[04:06:09]    沒有新推文
[事件偵測] 掃描最近 5 天的信號模式...
[事件偵測]    最近 5 天的信號:
[事件偵測]    2026-07-17: 0 篇 | T=0 D=0 R=0
[事件偵測]    2026-07-16: 0 篇 | T=0 D=0 R=0
[事件偵測]    2026-07-15: 0 篇 | T=0 D=0 R=0
[事件偵測]    2026-07-14: 0 篇 | T=0 D=0 R=0
[事件偵測]    2026-07-13: 0 篇 | T=0 D=0 R=0
[04:06:09]    事件偵測失敗: Expecting value: line 1 column 1 (char 0)
[04:06:09]    🪙 $TRUMP: $2.17 (+3.9%)
[04:06:09]    📊 Polymarket 快照: 384 個市場 (20 事件)
[04:06:09]    📊 Polymarket: 384 個市場已更新
[04:06:09] 驗證 3 個即時預測...
[04:11:15]    📡 三源抓取: CNN:50 → 合計 50 篇
[04:11:15]    沒有新推文
[事件偵測] 掃描最近 5 天的信號模式...
[事件偵測]    最近 5 天的信號:
[事件偵測]    2026-07-17: 0 篇 | T=0 D=0 R=0
[事件偵測]    2026-07-16: 0 篇 | T=0 D=0 R=0
[事件偵測]    2026-07-15: 0 篇 | T=0 D=0 R=0
[事件偵測]    2026-07-14: 0 篇 | T=0 D=0 R=0
[事件偵測]    2026-07-13: 0 篇 | T=0 D=0 R=0
[04:11:15]    事件偵測失敗: Expecting value: line 1 column 1 (char 0)
[04:11:15]    🪙 $TRUMP: $2.18 (+4.5%)
[04:11:15]    📊 Polymarket 快照: 384 個市場 (20 事件)
[04:11:15]    📊 Polymarket: 384 個市場已更新
[04:11:15] 驗證 3 個即時預測...
[04:16:29]    📡 三源抓取: CNN:50 → 合計 50 篇
[04:16:29]    沒有新推文
[事件偵測] 掃描最近 5 天的信號模式...
[事件偵測]    最近 5 天的信號:
[事件偵測]    2026-07-17: 0 篇 | T=0 D=0 R=0
[事件偵測]    2026-07-16: 0 篇 | T=0 D=0 R=0
[事件偵測]    2026-07-15: 0 篇 | T=0 D=0 R=0
[事件偵測]    2026-07-14: 0 篇 | T=0 D=0 R=0
[事件偵測]    2026-07-13: 0 篇 | T=0 D=0 R=0
[04:16:29]    事件偵測失敗: Expecting value: line 1 column 1 (char 0)
[04:16:29]    🪙 $TRUMP: $2.18 (+4.6%)
[04:16:30]    📊 Polymarket 快照: 384 個市場 (20 事件)
[04:16:30]    📊 Polymarket: 384 個市場已更新
[04:16:30] 驗證 3 個即時預測...
[04:21:33]    📡 三源抓取: CNN:50 → 合計 50 篇
[04:21:33] 🆕 偵測到 1 篇新推文！
[04:21:34]    📥 寫入 1 篇新推文到 trump_posts_all.json（總計 46123 篇）
[04:21:35]    📊 Polymarket 快照: 384 個市場 (20 事件)
[04:21:35]    🪙 $TRUMP: $2.18 (+4.6%)
[04:21:35]    📝 [04:00] Thanks Johnny. You are a total winner! President DJTSPORTS MLB Legend Johnny Dam...
[04:21:35]    🚀拉盤 劇本觸發: 他閉嘴（什麼都沒講）
[04:21:35]       歷史: +0.409% | 建議: LONG — 沉默是金
[事件偵測] 掃描最近 5 天的信號模式...
[事件偵測]    最近 5 天的信號:
[事件偵測]    2026-07-17: 0 篇 | T=0 D=0 R=0
[事件偵測]    2026-07-16: 0 篇 | T=0 D=0 R=0
[事件偵測]    2026-07-15: 0 篇 | T=0 D=0 R=0
[事件偵測]    2026-07-14: 0 篇 | T=0 D=0 R=0
[事件偵測]    2026-07-13: 0 篇 | T=0 D=0 R=0
[04:21:35]    事件偵測失敗: Expecting value: line 1 column 1 (char 0)
[04:21:35]    🪙 $TRUMP: $2.18 (+4.6%)
[04:21:35]    📊 Polymarket 快照: 384 個市場 (20 事件)
[04:21:35]    📊 Polymarket: 384 個市場已更新
[04:21:35] 驗證 3 個即時預測...
[04:21:37] 📊 本輪: 1 新推文 | 0 預測 | 0 驗證
[04:26:39]    📡 三源抓取: CNN:50 → 合計 50 篇
[04:26:39]    沒有新推文
[事件偵測] 掃描最近 5 天的信號模式...
[事件偵測]    最近 5 天的信號:
[事件偵測]    2026-07-17: 0 篇 | T=0 D=0 R=0
[事件偵測]    2026-07-16: 0 篇 | T=0 D=0 R=0
[事件偵測]    2026-07-15: 0 篇 | T=0 D=0 R=0
[事件偵測]    2026-07-14: 0 篇 | T=0 D=0 R=0
[事件偵測]    2026-07-13: 0 篇 | T=0 D=0 R=0
[04:26:39]    事件偵測失敗: Expecting value: line 1 column 1 (char 0)
[04:26:40]    🪙 $TRUMP: $2.18 (+4.7%)
[04:26:40]    📊 Polymarket 快照: 384 個市場 (20 事件)
[04:26:40]    📊 Polymarket: 384 個市場已更新
[04:26:40] 驗證 3 個即時預測...
[04:31:44]    📡 三源抓取: CNN:50 → 合計 50 篇
[04:31:44]    沒有新推文
[事件偵測] 掃描最近 5 天的信號模式...
[事件偵測]    最近 5 天的信號:
[事件偵測]    2026-07-17: 0 篇 | T=0 D=0 R=0
[事件偵測]    2026-07-16: 0 篇 | T=0 D=0 R=0
[事件偵測]    2026-07-15: 0 篇 | T=0 D=0 R=0
[事件偵測]    2026-07-14: 0 篇 | T=0 D=0 R=0
[事件偵測]    2026-07-13: 0 篇 | T=0 D=0 R=0
[04:31:44]    事件偵測失敗: Expecting value: line 1 column 1 (char 0)
[04:31:44]    🪙 $TRUMP: $2.19 (+4.8%)
[04:31:44]    📊 Polymarket 快照: 384 個市場 (20 事件)
[04:31:44]    📊 Polymarket: 384 個市場已更新
[04:31:44] 驗證 3 個即時預測...
[04:36:49]    📡 三源抓取: CNN:50 → 合計 50 篇
[04:36:49]    沒有新推文
[事件偵測] 掃描最近 5 天的信號模式...
[事件偵測]    最近 5 天的信號:
[事件偵測]    2026-07-17: 0 篇 | T=0 D=0 R=0
[事件偵測]    2026-07-16: 0 篇 | T=0 D=0 R=0
[事件偵測]    2026-07-15: 0 篇 | T=0 D=0 R=0
[事件偵測]    2026-07-14: 0 篇 | T=0 D=0 R=0
[事件偵測]    2026-07-13: 0 篇 | T=0 D=0 R=0
[04:36:49]    事件偵測失敗: Expecting value: line 1 column 1 (char 0)
[04:36:49]    🪙 $TRUMP: $2.17 (+3.7%)
[04:36:49]    📊 Polymarket 快照: 384 個市場 (20 事件)
[04:36:49]    📊 Polymarket: 384 個市場已更新
[04:36:49] 驗證 3 個即時預測...
[04:41:53]    📡 三源抓取: CNN:50 → 合計 50 篇
[04:41:53]    沒有新推文
[事件偵測] 掃描最近 5 天的信號模式...
[事件偵測]    最近 5 天的信號:
[事件偵測]    2026-07-17: 0 篇 | T=0 D=0 R=0
[事件偵測]    2026-07-16: 0 篇 | T=0 D=0 R=0
[事件偵測]    2026-07-15: 0 篇 | T=0 D=0 R=0
[事件偵測]    2026-07-14: 0 篇 | T=0 D=0 R=0
[事件偵測]    2026-07-13: 0 篇 | T=0 D=0 R=0
[04:41:53]    事件偵測失敗: Expecting value: line 1 column 1 (char 0)
[04:41:54]    🪙 $TRUMP: $2.17 (+3.3%)
[04:41:54]    📊 Polymarket 快照: 384 個市場 (20 事件)
[04:41:54]    📊 Polymarket: 384 個市場已更新
[04:41:54] 驗證 3 個即時預測...
[04:46:57]    📡 三源抓取: CNN:50 → 合計 50 篇
[04:46:57]    沒有新推文
[事件偵測] 掃描最近 5 天的信號模式...
[事件偵測]    最近 5 天的信號:
[事件偵測]    2026-07-17: 0 篇 | T=0 D=0 R=0
[事件偵測]    2026-07-16: 0 篇 | T=0 D=0 R=0
[事件偵測]    2026-07-15: 0 篇 | T=0 D=0 R=0
[事件偵測]    2026-07-14: 0 篇 | T=0 D=0 R=0
[事件偵測]    2026-07-13: 0 篇 | T=0 D=0 R=0
[04:46:57]    事件偵測失敗: Expecting value: line 1 column 1 (char 0)
[04:46:58]    🪙 $TRUMP: $2.17 (+3.3%)
[04:46:58]    📊 Polymarket 快照: 384 個市場 (20 事件)
[04:46:58]    📊 Polymarket: 384 個市場已更新
[04:46:58] 驗證 3 個即時預測...
[04:52:02]    📡 三源抓取: CNN:50 → 合計 50 篇
[04:52:02]    沒有新推文
[事件偵測] 掃描最近 5 天的信號模式...
[事件偵測]    最近 5 天的信號:
[事件偵測]    2026-07-17: 0 篇 | T=0 D=0 R=0
[事件偵測]    2026-07-16: 0 篇 | T=0 D=0 R=0
[事件偵測]    2026-07-15: 0 篇 | T=0 D=0 R=0
[事件偵測]    2026-07-14: 0 篇 | T=0 D=0 R=0
[事件偵測]    2026-07-13: 0 篇 | T=0 D=0 R=0
[04:52:02]    事件偵測失敗: Expecting value: line 1 column 1 (char 0)
[04:52:02]    🪙 $TRUMP: $2.16 (+2.9%)
[04:52:03]    📊 Polymarket 快照: 384 個市場 (20 事件)
[04:52:03]    📊 Polymarket: 384 個市場已更新
[04:52:03] 驗證 3 個即時預測...
[04:57:07]    📡 三源抓取: CNN:50 → 合計 50 篇
[04:57:07]    沒有新推文
[事件偵測] 掃描最近 5 天的信號模式...
[事件偵測]    最近 5 天的信號:
[事件偵測]    2026-07-17: 0 篇 | T=0 D=0 R=0
[事件偵測]    2026-07-16: 0 篇 | T=0 D=0 R=0
[事件偵測]    2026-07-15: 0 篇 | T=0 D=0 R=0
[事件偵測]    2026-07-14: 0 篇 | T=0 D=0 R=0
[事件偵測]    2026-07-13: 0 篇 | T=0 D=0 R=0
[04:57:07]    事件偵測失敗: Expecting value: line 1 column 1 (char 0)
[04:57:07]    🪙 $TRUMP: $2.16 (+3.3%)
[04:57:08]    📊 Polymarket 快照: 384 個市場 (20 事件)
[04:57:08]    📊 Polymarket: 384 個市場已更新
[04:57:08] 驗證 3 個即時預測...
[05:02:11]    📡 三源抓取: CNN:50 → 合計 50 篇
[05:02:11]    沒有新推文
[事件偵測] 掃描最近 5 天的信號模式...
[事件偵測]    最近 5 天的信號:
[事件偵測]    2026-07-17: 0 篇 | T=0 D=0 R=0
[事件偵測]    2026-07-16: 0 篇 | T=0 D=0 R=0
[事件偵測]    2026-07-15: 0 篇 | T=0 D=0 R=0
[事件偵測]    2026-07-14: 0 篇 | T=0 D=0 R=0
[事件偵測]    2026-07-13: 0 篇 | T=0 D=0 R=0
[05:02:11]    事件偵測失敗: Expecting value: line 1 column 1 (char 0)
[05:02:12]    🪙 $TRUMP: $2.15 (+2.9%)
[05:02:12]    📊 Polymarket 快照: 384 個市場 (20 事件)
[05:02:12]    📊 Polymarket: 384 個市場已更新
[05:02:12] 驗證 3 個即時預測...
[05:07:16]    📡 三源抓取: CNN:50 → 合計 50 篇
[05:07:16]    沒有新推文
[事件偵測] 掃描最近 5 天的信號模式...
[事件偵測]    最近 5 天的信號:
[事件偵測]    2026-07-17: 0 篇 | T=0 D=0 R=0
[事件偵測]    2026-07-16: 0 篇 | T=0 D=0 R=0
[事件偵測]    2026-07-15: 0 篇 | T=0 D=0 R=0
[事件偵測]    2026-07-14: 0 篇 | T=0 D=0 R=0
[事件偵測]    2026-07-13: 0 篇 | T=0 D=0 R=0
[05:07:16]    事件偵測失敗: Expecting value: line 1 column 1 (char 0)
[05:07:17]    🪙 $TRUMP: $2.15 (+3.3%)
[05:07:17]    📊 Polymarket 快照: 384 個市場 (20 事件)
[05:07:17]    📊 Polymarket: 384 個市場已更新
[05:07:17] 驗證 3 個即時預測...
[05:12:21]    📡 三源抓取: CNN:50 → 合計 50 篇
[05:12:21]    沒有新推文
[事件偵測] 掃描最近 5 天的信號模式...
[事件偵測]    最近 5 天的信號:
[事件偵測]    2026-07-17: 0 篇 | T=0 D=0 R=0
[事件偵測]    2026-07-16: 0 篇 | T=0 D=0 R=0
[事件偵測]    2026-07-15: 0 篇 | T=0 D=0 R=0
[事件偵測]    2026-07-14: 0 篇 | T=0 D=0 R=0
[事件偵測]    2026-07-13: 0 篇 | T=0 D=0 R=0
[05:12:21]    事件偵測失敗: Expecting value: line 1 column 1 (char 0)
[05:12:21]    🪙 $TRUMP: $2.15 (+3.5%)
[05:12:21]    📊 Polymarket 快照: 384 個市場 (20 事件)
[05:12:21]    📊 Polymarket: 384 個市場已更新
[05:12:21] 驗證 3 個即時預測...
[05:17:25]    📡 三源抓取: CNN:50 → 合計 50 篇
[05:17:25]    沒有新推文
[事件偵測] 掃描最近 5 天的信號模式...
[事件偵測]    最近 5 天的信號:
[事件偵測]    2026-07-17: 0 篇 | T=0 D=0 R=0
[事件偵測]    2026-07-16: 0 篇 | T=0 D=0 R=0
[事件偵測]    2026-07-15: 0 篇 | T=0 D=0 R=0
[事件偵測]    2026-07-14: 0 篇 | T=0 D=0 R=0
[事件偵測]    2026-07-13: 0 篇 | T=0 D=0 R=0
[05:17:25]    事件偵測失敗: Expecting value: line 1 column 1 (char 0)
[05:17:26]    🪙 $TRUMP: $2.14 (+3.0%)
[05:17:26]    📊 Polymarket 快照: 384 個市場 (20 事件)
[05:17:26]    📊 Polymarket: 384 個市場已更新
[05:17:26] 驗證 2 個即時預測...
[05:22:30]    📡 三源抓取: CNN:50 → 合計 50 篇
[05:22:30]    沒有新推文
[事件偵測] 掃描最近 5 天的信號模式...
[事件偵測]    最近 5 天的信號:
[事件偵測]    2026-07-17: 0 篇 | T=0 D=0 R=0
[事件偵測]    2026-07-16: 0 篇 | T=0 D=0 R=0
[事件偵測]    2026-07-15: 0 篇 | T=0 D=0 R=0
[事件偵測]    2026-07-14: 0 篇 | T=0 D=0 R=0
[事件偵測]    2026-07-13: 0 篇 | T=0 D=0 R=0
[05:22:30]    事件偵測失敗: Expecting value: line 1 column 1 (char 0)
[05:22:30]    🪙 $TRUMP: $2.13 (+1.9%)
[05:22:30]    📊 Polymarket 快照: 384 個市場 (20 事件)
[05:22:30]    📊 Polymarket: 384 個市場已更新
[05:22:30] 驗證 2 個即時預測...
[05:27:34]    📡 三源抓取: CNN:50 → 合計 50 篇
[05:27:34]    沒有新推文
[事件偵測] 掃描最近 5 天的信號模式...
[事件偵測]    最近 5 天的信號:
[事件偵測]    2026-07-17: 0 篇 | T=0 D=0 R=0
[事件偵測]    2026-07-16: 0 篇 | T=0 D=0 R=0
[事件偵測]    2026-07-15: 0 篇 | T=0 D=0 R=0
[事件偵測]    2026-07-14: 0 篇 | T=0 D=0 R=0
[事件偵測]    2026-07-13: 0 篇 | T=0 D=0 R=0
[05:27:34]    事件偵測失敗: Expecting value: line 1 column 1 (char 0)
[05:27:34]    🪙 $TRUMP: $2.12 (+1.7%)
[05:27:35]    📊 Polymarket 快照: 384 個市場 (20 事件)
[05:27:35]    📊 Polymarket: 384 個市場已更新
[05:27:35] 驗證 2 個即時預測...
[05:32:38]    📡 三源抓取: CNN:50 → 合計 50 篇
[05:32:38]    沒有新推文
[事件偵測] 掃描最近 5 天的信號模式...
[事件偵測]    最近 5 天的信號:
[事件偵測]    2026-07-17: 0 篇 | T=0 D=0 R=0
[事件偵測]    2026-07-16: 0 篇 | T=0 D=0 R=0
[事件偵測]    2026-07-15: 0 篇 | T=0 D=0 R=0
[事件偵測]    2026-07-14: 0 篇 | T=0 D=0 R=0
[事件偵測]    2026-07-13: 0 篇 | T=0 D=0 R=0
[05:32:38]    事件偵測失敗: Expecting value: line 1 column 1 (char 0)
[05:32:38]    🪙 $TRUMP: $2.12 (+1.4%)
[05:32:39]    📊 Polymarket 快照: 384 個市場 (20 事件)
[05:32:39]    📊 Polymarket: 384 個市場已更新
[05:32:39] 驗證 2 個即時預測...
[05:37:42]    📡 三源抓取: CNN:50 → 合計 50 篇
[05:37:42]    沒有新推文
[事件偵測] 掃描最近 5 天的信號模式...
[事件偵測]    最近 5 天的信號:
[事件偵測]    2026-07-17: 0 篇 | T=0 D=0 R=0
[事件偵測]    2026-07-16: 0 篇 | T=0 D=0 R=0
[事件偵測]    2026-07-15: 0 篇 | T=0 D=0 R=0
[事件偵測]    2026-07-14: 0 篇 | T=0 D=0 R=0
[事件偵測]    2026-07-13: 0 篇 | T=0 D=0 R=0
[05:37:42]    事件偵測失敗: Expecting value: line 1 column 1 (char 0)
[05:37:42]    🪙 $TRUMP: $2.13 (+1.6%)
[05:37:42]    📊 Polymarket 快照: 384 個市場 (20 事件)
[05:37:42]    📊 Polymarket: 384 個市場已更新
[05:37:42] 驗證 2 個即時預測...
[05:42:46]    📡 三源抓取: CNN:50 → 合計 50 篇
[05:42:46]    沒有新推文
[事件偵測] 掃描最近 5 天的信號模式...
[事件偵測]    最近 5 天的信號:
[事件偵測]    2026-07-17: 0 篇 | T=0 D=0 R=0
[事件偵測]    2026-07-16: 0 篇 | T=0 D=0 R=0
[事件偵測]    2026-07-15: 0 篇 | T=0 D=0 R=0
[事件偵測]    2026-07-14: 0 篇 | T=0 D=0 R=0
[事件偵測]    2026-07-13: 0 篇 | T=0 D=0 R=0
[05:42:46]    事件偵測失敗: Expecting value: line 1 column 1 (char 0)
[05:42:46]    🪙 $TRUMP: $2.14 (+2.5%)
[05:42:47]    📊 Polymarket 快照: 396 個市場 (20 事件)
[05:42:47]    📊 Polymarket: 396 個市場已更新
[05:42:47] 驗證 2 個即時預測...
[05:47:50]    📡 三源抓取: CNN:50 → 合計 50 篇
[05:47:50]    沒有新推文
[事件偵測] 掃描最近 5 天的信號模式...
[事件偵測]    最近 5 天的信號:
[事件偵測]    2026-07-17: 0 篇 | T=0 D=0 R=0
[事件偵測]    2026-07-16: 0 篇 | T=0 D=0 R=0
[事件偵測]    2026-07-15: 0 篇 | T=0 D=0 R=0
[事件偵測]    2026-07-14: 0 篇 | T=0 D=0 R=0
[事件偵測]    2026-07-13: 0 篇 | T=0 D=0 R=0
[05:47:50]    事件偵測失敗: Expecting value: line 1 column 1 (char 0)
[05:47:51]    🪙 $TRUMP: $2.15 (+2.9%)
[05:47:51]    📊 Polymarket 快照: 396 個市場 (20 事件)
[05:47:51]    📊 Polymarket: 396 個市場已更新
[05:47:51] 驗證 2 個即時預測...
[05:52:54]    📡 三源抓取: CNN:50 → 合計 50 篇
[05:52:54]    沒有新推文
[事件偵測] 掃描最近 5 天的信號模式...
[事件偵測]    最近 5 天的信號:
[事件偵測]    2026-07-17: 0 篇 | T=0 D=0 R=0
[事件偵測]    2026-07-16: 0 篇 | T=0 D=0 R=0
[事件偵測]    2026-07-15: 0 篇 | T=0 D=0 R=0
[事件偵測]    2026-07-14: 0 篇 | T=0 D=0 R=0
[事件偵測]    2026-07-13: 0 篇 | T=0 D=0 R=0
[05:52:54]    事件偵測失敗: Expecting value: line 1 column 1 (char 0)
[05:52:54]    🪙 $TRUMP: $2.16 (+3.6%)
[05:52:55]    📊 Polymarket 快照: 396 個市場 (20 事件)
[05:52:55]    📊 Polymarket: 396 個市場已更新
[05:52:55] 驗證 2 個即時預測...
[05:57:58]    📡 三源抓取: CNN:50 → 合計 50 篇
[05:57:58]    沒有新推文
[事件偵測] 掃描最近 5 天的信號模式...
[事件偵測]    最近 5 天的信號:
[事件偵測]    2026-07-17: 0 篇 | T=0 D=0 R=0
[事件偵測]    2026-07-16: 0 篇 | T=0 D=0 R=0
[事件偵測]    2026-07-15: 0 篇 | T=0 D=0 R=0
[事件偵測]    2026-07-14: 0 篇 | T=0 D=0 R=0
[事件偵測]    2026-07-13: 0 篇 | T=0 D=0 R=0
[05:57:58]    事件偵測失敗: Expecting value: line 1 column 1 (char 0)
[05:57:59]    🪙 $TRUMP: $2.15 (+3.5%)
[05:57:59]    📊 Polymarket 快照: 396 個市場 (20 事件)
[05:57:59]    📊 Polymarket: 396 個市場已更新
[05:57:59] 驗證 2 個即時預測...
[06:03:02]    📡 三源抓取: CNN:50 → 合計 50 篇
[06:03:02]    沒有新推文
[事件偵測] 掃描最近 5 天的信號模式...
[事件偵測]    最近 5 天的信號:
[事件偵測]    2026-07-17: 0 篇 | T=0 D=0 R=0
[事件偵測]    2026-07-16: 0 篇 | T=0 D=0 R=0
[事件偵測]    2026-07-15: 0 篇 | T=0 D=0 R=0
[事件偵測]    2026-07-14: 0 篇 | T=0 D=0 R=0
[事件偵測]    2026-07-13: 0 篇 | T=0 D=0 R=0
[06:03:02]    事件偵測失敗: Expecting value: line 1 column 1 (char 0)
[06:03:03]    🪙 $TRUMP: $2.15 (+3.4%)
[06:03:03]    📊 Polymarket 快照: 396 個市場 (20 事件)
[06:03:03]    📊 Polymarket: 396 個市場已更新
[06:03:03] 驗證 2 個即時預測...
[06:08:07]    📡 三源抓取: CNN:50 → 合計 50 篇
[06:08:07]    沒有新推文
[事件偵測] 掃描最近 5 天的信號模式...
[事件偵測]    最近 5 天的信號:
[事件偵測]    2026-07-17: 0 篇 | T=0 D=0 R=0
[事件偵測]    2026-07-16: 0 篇 | T=0 D=0 R=0
[事件偵測]    2026-07-15: 0 篇 | T=0 D=0 R=0
[事件偵測]    2026-07-14: 0 篇 | T=0 D=0 R=0
[事件偵測]    2026-07-13: 0 篇 | T=0 D=0 R=0
[06:08:07]    事件偵測失敗: Expecting value: line 1 column 1 (char 0)
[06:08:07]    🪙 $TRUMP: $2.14 (+2.9%)
[06:08:08]    📊 Polymarket 快照: 396 個市場 (20 事件)
[06:08:08]    📊 Polymarket: 396 個市場已更新
[06:08:08] 驗證 2 個即時預測...
[06:13:11]    📡 三源抓取: CNN:50 → 合計 50 篇
[06:13:11]    沒有新推文
[事件偵測] 掃描最近 5 天的信號模式...
[事件偵測]    最近 5 天的信號:
[事件偵測]    2026-07-17: 0 篇 | T=0 D=0 R=0
[事件偵測]    2026-07-16: 0 篇 | T=0 D=0 R=0
[事件偵測]    2026-07-15: 0 篇 | T=0 D=0 R=0
[事件偵測]    2026-07-14: 0 篇 | T=0 D=0 R=0
[事件偵測]    2026-07-13: 0 篇 | T=0 D=0 R=0
[06:13:11]    事件偵測失敗: Expecting value: line 1 column 1 (char 0)
[06:13:11]    🪙 $TRUMP: $2.14 (+3.0%)
[06:13:11]    📊 Polymarket 快照: 396 個市場 (20 事件)
[06:13:11]    📊 Polymarket: 396 個市場已更新
[06:13:11] 驗證 2 個即時預測...
[06:18:15]    📡 三源抓取: CNN:50 → 合計 50 篇
[06:18:18]    沒有新推文
[事件偵測] 掃描最近 5 天的信號模式...
[事件偵測]    最近 5 天的信號:
[事件偵測]    2026-07-17: 0 篇 | T=0 D=0 R=0
[事件偵測]    2026-07-16: 0 篇 | T=0 D=0 R=0
[事件偵測]    2026-07-15: 0 篇 | T=0 D=0 R=0
[事件偵測]    2026-07-14: 0 篇 | T=0 D=0 R=0
[事件偵測]    2026-07-13: 0 篇 | T=0 D=0 R=0
[06:18:18]    事件偵測失敗: Expecting value: line 1 column 1 (char 0)
[06:18:18]    🪙 $TRUMP: $2.14 (+2.4%)
[06:18:19]    📊 Polymarket 快照: 396 個市場 (20 事件)
[06:18:19]    📊 Polymarket: 396 個市場已更新
[06:18:19] 驗證 2 個即時預測...
[06:23:23]    📡 三源抓取: CNN:50 → 合計 50 篇
[06:23:23]    沒有新推文
[事件偵測] 掃描最近 5 天的信號模式...
[事件偵測]    最近 5 天的信號:
[事件偵測]    2026-07-17: 0 篇 | T=0 D=0 R=0
[事件偵測]    2026-07-16: 0 篇 | T=0 D=0 R=0
[事件偵測]    2026-07-15: 0 篇 | T=0 D=0 R=0
[事件偵測]    2026-07-14: 0 篇 | T=0 D=0 R=0
[事件偵測]    2026-07-13: 0 篇 | T=0 D=0 R=0
[06:23:23]    事件偵測失敗: Expecting value: line 1 column 1 (char 0)
[06:23:23]    🪙 $TRUMP: $2.14 (+2.0%)
[06:23:23]    📊 Polymarket 快照: 396 個市場 (20 事件)
[06:23:23]    📊 Polymarket: 396 個市場已更新
[06:23:23] 驗證 2 個即時預測...
[06:28:27]    📡 三源抓取: CNN:50 → 合計 50 篇
[06:28:27]    沒有新推文
[事件偵測] 掃描最近 5 天的信號模式...
[事件偵測]    最近 5 天的信號:
[事件偵測]    2026-07-17: 0 篇 | T=0 D=0 R=0
[事件偵測]    2026-07-16: 0 篇 | T=0 D=0 R=0
[事件偵測]    2026-07-15: 0 篇 | T=0 D=0 R=0
[事件偵測]    2026-07-14: 0 篇 | T=0 D=0 R=0
[事件偵測]    2026-07-13: 0 篇 | T=0 D=0 R=0
[06:28:27]    事件偵測失敗: Expecting value: line 1 column 1 (char 0)
[06:28:27]    🪙 $TRUMP: $2.13 (+1.7%)
[06:28:28]    📊 Polymarket 快照: 396 個市場 (20 事件)
[06:28:28]    📊 Polymarket: 396 個市場已更新
[06:28:28] 驗證 2 個即時預測...
[06:33:31]    📡 三源抓取: CNN:50 → 合計 50 篇
[06:33:31]    沒有新推文
[事件偵測] 掃描最近 5 天的信號模式...
[事件偵測]    最近 5 天的信號:
[事件偵測]    2026-07-17: 0 篇 | T=0 D=0 R=0
[事件偵測]    2026-07-16: 0 篇 | T=0 D=0 R=0
[事件偵測]    2026-07-15: 0 篇 | T=0 D=0 R=0
[事件偵測]    2026-07-14: 0 篇 | T=0 D=0 R=0
[事件偵測]    2026-07-13: 0 篇 | T=0 D=0 R=0
[06:33:31]    事件偵測失敗: Expecting value: line 1 column 1 (char 0)
[06:33:31]    🪙 $TRUMP: $2.14 (+2.1%)
[06:33:31]    📊 Polymarket 快照: 396 個市場 (20 事件)
[06:33:31]    📊 Polymarket: 396 個市場已更新
[06:33:31] 驗證 2 個即時預測...
[06:38:35]    📡 三源抓取: CNN:50 → 合計 50 篇
[06:38:35]    沒有新推文
[事件偵測] 掃描最近 5 天的信號模式...
[事件偵測]    最近 5 天的信號:
[事件偵測]    2026-07-17: 0 篇 | T=0 D=0 R=0
[事件偵測]    2026-07-16: 0 篇 | T=0 D=0 R=0
[事件偵測]    2026-07-15: 0 篇 | T=0 D=0 R=0
[事件偵測]    2026-07-14: 0 篇 | T=0 D=0 R=0
[事件偵測]    2026-07-13: 0 篇 | T=0 D=0 R=0
[06:38:35]    事件偵測失敗: Expecting value: line 1 column 1 (char 0)
[06:38:35]    🪙 $TRUMP: $2.15 (+2.7%)
[06:38:35]    📊 Polymarket 快照: 396 個市場 (20 事件)
[06:38:35]    📊 Polymarket: 396 個市場已更新
[06:38:35] 驗證 2 個即時預測...
[06:43:39]    📡 三源抓取: CNN:50 → 合計 50 篇
[06:43:39]    沒有新推文
[事件偵測] 掃描最近 5 天的信號模式...
[事件偵測]    最近 5 天的信號:
[事件偵測]    2026-07-17: 0 篇 | T=0 D=0 R=0
[事件偵測]    2026-07-16: 0 篇 | T=0 D=0 R=0
[事件偵測]    2026-07-15: 0 篇 | T=0 D=0 R=0
[事件偵測]    2026-07-14: 0 篇 | T=0 D=0 R=0
[事件偵測]    2026-07-13: 0 篇 | T=0 D=0 R=0
[06:43:39]    事件偵測失敗: Expecting value: line 1 column 1 (char 0)
[06:43:39]    🪙 $TRUMP: $2.15 (+3.0%)
[06:43:40]    📊 Polymarket 快照: 396 個市場 (20 事件)
[06:43:40]    📊 Polymarket: 396 個市場已更新
[06:43:40] 驗證 2 個即時預測...
[06:48:43]    📡 三源抓取: CNN:50 → 合計 50 篇
[06:48:43]    沒有新推文
[事件偵測] 掃描最近 5 天的信號模式...
[事件偵測]    最近 5 天的信號:
[事件偵測]    2026-07-17: 0 篇 | T=0 D=0 R=0
[事件偵測]    2026-07-16: 0 篇 | T=0 D=0 R=0
[事件偵測]    2026-07-15: 0 篇 | T=0 D=0 R=0
[事件偵測]    2026-07-14: 0 篇 | T=0 D=0 R=0
[事件偵測]    2026-07-13: 0 篇 | T=0 D=0 R=0
[06:48:43]    事件偵測失敗: Expecting value: line 1 column 1 (char 0)
[06:48:44]    🪙 $TRUMP: $2.15 (+2.9%)
[06:48:44]    📊 Polymarket 快照: 396 個市場 (20 事件)
[06:48:44]    📊 Polymarket: 396 個市場已更新
[06:48:44] 驗證 2 個即時預測...
[06:53:47]    📡 三源抓取: CNN:50 → 合計 50 篇
[06:53:47]    沒有新推文
[事件偵測] 掃描最近 5 天的信號模式...
[事件偵測]    最近 5 天的信號:
[事件偵測]    2026-07-17: 0 篇 | T=0 D=0 R=0
[事件偵測]    2026-07-16: 0 篇 | T=0 D=0 R=0
[事件偵測]    2026-07-15: 0 篇 | T=0 D=0 R=0
[事件偵測]    2026-07-14: 0 篇 | T=0 D=0 R=0
[事件偵測]    2026-07-13: 0 篇 | T=0 D=0 R=0
[06:53:47]    事件偵測失敗: Expecting value: line 1 column 1 (char 0)
[06:53:48]    🪙 $TRUMP: $2.15 (+3.0%)
[06:53:48]    📊 Polymarket 快照: 396 個市場 (20 事件)
[06:53:48]    📊 Polymarket: 396 個市場已更新
[06:53:48] 驗證 2 個即時預測...
[06:58:52]    📡 三源抓取: CNN:50 → 合計 50 篇
[06:58:52]    沒有新推文
[事件偵測] 掃描最近 5 天的信號模式...
[事件偵測]    最近 5 天的信號:
[事件偵測]    2026-07-17: 0 篇 | T=0 D=0 R=0
[事件偵測]    2026-07-16: 0 篇 | T=0 D=0 R=0
[事件偵測]    2026-07-15: 0 篇 | T=0 D=0 R=0
[事件偵測]    2026-07-14: 0 篇 | T=0 D=0 R=0
[事件偵測]    2026-07-13: 0 篇 | T=0 D=0 R=0
[06:58:52]    事件偵測失敗: Expecting value: line 1 column 1 (char 0)
[06:58:52]    🪙 $TRUMP: $2.15 (+3.1%)
[06:58:52]    📊 Polymarket 快照: 396 個市場 (20 事件)
[06:58:52]    📊 Polymarket: 396 個市場已更新
[06:58:52] 驗證 2 個即時預測...
[07:03:55]    📡 三源抓取: CNN:50 → 合計 50 篇
[07:03:55]    沒有新推文
[事件偵測] 掃描最近 5 天的信號模式...
[事件偵測]    最近 5 天的信號:
[事件偵測]    2026-07-17: 0 篇 | T=0 D=0 R=0
[事件偵測]    2026-07-16: 0 篇 | T=0 D=0 R=0
[事件偵測]    2026-07-15: 0 篇 | T=0 D=0 R=0
[事件偵測]    2026-07-14: 0 篇 | T=0 D=0 R=0
[事件偵測]    2026-07-13: 0 篇 | T=0 D=0 R=0
[07:03:55]    事件偵測失敗: Expecting value: line 1 column 1 (char 0)
[07:03:56]    🪙 $TRUMP: $2.14 (+2.7%)
[07:03:56]    📊 Polymarket 快照: 396 個市場 (20 事件)
[07:03:56]    📊 Polymarket: 396 個市場已更新
[07:03:56] 驗證 2 個即時預測...
[07:09:00]    📡 三源抓取: CNN:50 → 合計 50 篇
[07:09:00]    沒有新推文
[事件偵測] 掃描最近 5 天的信號模式...
[事件偵測]    最近 5 天的信號:
[事件偵測]    2026-07-17: 0 篇 | T=0 D=0 R=0
[事件偵測]    2026-07-16: 0 篇 | T=0 D=0 R=0
[事件偵測]    2026-07-15: 0 篇 | T=0 D=0 R=0
[事件偵測]    2026-07-14: 0 篇 | T=0 D=0 R=0
[事件偵測]    2026-07-13: 0 篇 | T=0 D=0 R=0
[07:09:00]    事件偵測失敗: Expecting value: line 1 column 1 (char 0)
[07:09:00]    🪙 $TRUMP: $2.14 (+3.0%)
[07:09:00]    📊 Polymarket 快照: 396 個市場 (20 事件)
[07:09:00]    📊 Polymarket: 396 個市場已更新
[07:09:00] 驗證 2 個即時預測...
[07:14:03]    📡 三源抓取: CNN:50 → 合計 50 篇
[07:14:03]    沒有新推文
[事件偵測] 掃描最近 5 天的信號模式...
[事件偵測]    最近 5 天的信號:
[事件偵測]    2026-07-17: 0 篇 | T=0 D=0 R=0
[事件偵測]    2026-07-16: 0 篇 | T=0 D=0 R=0
[事件偵測]    2026-07-15: 0 篇 | T=0 D=0 R=0
[事件偵測]    2026-07-14: 0 篇 | T=0 D=0 R=0
[事件偵測]    2026-07-13: 0 篇 | T=0 D=0 R=0
[07:14:03]    事件偵測失敗: Expecting value: line 1 column 1 (char 0)
[07:14:04]    🪙 $TRUMP: $2.16 (+4.2%)
[07:14:04]    📊 Polymarket 快照: 396 個市場 (20 事件)
[07:14:04]    📊 Polymarket: 396 個市場已更新
[07:14:04] 驗證 2 個即時預測...
[07:19:07]    📡 三源抓取: CNN:50 → 合計 50 篇
[07:19:07]    沒有新推文
[事件偵測] 掃描最近 5 天的信號模式...
[事件偵測]    最近 5 天的信號:
[事件偵測]    2026-07-17: 0 篇 | T=0 D=0 R=0
[事件偵測]    2026-07-16: 0 篇 | T=0 D=0 R=0
[事件偵測]    2026-07-15: 0 篇 | T=0 D=0 R=0
[事件偵測]    2026-07-14: 0 篇 | T=0 D=0 R=0
[事件偵測]    2026-07-13: 0 篇 | T=0 D=0 R=0
[07:19:07]    事件偵測失敗: Expecting value: line 1 column 1 (char 0)
[07:19:07]    🪙 $TRUMP: $2.15 (+3.8%)
[07:19:08]    📊 Polymarket 快照: 396 個市場 (20 事件)
[07:19:08]    📊 Polymarket: 396 個市場已更新
[07:19:08] 驗證 2 個即時預測...
[07:24:11]    📡 三源抓取: CNN:50 → 合計 50 篇
[07:24:11]    沒有新推文
[事件偵測] 掃描最近 5 天的信號模式...
[事件偵測]    最近 5 天的信號:
[事件偵測]    2026-07-17: 0 篇 | T=0 D=0 R=0
[事件偵測]    2026-07-16: 0 篇 | T=0 D=0 R=0
[事件偵測]    2026-07-15: 0 篇 | T=0 D=0 R=0
[事件偵測]    2026-07-14: 0 篇 | T=0 D=0 R=0
[事件偵測]    2026-07-13: 0 篇 | T=0 D=0 R=0
[07:24:11]    事件偵測失敗: Expecting value: line 1 column 1 (char 0)
[07:24:11]    🪙 $TRUMP: $2.14 (+3.2%)
[07:24:12]    📊 Polymarket 快照: 396 個市場 (20 事件)
[07:24:12]    📊 Polymarket: 396 個市場已更新
[07:24:12] 驗證 2 個即時預測...
[07:29:15]    📡 三源抓取: CNN:50 → 合計 50 篇
[07:29:15]    沒有新推文
[事件偵測] 掃描最近 5 天的信號模式...
[事件偵測]    最近 5 天的信號:
[事件偵測]    2026-07-17: 0 篇 | T=0 D=0 R=0
[事件偵測]    2026-07-16: 0 篇 | T=0 D=0 R=0
[事件偵測]    2026-07-15: 0 篇 | T=0 D=0 R=0
[事件偵測]    2026-07-14: 0 篇 | T=0 D=0 R=0
[事件偵測]    2026-07-13: 0 篇 | T=0 D=0 R=0
[07:29:15]    事件偵測失敗: Expecting value: line 1 column 1 (char 0)
[07:29:15]    🪙 $TRUMP: $2.14 (+3.3%)
[07:29:16]    📊 Polymarket 快照: 396 個市場 (20 事件)
[07:29:16]    📊 Polymarket: 396 個市場已更新
[07:29:16] 驗證 2 個即時預測...
[07:34:19]    📡 三源抓取: CNN:50 → 合計 50 篇
[07:34:19]    沒有新推文
[事件偵測] 掃描最近 5 天的信號模式...
[事件偵測]    最近 5 天的信號:
[事件偵測]    2026-07-17: 0 篇 | T=0 D=0 R=0
[事件偵測]    2026-07-16: 0 篇 | T=0 D=0 R=0
[事件偵測]    2026-07-15: 0 篇 | T=0 D=0 R=0
[事件偵測]    2026-07-14: 0 篇 | T=0 D=0 R=0
[事件偵測]    2026-07-13: 0 篇 | T=0 D=0 R=0
[07:34:19]    事件偵測失敗: Expecting value: line 1 column 1 (char 0)
[07:34:19]    🪙 $TRUMP: $2.14 (+3.6%)
[07:34:20]    📊 Polymarket 快照: 396 個市場 (20 事件)
[07:34:20]    📊 Polymarket: 396 個市場已更新
[07:34:20] 驗證 2 個即時預測...
[07:39:23]    📡 三源抓取: CNN:50 → 合計 50 篇
[07:39:23]    沒有新推文
[事件偵測] 掃描最近 5 天的信號模式...
[事件偵測]    最近 5 天的信號:
[事件偵測]    2026-07-17: 0 篇 | T=0 D=0 R=0
[事件偵測]    2026-07-16: 0 篇 | T=0 D=0 R=0
[事件偵測]    2026-07-15: 0 篇 | T=0 D=0 R=0
[事件偵測]    2026-07-14: 0 篇 | T=0 D=0 R=0
[事件偵測]    2026-07-13: 0 篇 | T=0 D=0 R=0
[07:39:23]    事件偵測失敗: Expecting value: line 1 column 1 (char 0)
[07:39:24]    🪙 $TRUMP: $2.14 (+3.5%)
[07:39:24]    📊 Polymarket 快照: 396 個市場 (20 事件)
[07:39:24]    📊 Polymarket: 396 個市場已更新
[07:39:24] 驗證 2 個即時預測...
[07:44:27]    📡 三源抓取: CNN:50 → 合計 50 篇
[07:44:27]    沒有新推文
[事件偵測] 掃描最近 5 天的信號模式...
[事件偵測]    最近 5 天的信號:
[事件偵測]    2026-07-17: 0 篇 | T=0 D=0 R=0
[事件偵測]    2026-07-16: 0 篇 | T=0 D=0 R=0
[事件偵測]    2026-07-15: 0 篇 | T=0 D=0 R=0
[事件偵測]    2026-07-14: 0 篇 | T=0 D=0 R=0
[事件偵測]    2026-07-13: 0 篇 | T=0 D=0 R=0
[07:44:27]    事件偵測失敗: Expecting value: line 1 column 1 (char 0)
[07:44:27]    🪙 $TRUMP: $2.15 (+4.0%)
[07:44:28]    📊 Polymarket 快照: 396 個市場 (20 事件)
[07:44:28]    📊 Polymarket: 396 個市場已更新
[07:44:28] 驗證 2 個即時預測...
[07:49:31]    📡 三源抓取: CNN:50 → 合計 50 篇
[07:49:31]    沒有新推文
[事件偵測] 掃描最近 5 天的信號模式...
[事件偵測]    最近 5 天的信號:
[事件偵測]    2026-07-17: 0 篇 | T=0 D=0 R=0
[事件偵測]    2026-07-16: 0 篇 | T=0 D=0 R=0
[事件偵測]    2026-07-15: 0 篇 | T=0 D=0 R=0
[事件偵測]    2026-07-14: 0 篇 | T=0 D=0 R=0
[事件偵測]    2026-07-13: 0 篇 | T=0 D=0 R=0
[07:49:31]    事件偵測失敗: Expecting value: line 1 column 1 (char 0)
[07:49:31]    🪙 $TRUMP: $2.15 (+4.1%)
[07:49:32]    📊 Polymarket 快照: 396 個市場 (20 事件)
[07:49:32]    📊 Polymarket: 396 個市場已更新
[07:49:32] 驗證 2 個即時預測...
[07:54:36]    📡 三源抓取: CNN:50 → 合計 50 篇
[07:54:36]    沒有新推文
[事件偵測] 掃描最近 5 天的信號模式...
[事件偵測]    最近 5 天的信號:
[事件偵測]    2026-07-17: 0 篇 | T=0 D=0 R=0
[事件偵測]    2026-07-16: 0 篇 | T=0 D=0 R=0
[事件偵測]    2026-07-15: 0 篇 | T=0 D=0 R=0
[事件偵測]    2026-07-14: 0 篇 | T=0 D=0 R=0
[事件偵測]    2026-07-13: 0 篇 | T=0 D=0 R=0
[07:54:36]    事件偵測失敗: Expecting value: line 1 column 1 (char 0)
[07:54:36]    🪙 $TRUMP: $2.15 (+3.2%)
[07:54:36]    📊 Polymarket 快照: 396 個市場 (20 事件)
[07:54:36]    📊 Polymarket: 396 個市場已更新
[07:54:36] 驗證 2 個即時預測...
[07:59:40]    📡 三源抓取: CNN:50 → 合計 50 篇
[07:59:40]    沒有新推文
[事件偵測] 掃描最近 5 天的信號模式...
[事件偵測]    最近 5 天的信號:
[事件偵測]    2026-07-17: 0 篇 | T=0 D=0 R=0
[事件偵測]    2026-07-16: 0 篇 | T=0 D=0 R=0
[事件偵測]    2026-07-15: 0 篇 | T=0 D=0 R=0
[事件偵測]    2026-07-14: 0 篇 | T=0 D=0 R=0
[事件偵測]    2026-07-13: 0 篇 | T=0 D=0 R=0
[07:59:40]    事件偵測失敗: Expecting value: line 1 column 1 (char 0)
[07:59:40]    🪙 $TRUMP: $2.15 (+3.1%)
[07:59:41]    📊 Polymarket 快照: 396 個市場 (20 事件)
[07:59:41]    📊 Polymarket: 396 個市場已更新
[07:59:41] 驗證 2 個即時預測...
[08:04:45]    📡 三源抓取: CNN:50 → 合計 50 篇
[08:04:45]    沒有新推文
[事件偵測] 掃描最近 5 天的信號模式...
[事件偵測]    最近 5 天的信號:
[事件偵測]    2026-07-17: 0 篇 | T=0 D=0 R=0
[事件偵測]    2026-07-16: 0 篇 | T=0 D=0 R=0
[事件偵測]    2026-07-15: 0 篇 | T=0 D=0 R=0
[事件偵測]    2026-07-14: 0 篇 | T=0 D=0 R=0
[事件偵測]    2026-07-13: 0 篇 | T=0 D=0 R=0
[08:04:45]    事件偵測失敗: Expecting value: line 1 column 1 (char 0)
[08:04:45]    🪙 $TRUMP: $2.15 (+2.4%)
[08:04:46]    📊 Polymarket 快照: 396 個市場 (20 事件)
[08:04:46]    📊 Polymarket: 396 個市場已更新
[08:04:46] 驗證 2 個即時預測...
[08:09:50]    📡 三源抓取: CNN:50 → 合計 50 篇
[08:09:50]    沒有新推文
[事件偵測] 掃描最近 5 天的信號模式...
[事件偵測]    最近 5 天的信號:
[事件偵測]    2026-07-17: 0 篇 | T=0 D=0 R=0
[事件偵測]    2026-07-16: 0 篇 | T=0 D=0 R=0
[事件偵測]    2026-07-15: 0 篇 | T=0 D=0 R=0
[事件偵測]    2026-07-14: 0 篇 | T=0 D=0 R=0
[事件偵測]    2026-07-13: 0 篇 | T=0 D=0 R=0
[08:09:50]    事件偵測失敗: Expecting value: line 1 column 1 (char 0)
[08:09:50]    🪙 $TRUMP: $2.15 (+3.0%)
[08:09:51]    📊 Polymarket 快照: 396 個市場 (20 事件)
[08:09:51]    📊 Polymarket: 396 個市場已更新
[08:09:51] 驗證 2 個即時預測...
[08:14:55]    📡 三源抓取: CNN:50 → 合計 50 篇
[08:14:55]    沒有新推文
[事件偵測] 掃描最近 5 天的信號模式...
[事件偵測]    最近 5 天的信號:
[事件偵測]    2026-07-17: 0 篇 | T=0 D=0 R=0
[事件偵測]    2026-07-16: 0 篇 | T=0 D=0 R=0
[事件偵測]    2026-07-15: 0 篇 | T=0 D=0 R=0
[事件偵測]    2026-07-14: 0 篇 | T=0 D=0 R=0
[事件偵測]    2026-07-13: 0 篇 | T=0 D=0 R=0
[08:14:55]    事件偵測失敗: Expecting value: line 1 column 1 (char 0)
[08:14:55]    🪙 $TRUMP: $2.16 (+3.1%)
[08:14:55]    📊 Polymarket 快照: 396 個市場 (20 事件)
[08:14:55]    📊 Polymarket: 396 個市場已更新
[08:14:55] 驗證 2 個即時預測...
[08:19:59]    📡 三源抓取: CNN:50 → 合計 50 篇
[08:19:59]    沒有新推文
[事件偵測] 掃描最近 5 天的信號模式...
[事件偵測]    最近 5 天的信號:
[事件偵測]    2026-07-17: 0 篇 | T=0 D=0 R=0
[事件偵測]    2026-07-16: 0 篇 | T=0 D=0 R=0
[事件偵測]    2026-07-15: 0 篇 | T=0 D=0 R=0
[事件偵測]    2026-07-14: 0 篇 | T=0 D=0 R=0
[事件偵測]    2026-07-13: 0 篇 | T=0 D=0 R=0
[08:19:59]    事件偵測失敗: Expecting value: line 1 column 1 (char 0)
[08:19:59]    🪙 $TRUMP: $2.15 (+2.9%)
[08:19:59]    📊 Polymarket 快照: 396 個市場 (20 事件)
[08:20:04]    📊 Polymarket: 396 個市場已更新
[08:20:04] 驗證 2 個即時預測...
[08:25:08]    📡 三源抓取: CNN:50 → 合計 50 篇
[08:25:08]    沒有新推文
[事件偵測] 掃描最近 5 天的信號模式...
[事件偵測]    最近 5 天的信號:
[事件偵測]    2026-07-17: 0 篇 | T=0 D=0 R=0
[事件偵測]    2026-07-16: 0 篇 | T=0 D=0 R=0
[事件偵測]    2026-07-15: 0 篇 | T=0 D=0 R=0
[事件偵測]    2026-07-14: 0 篇 | T=0 D=0 R=0
[事件偵測]    2026-07-13: 0 篇 | T=0 D=0 R=0
[08:25:08]    事件偵測失敗: Expecting value: line 1 column 1 (char 0)
[08:25:08]    🪙 $TRUMP: $2.15 (+2.3%)
[08:25:09]    📊 Polymarket 快照: 396 個市場 (20 事件)
[08:25:09]    📊 Polymarket: 396 個市場已更新
[08:25:09] 驗證 2 個即時預測...
[08:30:12]    📡 三源抓取: CNN:50 → 合計 50 篇
[08:30:12]    沒有新推文
[事件偵測] 掃描最近 5 天的信號模式...
[事件偵測]    最近 5 天的信號:
[事件偵測]    2026-07-17: 0 篇 | T=0 D=0 R=0
[事件偵測]    2026-07-16: 0 篇 | T=0 D=0 R=0
[事件偵測]    2026-07-15: 0 篇 | T=0 D=0 R=0
[事件偵測]    2026-07-14: 0 篇 | T=0 D=0 R=0
[事件偵測]    2026-07-13: 0 篇 | T=0 D=0 R=0
[08:30:12]    事件偵測失敗: Expecting value: line 1 column 1 (char 0)
[08:30:12]    🪙 $TRUMP: $2.14 (+2.0%)
[08:30:13]    📊 Polymarket 快照: 396 個市場 (20 事件)
[08:30:13]    📊 Polymarket: 396 個市場已更新
[08:30:13] 驗證 2 個即時預測...
[08:35:16]    📡 三源抓取: CNN:50 → 合計 50 篇
[08:35:16]    沒有新推文
[事件偵測] 掃描最近 5 天的信號模式...
[事件偵測]    最近 5 天的信號:
[事件偵測]    2026-07-17: 0 篇 | T=0 D=0 R=0
[事件偵測]    2026-07-16: 0 篇 | T=0 D=0 R=0
[事件偵測]    2026-07-15: 0 篇 | T=0 D=0 R=0
[事件偵測]    2026-07-14: 0 篇 | T=0 D=0 R=0
[事件偵測]    2026-07-13: 0 篇 | T=0 D=0 R=0
[08:35:16]    事件偵測失敗: Expecting value: line 1 column 1 (char 0)
[08:35:17]    🪙 $TRUMP: $2.15 (+2.3%)
[08:35:17]    📊 Polymarket 快照: 396 個市場 (20 事件)
[08:35:17]    📊 Polymarket: 396 個市場已更新
[08:35:17] 驗證 2 個即時預測...
[08:40:21]    📡 三源抓取: CNN:50 → 合計 50 篇
[08:40:21]    沒有新推文
[事件偵測] 掃描最近 5 天的信號模式...
[事件偵測]    最近 5 天的信號:
[事件偵測]    2026-07-17: 0 篇 | T=0 D=0 R=0
[事件偵測]    2026-07-16: 0 篇 | T=0 D=0 R=0
[事件偵測]    2026-07-15: 0 篇 | T=0 D=0 R=0
[事件偵測]    2026-07-14: 0 篇 | T=0 D=0 R=0
[事件偵測]    2026-07-13: 0 篇 | T=0 D=0 R=0
[08:40:21]    事件偵測失敗: Expecting value: line 1 column 1 (char 0)
[08:40:21]    🪙 $TRUMP: $2.17 (+2.7%)
[08:40:22]    📊 Polymarket 快照: 396 個市場 (20 事件)
[08:40:22]    📊 Polymarket: 396 個市場已更新
[08:40:22] 驗證 2 個即時預測...
[08:45:25]    📡 三源抓取: CNN:50 → 合計 50 篇
[08:45:25]    沒有新推文
[事件偵測] 掃描最近 5 天的信號模式...
[事件偵測]    最近 5 天的信號:
[事件偵測]    2026-07-17: 0 篇 | T=0 D=0 R=0
[事件偵測]    2026-07-16: 0 篇 | T=0 D=0 R=0
[事件偵測]    2026-07-15: 0 篇 | T=0 D=0 R=0
[事件偵測]    2026-07-14: 0 篇 | T=0 D=0 R=0
[事件偵測]    2026-07-13: 0 篇 | T=0 D=0 R=0
[08:45:25]    事件偵測失敗: Expecting value: line 1 column 1 (char 0)
[08:45:25]    🪙 $TRUMP: $2.17 (+2.2%)
[08:45:25]    📊 Polymarket 快照: 410 個市場 (20 事件)
[08:45:25]    📊 Polymarket: 410 個市場已更新
[08:45:25] 驗證 2 個即時預測...
[08:50:29]    📡 三源抓取: CNN:50 → 合計 50 篇
[08:50:29]    沒有新推文
[事件偵測] 掃描最近 5 天的信號模式...
[事件偵測]    最近 5 天的信號:
[事件偵測]    2026-07-17: 0 篇 | T=0 D=0 R=0
[事件偵測]    2026-07-16: 0 篇 | T=0 D=0 R=0
[事件偵測]    2026-07-15: 0 篇 | T=0 D=0 R=0
[事件偵測]    2026-07-14: 0 篇 | T=0 D=0 R=0
[事件偵測]    2026-07-13: 0 篇 | T=0 D=0 R=0
[08:50:29]    事件偵測失敗: Expecting value: line 1 column 1 (char 0)
[08:50:30]    🪙 $TRUMP: $2.17 (+1.7%)
[08:50:30]    📊 Polymarket 快照: 410 個市場 (20 事件)
[08:50:30]    📊 Polymarket: 410 個市場已更新
[08:50:30] 驗證 2 個即時預測...
[08:55:34]    📡 三源抓取: CNN:50 → 合計 50 篇
[08:55:34]    沒有新推文
[事件偵測] 掃描最近 5 天的信號模式...
[事件偵測]    最近 5 天的信號:
[事件偵測]    2026-07-17: 0 篇 | T=0 D=0 R=0
[事件偵測]    2026-07-16: 0 篇 | T=0 D=0 R=0
[事件偵測]    2026-07-15: 0 篇 | T=0 D=0 R=0
[事件偵測]    2026-07-14: 0 篇 | T=0 D=0 R=0
[事件偵測]    2026-07-13: 0 篇 | T=0 D=0 R=0
[08:55:34]    事件偵測失敗: Expecting value: line 1 column 1 (char 0)
[08:55:35]    🪙 $TRUMP: $2.18 (+2.0%)
[08:55:35]    📊 Polymarket 快照: 410 個市場 (20 事件)
[08:55:35]    📊 Polymarket: 410 個市場已更新
[08:55:35] 驗證 2 個即時預測...
[09:00:39]    📡 三源抓取: CNN:50 → 合計 50 篇
[09:00:39]    沒有新推文
[事件偵測] 掃描最近 5 天的信號模式...
[事件偵測]    最近 5 天的信號:
[事件偵測]    2026-07-17: 0 篇 | T=0 D=0 R=0
[事件偵測]    2026-07-16: 0 篇 | T=0 D=0 R=0
[事件偵測]    2026-07-15: 0 篇 | T=0 D=0 R=0
[事件偵測]    2026-07-14: 0 篇 | T=0 D=0 R=0
[事件偵測]    2026-07-13: 0 篇 | T=0 D=0 R=0
[09:00:39]    事件偵測失敗: Expecting value: line 1 column 1 (char 0)
[09:00:39]    🪙 $TRUMP: $2.18 (+2.1%)
[09:00:39]    📊 Polymarket 快照: 410 個市場 (20 事件)
[09:00:39]    📊 Polymarket: 410 個市場已更新
[09:00:39] 驗證 2 個即時預測...
[09:05:43]    📡 三源抓取: CNN:50 → 合計 50 篇
[09:05:43]    沒有新推文
[事件偵測] 掃描最近 5 天的信號模式...
[事件偵測]    最近 5 天的信號:
[事件偵測]    2026-07-17: 0 篇 | T=0 D=0 R=0
[事件偵測]    2026-07-16: 0 篇 | T=0 D=0 R=0
[事件偵測]    2026-07-15: 0 篇 | T=0 D=0 R=0
[事件偵測]    2026-07-14: 0 篇 | T=0 D=0 R=0
[事件偵測]    2026-07-13: 0 篇 | T=0 D=0 R=0
[09:05:43]    事件偵測失敗: Expecting value: line 1 column 1 (char 0)
[09:05:43]    🪙 $TRUMP: $2.17 (+2.0%)
[09:05:43]    📊 Polymarket 快照: 410 個市場 (20 事件)
[09:05:43]    📊 Polymarket: 410 個市場已更新
[09:05:43] 驗證 2 個即時預測...
[09:10:47]    📡 三源抓取: CNN:50 → 合計 50 篇
[09:10:47]    沒有新推文
[事件偵測] 掃描最近 5 天的信號模式...
[事件偵測]    最近 5 天的信號:
[事件偵測]    2026-07-17: 0 篇 | T=0 D=0 R=0
[事件偵測]    2026-07-16: 0 篇 | T=0 D=0 R=0
[事件偵測]    2026-07-15: 0 篇 | T=0 D=0 R=0
[事件偵測]    2026-07-14: 0 篇 | T=0 D=0 R=0
[事件偵測]    2026-07-13: 0 篇 | T=0 D=0 R=0
[09:10:47]    事件偵測失敗: Expecting value: line 1 column 1 (char 0)
[09:10:48]    🪙 $TRUMP: $2.15 (+0.8%)
[09:10:48]    📊 Polymarket 快照: 410 個市場 (20 事件)
[09:10:48]    📊 Polymarket: 410 個市場已更新
[09:10:48] 驗證 2 個即時預測...
[09:15:52]    📡 三源抓取: CNN:50 → 合計 50 篇
[09:15:52]    沒有新推文
[事件偵測] 掃描最近 5 天的信號模式...
[事件偵測]    最近 5 天的信號:
[事件偵測]    2026-07-17: 0 篇 | T=0 D=0 R=0
[事件偵測]    2026-07-16: 0 篇 | T=0 D=0 R=0
[事件偵測]    2026-07-15: 0 篇 | T=0 D=0 R=0
[事件偵測]    2026-07-14: 0 篇 | T=0 D=0 R=0
[事件偵測]    2026-07-13: 0 篇 | T=0 D=0 R=0
[09:15:52]    事件偵測失敗: Expecting value: line 1 column 1 (char 0)
[09:15:52]    🪙 $TRUMP: $2.15 (+0.5%)
[09:15:53]    📊 Polymarket 快照: 410 個市場 (20 事件)
[09:15:53]    📊 Polymarket: 410 個市場已更新
[09:15:53] 驗證 2 個即時預測...
[09:20:57]    📡 三源抓取: CNN:50 → 合計 50 篇
[09:20:57]    沒有新推文
[事件偵測] 掃描最近 5 天的信號模式...
[事件偵測]    最近 5 天的信號:
[事件偵測]    2026-07-17: 0 篇 | T=0 D=0 R=0
[事件偵測]    2026-07-16: 0 篇 | T=0 D=0 R=0
[事件偵測]    2026-07-15: 0 篇 | T=0 D=0 R=0
[事件偵測]    2026-07-14: 0 篇 | T=0 D=0 R=0
[事件偵測]    2026-07-13: 0 篇 | T=0 D=0 R=0
[09:20:57]    事件偵測失敗: Expecting value: line 1 column 1 (char 0)
[09:20:57]    🪙 $TRUMP: $2.15 (+0.6%)
[09:20:57]    📊 Polymarket 快照: 410 個市場 (20 事件)
[09:20:57]    📊 Polymarket: 410 個市場已更新
[09:20:57] 驗證 2 個即時預測...
[09:26:01]    📡 三源抓取: CNN:50 → 合計 50 篇
[09:26:01]    沒有新推文
[事件偵測] 掃描最近 5 天的信號模式...
[事件偵測]    最近 5 天的信號:
[事件偵測]    2026-07-17: 0 篇 | T=0 D=0 R=0
[事件偵測]    2026-07-16: 0 篇 | T=0 D=0 R=0
[事件偵測]    2026-07-15: 0 篇 | T=0 D=0 R=0
[事件偵測]    2026-07-14: 0 篇 | T=0 D=0 R=0
[事件偵測]    2026-07-13: 0 篇 | T=0 D=0 R=0
[09:26:01]    事件偵測失敗: Expecting value: line 1 column 1 (char 0)
[09:26:01]    🪙 $TRUMP: $2.15 (+0.3%)
[09:26:02]    📊 Polymarket 快照: 410 個市場 (20 事件)
[09:26:02]    📊 Polymarket: 410 個市場已更新
[09:26:02] 驗證 2 個即時預測...
[09:31:05]    📡 三源抓取: CNN:50 → 合計 50 篇
[09:31:05]    沒有新推文
[事件偵測] 掃描最近 5 天的信號模式...
[事件偵測]    最近 5 天的信號:
[事件偵測]    2026-07-17: 0 篇 | T=0 D=0 R=0
[事件偵測]    2026-07-16: 0 篇 | T=0 D=0 R=0
[事件偵測]    2026-07-15: 0 篇 | T=0 D=0 R=0
[事件偵測]    2026-07-14: 0 篇 | T=0 D=0 R=0
[事件偵測]    2026-07-13: 0 篇 | T=0 D=0 R=0
[09:31:05]    事件偵測失敗: Expecting value: line 1 column 1 (char 0)
[09:31:06]    🪙 $TRUMP: $2.15 (-0.2%)
[09:31:06]    📊 Polymarket 快照: 410 個市場 (20 事件)
[09:31:06]    📊 Polymarket: 410 個市場已更新
[09:31:06] 驗證 2 個即時預測...
[09:36:10]    📡 三源抓取: CNN:50 → 合計 50 篇
[09:36:10]    沒有新推文
[事件偵測] 掃描最近 5 天的信號模式...
[事件偵測]    最近 5 天的信號:
[事件偵測]    2026-07-17: 0 篇 | T=0 D=0 R=0
[事件偵測]    2026-07-16: 0 篇 | T=0 D=0 R=0
[事件偵測]    2026-07-15: 0 篇 | T=0 D=0 R=0
[事件偵測]    2026-07-14: 0 篇 | T=0 D=0 R=0
[事件偵測]    2026-07-13: 0 篇 | T=0 D=0 R=0
[09:36:10]    事件偵測失敗: Expecting value: line 1 column 1 (char 0)
[09:36:10]    🪙 $TRUMP: $2.16 (-0.2%)
[09:36:10]    📊 Polymarket 快照: 410 個市場 (20 事件)
[09:36:10]    📊 Polymarket: 410 個市場已更新
[09:36:10] 驗證 2 個即時預測...
[09:41:14]    📡 三源抓取: CNN:50 → 合計 50 篇
[09:41:14]    沒有新推文
[事件偵測] 掃描最近 5 天的信號模式...
[事件偵測]    最近 5 天的信號:
[事件偵測]    2026-07-17: 0 篇 | T=0 D=0 R=0
[事件偵測]    2026-07-16: 0 篇 | T=0 D=0 R=0
[事件偵測]    2026-07-15: 0 篇 | T=0 D=0 R=0
[事件偵測]    2026-07-14: 0 篇 | T=0 D=0 R=0
[事件偵測]    2026-07-13: 0 篇 | T=0 D=0 R=0
[09:41:14]    事件偵測失敗: Expecting value: line 1 column 1 (char 0)
[09:41:14]    🪙 $TRUMP: $2.15 (-0.2%)
[09:41:14]    📊 Polymarket 快照: 410 個市場 (20 事件)
[09:41:14]    📊 Polymarket: 410 個市場已更新
[09:41:15] 驗證 2 個即時預測...
[09:46:18]    📡 三源抓取: CNN:50 → 合計 50 篇
[09:46:18]    沒有新推文
[事件偵測] 掃描最近 5 天的信號模式...
[事件偵測]    最近 5 天的信號:
[事件偵測]    2026-07-17: 0 篇 | T=0 D=0 R=0
[事件偵測]    2026-07-16: 0 篇 | T=0 D=0 R=0
[事件偵測]    2026-07-15: 0 篇 | T=0 D=0 R=0
[事件偵測]    2026-07-14: 0 篇 | T=0 D=0 R=0
[事件偵測]    2026-07-13: 0 篇 | T=0 D=0 R=0
[09:46:18]    事件偵測失敗: Expecting value: line 1 column 1 (char 0)
[09:46:19]    🪙 $TRUMP: $2.16 (+0.2%)
[09:46:19]    📊 Polymarket 快照: 406 個市場 (20 事件)
[09:46:19]    📊 Polymarket: 406 個市場已更新
[09:46:19] 驗證 2 個即時預測...
[09:51:23]    📡 三源抓取: CNN:50 → 合計 50 篇
[09:51:23]    沒有新推文
[事件偵測] 掃描最近 5 天的信號模式...
[事件偵測]    最近 5 天的信號:
[事件偵測]    2026-07-17: 0 篇 | T=0 D=0 R=0
[事件偵測]    2026-07-16: 0 篇 | T=0 D=0 R=0
[事件偵測]    2026-07-15: 0 篇 | T=0 D=0 R=0
[事件偵測]    2026-07-14: 0 篇 | T=0 D=0 R=0
[事件偵測]    2026-07-13: 0 篇 | T=0 D=0 R=0
[09:51:23]    事件偵測失敗: Expecting value: line 1 column 1 (char 0)
[09:51:23]    🪙 $TRUMP: $2.16 (+0.8%)
[09:51:24]    📊 Polymarket 快照: 406 個市場 (20 事件)
[09:51:24]    📊 Polymarket: 406 個市場已更新
[09:51:24] 驗證 2 個即時預測...
[09:56:27]    📡 三源抓取: CNN:50 → 合計 50 篇
[09:56:27]    沒有新推文
[事件偵測] 掃描最近 5 天的信號模式...
[事件偵測]    最近 5 天的信號:
[事件偵測]    2026-07-17: 0 篇 | T=0 D=0 R=0
[事件偵測]    2026-07-16: 0 篇 | T=0 D=0 R=0
[事件偵測]    2026-07-15: 0 篇 | T=0 D=0 R=0
[事件偵測]    2026-07-14: 0 篇 | T=0 D=0 R=0
[事件偵測]    2026-07-13: 0 篇 | T=0 D=0 R=0
[09:56:27]    事件偵測失敗: Expecting value: line 1 column 1 (char 0)
[09:56:28]    🪙 $TRUMP: $2.16 (+1.6%)
[09:56:28]    📊 Polymarket 快照: 408 個市場 (20 事件)
[09:56:28]    📊 Polymarket: 408 個市場已更新
[09:56:28] 驗證 2 個即時預測...
[10:01:32]    📡 三源抓取: CNN:50 → 合計 50 篇
[10:01:32]    沒有新推文
[事件偵測] 掃描最近 5 天的信號模式...
[事件偵測]    最近 5 天的信號:
[事件偵測]    2026-07-17: 0 篇 | T=0 D=0 R=0
[事件偵測]    2026-07-16: 0 篇 | T=0 D=0 R=0
[事件偵測]    2026-07-15: 0 篇 | T=0 D=0 R=0
[事件偵測]    2026-07-14: 0 篇 | T=0 D=0 R=0
[事件偵測]    2026-07-13: 0 篇 | T=0 D=0 R=0
[10:01:32]    事件偵測失敗: Expecting value: line 1 column 1 (char 0)
[10:01:32]    🪙 $TRUMP: $2.16 (+1.5%)
[10:01:33]    📊 Polymarket 快照: 408 個市場 (20 事件)
[10:01:33]    📊 Polymarket: 408 個市場已更新
[10:01:33] 驗證 2 個即時預測...
[10:06:37]    📡 三源抓取: CNN:50 → 合計 50 篇
[10:06:37]    沒有新推文
[事件偵測] 掃描最近 5 天的信號模式...
[事件偵測]    最近 5 天的信號:
[事件偵測]    2026-07-17: 0 篇 | T=0 D=0 R=0
[事件偵測]    2026-07-16: 0 篇 | T=0 D=0 R=0
[事件偵測]    2026-07-15: 0 篇 | T=0 D=0 R=0
[事件偵測]    2026-07-14: 0 篇 | T=0 D=0 R=0
[事件偵測]    2026-07-13: 0 篇 | T=0 D=0 R=0
[10:06:37]    事件偵測失敗: Expecting value: line 1 column 1 (char 0)
[10:06:37]    🪙 $TRUMP: $2.16 (+1.3%)
[10:06:37]    📊 Polymarket 快照: 408 個市場 (20 事件)
[10:06:37]    📊 Polymarket: 408 個市場已更新
[10:06:37] 驗證 2 個即時預測...
[10:11:41]    📡 三源抓取: CNN:50 → 合計 50 篇
[10:11:41]    沒有新推文
[事件偵測] 掃描最近 5 天的信號模式...
[事件偵測]    最近 5 天的信號:
[事件偵測]    2026-07-17: 0 篇 | T=0 D=0 R=0
[事件偵測]    2026-07-16: 0 篇 | T=0 D=0 R=0
[事件偵測]    2026-07-15: 0 篇 | T=0 D=0 R=0
[事件偵測]    2026-07-14: 0 篇 | T=0 D=0 R=0
[事件偵測]    2026-07-13: 0 篇 | T=0 D=0 R=0
[10:11:41]    事件偵測失敗: Expecting value: line 1 column 1 (char 0)
[10:11:41]    🪙 $TRUMP: $2.15 (+0.5%)
[10:11:41]    📊 Polymarket 快照: 408 個市場 (20 事件)
[10:11:41]    📊 Polymarket: 408 個市場已更新
[10:11:41] 驗證 2 個即時預測...
[10:16:45]    📡 三源抓取: CNN:50 → 合計 50 篇
[10:16:45]    沒有新推文
[事件偵測] 掃描最近 5 天的信號模式...
[事件偵測]    最近 5 天的信號:
[事件偵測]    2026-07-17: 0 篇 | T=0 D=0 R=0
[事件偵測]    2026-07-16: 0 篇 | T=0 D=0 R=0
[事件偵測]    2026-07-15: 0 篇 | T=0 D=0 R=0
[事件偵測]    2026-07-14: 0 篇 | T=0 D=0 R=0
[事件偵測]    2026-07-13: 0 篇 | T=0 D=0 R=0
[10:16:45]    事件偵測失敗: Expecting value: line 1 column 1 (char 0)
[10:16:45]    🪙 $TRUMP: $2.14 (-0.0%)
[10:16:45]    📊 Polymarket 快照: 408 個市場 (20 事件)
[10:16:45]    📊 Polymarket: 408 個市場已更新
[10:16:45] 驗證 2 個即時預測...
[10:21:49]    📡 三源抓取: CNN:50 → 合計 50 篇
[10:21:49]    沒有新推文
[事件偵測] 掃描最近 5 天的信號模式...
[事件偵測]    最近 5 天的信號:
[事件偵測]    2026-07-17: 0 篇 | T=0 D=0 R=0
[事件偵測]    2026-07-16: 0 篇 | T=0 D=0 R=0
[事件偵測]    2026-07-15: 0 篇 | T=0 D=0 R=0
[事件偵測]    2026-07-14: 0 篇 | T=0 D=0 R=0
[事件偵測]    2026-07-13: 0 篇 | T=0 D=0 R=0
[10:21:49]    事件偵測失敗: Expecting value: line 1 column 1 (char 0)
[10:21:49]    🪙 $TRUMP: $2.14 (-0.2%)
[10:21:49]    📊 Polymarket 快照: 408 個市場 (20 事件)
[10:21:49]    📊 Polymarket: 408 個市場已更新
[10:21:49] 驗證 2 個即時預測...
[10:26:53]    📡 三源抓取: CNN:50 → 合計 50 篇
[10:26:53]    沒有新推文
[事件偵測] 掃描最近 5 天的信號模式...
[事件偵測]    最近 5 天的信號:
[事件偵測]    2026-07-17: 0 篇 | T=0 D=0 R=0
[事件偵測]    2026-07-16: 0 篇 | T=0 D=0 R=0
[事件偵測]    2026-07-15: 0 篇 | T=0 D=0 R=0
[事件偵測]    2026-07-14: 0 篇 | T=0 D=0 R=0
[事件偵測]    2026-07-13: 0 篇 | T=0 D=0 R=0
[10:26:53]    事件偵測失敗: Expecting value: line 1 column 1 (char 0)
[10:26:53]    🪙 $TRUMP: $2.13 (-0.8%)
[10:26:54]    📊 Polymarket 快照: 408 個市場 (20 事件)
[10:26:54]    📊 Polymarket: 408 個市場已更新
[10:26:54] 驗證 2 個即時預測...
[10:31:57]    📡 三源抓取: CNN:50 → 合計 50 篇
[10:31:57]    沒有新推文
[事件偵測] 掃描最近 5 天的信號模式...
[事件偵測]    最近 5 天的信號:
[事件偵測]    2026-07-17: 0 篇 | T=0 D=0 R=0
[事件偵測]    2026-07-16: 0 篇 | T=0 D=0 R=0
[事件偵測]    2026-07-15: 0 篇 | T=0 D=0 R=0
[事件偵測]    2026-07-14: 0 篇 | T=0 D=0 R=0
[事件偵測]    2026-07-13: 0 篇 | T=0 D=0 R=0
[10:31:57]    事件偵測失敗: Expecting value: line 1 column 1 (char 0)
[10:31:57]    🪙 $TRUMP: $2.13 (-0.7%)
[10:31:57]    📊 Polymarket 快照: 408 個市場 (20 事件)
[10:31:57]    📊 Polymarket: 408 個市場已更新
[10:31:57] 驗證 2 個即時預測...
[10:37:01]    📡 三源抓取: CNN:50 → 合計 50 篇
[10:37:01]    沒有新推文
[事件偵測] 掃描最近 5 天的信號模式...
[事件偵測]    最近 5 天的信號:
[事件偵測]    2026-07-17: 0 篇 | T=0 D=0 R=0
[事件偵測]    2026-07-16: 0 篇 | T=0 D=0 R=0
[事件偵測]    2026-07-15: 0 篇 | T=0 D=0 R=0
[事件偵測]    2026-07-14: 0 篇 | T=0 D=0 R=0
[事件偵測]    2026-07-13: 0 篇 | T=0 D=0 R=0
[10:37:01]    事件偵測失敗: Expecting value: line 1 column 1 (char 0)
[10:37:01]    🪙 $TRUMP: $2.13 (-0.4%)
[10:37:02]    📊 Polymarket 快照: 408 個市場 (20 事件)
[10:37:02]    📊 Polymarket: 408 個市場已更新
[10:37:02] 驗證 2 個即時預測...
[10:42:06]    📡 三源抓取: CNN:50 → 合計 50 篇
[10:42:06]    沒有新推文
[事件偵測] 掃描最近 5 天的信號模式...
[事件偵測]    最近 5 天的信號:
[事件偵測]    2026-07-17: 0 篇 | T=0 D=0 R=0
[事件偵測]    2026-07-16: 0 篇 | T=0 D=0 R=0
[事件偵測]    2026-07-15: 0 篇 | T=0 D=0 R=0
[事件偵測]    2026-07-14: 0 篇 | T=0 D=0 R=0
[事件偵測]    2026-07-13: 0 篇 | T=0 D=0 R=0
[10:42:06]    事件偵測失敗: Expecting value: line 1 column 1 (char 0)
[10:42:07]    🪙 $TRUMP: $2.15 (-0.0%)
[10:42:07]    📊 Polymarket 快照: 408 個市場 (20 事件)
[10:42:07]    📊 Polymarket: 408 個市場已更新
[10:42:07] 驗證 2 個即時預測...
[10:47:11]    📡 三源抓取: CNN:50 → 合計 50 篇
[10:47:11]    沒有新推文
[事件偵測] 掃描最近 5 天的信號模式...
[事件偵測]    最近 5 天的信號:
[事件偵測]    2026-07-17: 0 篇 | T=0 D=0 R=0
[事件偵測]    2026-07-16: 0 篇 | T=0 D=0 R=0
[事件偵測]    2026-07-15: 0 篇 | T=0 D=0 R=0
[事件偵測]    2026-07-14: 0 篇 | T=0 D=0 R=0
[事件偵測]    2026-07-13: 0 篇 | T=0 D=0 R=0
[10:47:11]    事件偵測失敗: Expecting value: line 1 column 1 (char 0)
[10:47:11]    🪙 $TRUMP: $2.14 (-0.3%)
[10:47:11]    📊 Polymarket 快照: 408 個市場 (20 事件)
[10:47:11]    📊 Polymarket: 408 個市場已更新
[10:47:11] 驗證 2 個即時預測...
[10:52:15]    📡 三源抓取: CNN:50 → 合計 50 篇
[10:52:15]    沒有新推文
[事件偵測] 掃描最近 5 天的信號模式...
[事件偵測]    最近 5 天的信號:
[事件偵測]    2026-07-17: 0 篇 | T=0 D=0 R=0
[事件偵測]    2026-07-16: 0 篇 | T=0 D=0 R=0
[事件偵測]    2026-07-15: 0 篇 | T=0 D=0 R=0
[事件偵測]    2026-07-14: 0 篇 | T=0 D=0 R=0
[事件偵測]    2026-07-13: 0 篇 | T=0 D=0 R=0
[10:52:15]    事件偵測失敗: Expecting value: line 1 column 1 (char 0)
[10:52:15]    🪙 $TRUMP: $2.14 (-0.8%)
[10:52:15]    📊 Polymarket 快照: 408 個市場 (20 事件)
[10:52:15]    📊 Polymarket: 408 個市場已更新
[10:52:15] 驗證 2 個即時預測...
[10:57:19]    📡 三源抓取: CNN:50 → 合計 50 篇
[10:57:19]    沒有新推文
[事件偵測] 掃描最近 5 天的信號模式...
[事件偵測]    最近 5 天的信號:
[事件偵測]    2026-07-17: 0 篇 | T=0 D=0 R=0
[事件偵測]    2026-07-16: 0 篇 | T=0 D=0 R=0
[事件偵測]    2026-07-15: 0 篇 | T=0 D=0 R=0
[事件偵測]    2026-07-14: 0 篇 | T=0 D=0 R=0
[事件偵測]    2026-07-13: 0 篇 | T=0 D=0 R=0
[10:57:19]    事件偵測失敗: Expecting value: line 1 column 1 (char 0)
[10:57:20]    🪙 $TRUMP: $2.15 (-0.9%)
[10:57:20]    📊 Polymarket 快照: 408 個市場 (20 事件)
[10:57:20]    📊 Polymarket: 408 個市場已更新
[10:57:20] 驗證 2 個即時預測...
[11:02:24]    📡 三源抓取: CNN:50 → 合計 50 篇
[11:02:24]    沒有新推文
[事件偵測] 掃描最近 5 天的信號模式...
[事件偵測]    最近 5 天的信號:
[事件偵測]    2026-07-17: 0 篇 | T=0 D=0 R=0
[事件偵測]    2026-07-16: 0 篇 | T=0 D=0 R=0
[事件偵測]    2026-07-15: 0 篇 | T=0 D=0 R=0
[事件偵測]    2026-07-14: 0 篇 | T=0 D=0 R=0
[事件偵測]    2026-07-13: 0 篇 | T=0 D=0 R=0
[11:02:24]    事件偵測失敗: Expecting value: line 1 column 1 (char 0)
[11:02:24]    🪙 $TRUMP: $2.15 (-0.9%)
[11:02:24]    📊 Polymarket 快照: 408 個市場 (20 事件)
[11:02:24]    📊 Polymarket: 408 個市場已更新
[11:02:24] 驗證 2 個即時預測...
[11:07:28]    📡 三源抓取: CNN:50 → 合計 50 篇
[11:07:28]    沒有新推文
[事件偵測] 掃描最近 5 天的信號模式...
[事件偵測]    最近 5 天的信號:
[事件偵測]    2026-07-17: 0 篇 | T=0 D=0 R=0
[事件偵測]    2026-07-16: 0 篇 | T=0 D=0 R=0
[事件偵測]    2026-07-15: 0 篇 | T=0 D=0 R=0
[事件偵測]    2026-07-14: 0 篇 | T=0 D=0 R=0
[事件偵測]    2026-07-13: 0 篇 | T=0 D=0 R=0
[11:07:28]    事件偵測失敗: Expecting value: line 1 column 1 (char 0)
[11:07:29]    🪙 $TRUMP: $2.14 (-1.4%)
[11:07:29]    📊 Polymarket 快照: 408 個市場 (20 事件)
[11:07:29]    📊 Polymarket: 408 個市場已更新
[11:07:29] 驗證 2 個即時預測...
[11:12:32]    📡 三源抓取: CNN:50 → 合計 50 篇
[11:12:32]    沒有新推文
[事件偵測] 掃描最近 5 天的信號模式...
[事件偵測]    最近 5 天的信號:
[事件偵測]    2026-07-17: 0 篇 | T=0 D=0 R=0
[事件偵測]    2026-07-16: 0 篇 | T=0 D=0 R=0
[事件偵測]    2026-07-15: 0 篇 | T=0 D=0 R=0
[事件偵測]    2026-07-14: 0 篇 | T=0 D=0 R=0
[事件偵測]    2026-07-13: 0 篇 | T=0 D=0 R=0
[11:12:32]    事件偵測失敗: Expecting value: line 1 column 1 (char 0)
[11:12:33]    🪙 $TRUMP: $2.13 (-2.1%)
[11:12:33]    📊 Polymarket 快照: 408 個市場 (20 事件)
[11:12:33]    📊 Polymarket: 408 個市場已更新
[11:12:33] 驗證 2 個即時預測...
[11:17:37]    📡 三源抓取: CNN:50 → 合計 50 篇
[11:17:37]    沒有新推文
[事件偵測] 掃描最近 5 天的信號模式...
[事件偵測]    最近 5 天的信號:
[事件偵測]    2026-07-17: 0 篇 | T=0 D=0 R=0
[事件偵測]    2026-07-16: 0 篇 | T=0 D=0 R=0
[事件偵測]    2026-07-15: 0 篇 | T=0 D=0 R=0
[事件偵測]    2026-07-14: 0 篇 | T=0 D=0 R=0
[事件偵測]    2026-07-13: 0 篇 | T=0 D=0 R=0
[11:17:37]    事件偵測失敗: Expecting value: line 1 column 1 (char 0)
[11:17:37]    🪙 $TRUMP: $2.15 (-1.7%)
[11:17:38]    📊 Polymarket 快照: 408 個市場 (20 事件)
[11:17:38]    📊 Polymarket: 408 個市場已更新
[11:17:38] 驗證 2 個即時預測...
[11:22:41]    📡 三源抓取: CNN:50 → 合計 50 篇
[11:22:41] 🆕 偵測到 1 篇新推文！
[11:22:42]    📥 寫入 1 篇新推文到 trump_posts_all.json（總計 46124 篇）
[11:22:42]    📊 Polymarket 快照: 408 個市場 (20 事件)
[11:22:43]    🪙 $TRUMP: $2.15 (-1.1%)
[11:22:43]    📝 [11:14] The cowards and traitors would love to say the United States is low on munitions...
[11:22:43]    🚀拉盤 劇本觸發: 他閉嘴（什麼都沒講）
[11:22:43]       歷史: +0.409% | 建議: LONG — 沉默是金
[事件偵測] 掃描最近 5 天的信號模式...
[事件偵測]    最近 5 天的信號:
[事件偵測]    2026-07-17: 0 篇 | T=0 D=0 R=0
[事件偵測]    2026-07-16: 0 篇 | T=0 D=0 R=0
[事件偵測]    2026-07-15: 0 篇 | T=0 D=0 R=0
[事件偵測]    2026-07-14: 0 篇 | T=0 D=0 R=0
[事件偵測]    2026-07-13: 0 篇 | T=0 D=0 R=0
[11:22:43]    事件偵測失敗: Expecting value: line 1 column 1 (char 0)
[11:22:43]    🪙 $TRUMP: $2.15 (-1.1%)
[11:22:43]    📊 Polymarket 快照: 408 個市場 (20 事件)
[11:22:43]    📊 Polymarket: 408 個市場已更新
[11:22:43] 驗證 2 個即時預測...
[11:22:44] 📊 本輪: 1 新推文 | 0 預測 | 0 驗證
[11:27:46]    📡 三源抓取: CNN:50 → 合計 50 篇
[11:27:46]    沒有新推文
[事件偵測] 掃描最近 5 天的信號模式...
[事件偵測]    最近 5 天的信號:
[事件偵測]    2026-07-17: 0 篇 | T=0 D=0 R=0
[事件偵測]    2026-07-16: 0 篇 | T=0 D=0 R=0
[事件偵測]    2026-07-15: 0 篇 | T=0 D=0 R=0
[事件偵測]    2026-07-14: 0 篇 | T=0 D=0 R=0
[事件偵測]    2026-07-13: 0 篇 | T=0 D=0 R=0
[11:27:46]    事件偵測失敗: Expecting value: line 1 column 1 (char 0)
[11:27:47]    🪙 $TRUMP: $2.15 (-1.1%)
[11:27:47]    📊 Polymarket 快照: 408 個市場 (20 事件)
[11:27:47]    📊 Polymarket: 408 個市場已更新
[11:27:47] 驗證 2 個即時預測...
[11:32:51]    📡 三源抓取: CNN:50 → 合計 50 篇
[11:32:51]    沒有新推文
[事件偵測] 掃描最近 5 天的信號模式...
[事件偵測]    最近 5 天的信號:
[事件偵測]    2026-07-17: 0 篇 | T=0 D=0 R=0
[事件偵測]    2026-07-16: 0 篇 | T=0 D=0 R=0
[事件偵測]    2026-07-15: 0 篇 | T=0 D=0 R=0
[事件偵測]    2026-07-14: 0 篇 | T=0 D=0 R=0
[事件偵測]    2026-07-13: 0 篇 | T=0 D=0 R=0
[11:32:51]    事件偵測失敗: Expecting value: line 1 column 1 (char 0)
[11:32:51]    🪙 $TRUMP: $2.14 (-1.3%)
[11:32:51]    📊 Polymarket 快照: 408 個市場 (20 事件)
[11:32:51]    📊 Polymarket: 408 個市場已更新
[11:32:51] 驗證 2 個即時預測...
[11:37:56]    📡 三源抓取: CNN:50 → 合計 50 篇
[11:37:56]    沒有新推文
[事件偵測] 掃描最近 5 天的信號模式...
[事件偵測]    最近 5 天的信號:
[事件偵測]    2026-07-17: 0 篇 | T=0 D=0 R=0
[事件偵測]    2026-07-16: 0 篇 | T=0 D=0 R=0
[事件偵測]    2026-07-15: 0 篇 | T=0 D=0 R=0
[事件偵測]    2026-07-14: 0 篇 | T=0 D=0 R=0
[事件偵測]    2026-07-13: 0 篇 | T=0 D=0 R=0
[11:37:56]    事件偵測失敗: Expecting value: line 1 column 1 (char 0)
[11:37:56]    🪙 $TRUMP: $2.14 (-0.8%)
[11:37:56]    📊 Polymarket 快照: 408 個市場 (20 事件)
[11:37:56]    📊 Polymarket: 408 個市場已更新
[11:37:56] 驗證 2 個即時預測...
[11:43:00]    📡 三源抓取: CNN:50 → 合計 50 篇
[11:43:00]    沒有新推文
[事件偵測] 掃描最近 5 天的信號模式...
[事件偵測]    最近 5 天的信號:
[事件偵測]    2026-07-17: 0 篇 | T=0 D=0 R=0
[事件偵測]    2026-07-16: 0 篇 | T=0 D=0 R=0
[事件偵測]    2026-07-15: 0 篇 | T=0 D=0 R=0
[事件偵測]    2026-07-14: 0 篇 | T=0 D=0 R=0
[事件偵測]    2026-07-13: 0 篇 | T=0 D=0 R=0
[11:43:00]    事件偵測失敗: Expecting value: line 1 column 1 (char 0)
[11:43:01]    🪙 $TRUMP: $2.15 (-0.7%)
[11:43:02]    📊 Polymarket 快照: 420 個市場 (20 事件)
[11:43:02]    📊 Polymarket: 420 個市場已更新
[11:43:02] 驗證 2 個即時預測...
[11:48:12]    📡 三源抓取: CNN:50 → 合計 50 篇
[11:48:12]    沒有新推文
[事件偵測] 掃描最近 5 天的信號模式...
[事件偵測]    最近 5 天的信號:
[事件偵測]    2026-07-17: 0 篇 | T=0 D=0 R=0
[事件偵測]    2026-07-16: 0 篇 | T=0 D=0 R=0
[事件偵測]    2026-07-15: 0 篇 | T=0 D=0 R=0
[事件偵測]    2026-07-14: 0 篇 | T=0 D=0 R=0
[事件偵測]    2026-07-13: 0 篇 | T=0 D=0 R=0
[11:48:12]    事件偵測失敗: Expecting value: line 1 column 1 (char 0)
[11:48:12]    🪙 $TRUMP: $2.16 (+0.1%)
[11:48:13]    📊 Polymarket 快照: 420 個市場 (20 事件)
[11:48:13]    📊 Polymarket: 420 個市場已更新
[11:48:13] 驗證 2 個即時預測...
[11:53:17]    📡 三源抓取: CNN:50 → 合計 50 篇
[11:53:17]    沒有新推文
[事件偵測] 掃描最近 5 天的信號模式...
[事件偵測]    最近 5 天的信號:
[事件偵測]    2026-07-17: 0 篇 | T=0 D=0 R=0
[事件偵測]    2026-07-16: 0 篇 | T=0 D=0 R=0
[事件偵測]    2026-07-15: 0 篇 | T=0 D=0 R=0
[事件偵測]    2026-07-14: 0 篇 | T=0 D=0 R=0
[事件偵測]    2026-07-13: 0 篇 | T=0 D=0 R=0
[11:53:17]    事件偵測失敗: Expecting value: line 1 column 1 (char 0)
[11:53:18]    🪙 $TRUMP: $2.15 (-0.1%)
[11:53:18]    📊 Polymarket 快照: 420 個市場 (20 事件)
[11:53:18]    📊 Polymarket: 420 個市場已更新
[11:53:18] 驗證 2 個即時預測...
[11:58:21]    📡 三源抓取: CNN:50 → 合計 50 篇
[11:58:21]    沒有新推文
[事件偵測] 掃描最近 5 天的信號模式...
[事件偵測]    最近 5 天的信號:
[事件偵測]    2026-07-17: 0 篇 | T=0 D=0 R=0
[事件偵測]    2026-07-16: 0 篇 | T=0 D=0 R=0
[事件偵測]    2026-07-15: 0 篇 | T=0 D=0 R=0
[事件偵測]    2026-07-14: 0 篇 | T=0 D=0 R=0
[事件偵測]    2026-07-13: 0 篇 | T=0 D=0 R=0
[11:58:21]    事件偵測失敗: Expecting value: line 1 column 1 (char 0)
[11:58:22]    🪙 $TRUMP: $2.15 (-0.4%)
[11:58:22]    📊 Polymarket 快照: 420 個市場 (20 事件)
[11:58:22]    📊 Polymarket: 420 個市場已更新
[11:58:22] 驗證 2 個即時預測...
[12:03:25]    📡 三源抓取: CNN:50 → 合計 50 篇
[12:03:25]    沒有新推文
[事件偵測] 掃描最近 5 天的信號模式...
[事件偵測]    最近 5 天的信號:
[事件偵測]    2026-07-17: 0 篇 | T=0 D=0 R=0
[事件偵測]    2026-07-16: 0 篇 | T=0 D=0 R=0
[事件偵測]    2026-07-15: 0 篇 | T=0 D=0 R=0
[事件偵測]    2026-07-14: 0 篇 | T=0 D=0 R=0
[事件偵測]    2026-07-13: 0 篇 | T=0 D=0 R=0
[12:03:25]    事件偵測失敗: Expecting value: line 1 column 1 (char 0)
[12:03:25]    🪙 $TRUMP: $2.15 (-0.6%)
[12:03:26]    📊 Polymarket 快照: 420 個市場 (20 事件)
[12:03:26]    📊 Polymarket: 420 個市場已更新
[12:03:26] 驗證 2 個即時預測...
[12:08:29]    📡 三源抓取: CNN:50 → 合計 50 篇
[12:08:29]    沒有新推文
[事件偵測] 掃描最近 5 天的信號模式...
[事件偵測]    最近 5 天的信號:
[事件偵測]    2026-07-17: 0 篇 | T=0 D=0 R=0
[事件偵測]    2026-07-16: 0 篇 | T=0 D=0 R=0
[事件偵測]    2026-07-15: 0 篇 | T=0 D=0 R=0
[事件偵測]    2026-07-14: 0 篇 | T=0 D=0 R=0
[事件偵測]    2026-07-13: 0 篇 | T=0 D=0 R=0
[12:08:29]    事件偵測失敗: Expecting value: line 1 column 1 (char 0)
[12:08:29]    🪙 $TRUMP: $2.15 (-0.8%)
[12:08:29]    📊 Polymarket 快照: 420 個市場 (20 事件)
[12:08:29]    📊 Polymarket: 420 個市場已更新
[12:08:29] 驗證 2 個即時預測...
[12:13:32]    📡 三源抓取: CNN:50 → 合計 50 篇
[12:13:32]    沒有新推文
[事件偵測] 掃描最近 5 天的信號模式...
[事件偵測]    最近 5 天的信號:
[事件偵測]    2026-07-17: 0 篇 | T=0 D=0 R=0
[事件偵測]    2026-07-16: 0 篇 | T=0 D=0 R=0
[事件偵測]    2026-07-15: 0 篇 | T=0 D=0 R=0
[事件偵測]    2026-07-14: 0 篇 | T=0 D=0 R=0
[事件偵測]    2026-07-13: 0 篇 | T=0 D=0 R=0
[12:13:32]    事件偵測失敗: Expecting value: line 1 column 1 (char 0)
[12:13:33]    🪙 $TRUMP: $2.14 (-1.2%)
[12:13:33]    📊 Polymarket 快照: 420 個市場 (20 事件)
[12:13:33]    📊 Polymarket: 420 個市場已更新
[12:13:33] 驗證 2 個即時預測...
[12:18:37]    📡 三源抓取: CNN:50 → 合計 50 篇
[12:18:37]    沒有新推文
[事件偵測] 掃描最近 5 天的信號模式...
[事件偵測]    最近 5 天的信號:
[事件偵測]    2026-07-17: 0 篇 | T=0 D=0 R=0
[事件偵測]    2026-07-16: 0 篇 | T=0 D=0 R=0
[事件偵測]    2026-07-15: 0 篇 | T=0 D=0 R=0
[事件偵測]    2026-07-14: 0 篇 | T=0 D=0 R=0
[事件偵測]    2026-07-13: 0 篇 | T=0 D=0 R=0
[12:18:37]    事件偵測失敗: Expecting value: line 1 column 1 (char 0)
[12:18:37]    🪙 $TRUMP: $2.14 (-1.3%)
[12:18:38]    📊 Polymarket 快照: 420 個市場 (20 事件)
[12:18:38]    📊 Polymarket: 420 個市場已更新
[12:18:38] 驗證 2 個即時預測...
[12:23:41]    📡 三源抓取: CNN:50 → 合計 50 篇
[12:23:41]    沒有新推文
[事件偵測] 掃描最近 5 天的信號模式...
[事件偵測]    最近 5 天的信號:
[事件偵測]    2026-07-17: 0 篇 | T=0 D=0 R=0
[事件偵測]    2026-07-16: 0 篇 | T=0 D=0 R=0
[事件偵測]    2026-07-15: 0 篇 | T=0 D=0 R=0
[事件偵測]    2026-07-14: 0 篇 | T=0 D=0 R=0
[事件偵測]    2026-07-13: 0 篇 | T=0 D=0 R=0
[12:23:41]    事件偵測失敗: Expecting value: line 1 column 1 (char 0)
[12:23:42]    🪙 $TRUMP: $2.15 (-0.9%)
[12:23:42]    📊 Polymarket 快照: 420 個市場 (20 事件)
[12:23:42]    📊 Polymarket: 420 個市場已更新
[12:23:42] 驗證 2 個即時預測...
[12:28:46]    📡 三源抓取: CNN:50 → 合計 50 篇
[12:28:46]    沒有新推文
[事件偵測] 掃描最近 5 天的信號模式...
[事件偵測]    最近 5 天的信號:
[事件偵測]    2026-07-17: 0 篇 | T=0 D=0 R=0
[事件偵測]    2026-07-16: 0 篇 | T=0 D=0 R=0
[事件偵測]    2026-07-15: 0 篇 | T=0 D=0 R=0
[事件偵測]    2026-07-14: 0 篇 | T=0 D=0 R=0
[事件偵測]    2026-07-13: 0 篇 | T=0 D=0 R=0
[12:28:46]    事件偵測失敗: Expecting value: line 1 column 1 (char 0)
[12:28:46]    🪙 $TRUMP: $2.15 (-0.9%)
[12:28:46]    📊 Polymarket 快照: 418 個市場 (20 事件)
[12:28:46]    📊 Polymarket: 418 個市場已更新
[12:28:46] 驗證 2 個即時預測...
[12:33:50]    📡 三源抓取: CNN:50 → 合計 50 篇
[12:33:50]    沒有新推文
[事件偵測] 掃描最近 5 天的信號模式...
[事件偵測]    最近 5 天的信號:
[事件偵測]    2026-07-17: 0 篇 | T=0 D=0 R=0
[事件偵測]    2026-07-16: 0 篇 | T=0 D=0 R=0
[事件偵測]    2026-07-15: 0 篇 | T=0 D=0 R=0
[事件偵測]    2026-07-14: 0 篇 | T=0 D=0 R=0
[事件偵測]    2026-07-13: 0 篇 | T=0 D=0 R=0
[12:33:50]    事件偵測失敗: Expecting value: line 1 column 1 (char 0)
[12:33:51]    🪙 $TRUMP: $2.16 (-0.6%)
[12:33:51]    📊 Polymarket 快照: 418 個市場 (20 事件)
[12:33:51]    📊 Polymarket: 418 個市場已更新
[12:33:51] 驗證 2 個即時預測...
[12:38:54]    📡 三源抓取: CNN:50 → 合計 50 篇
[12:38:54]    沒有新推文
[事件偵測] 掃描最近 5 天的信號模式...
[事件偵測]    最近 5 天的信號:
[事件偵測]    2026-07-17: 0 篇 | T=0 D=0 R=0
[事件偵測]    2026-07-16: 0 篇 | T=0 D=0 R=0
[事件偵測]    2026-07-15: 0 篇 | T=0 D=0 R=0
[事件偵測]    2026-07-14: 0 篇 | T=0 D=0 R=0
[事件偵測]    2026-07-13: 0 篇 | T=0 D=0 R=0
[12:38:54]    事件偵測失敗: Expecting value: line 1 column 1 (char 0)
[12:38:55]    🪙 $TRUMP: $2.16 (-0.8%)
[12:38:55]    📊 Polymarket 快照: 418 個市場 (20 事件)
[12:38:55]    📊 Polymarket: 418 個市場已更新
[12:38:55] 驗證 2 個即時預測...
[12:43:59]    📡 三源抓取: CNN:50 → 合計 50 篇
[12:43:59]    沒有新推文
[事件偵測] 掃描最近 5 天的信號模式...
[事件偵測]    最近 5 天的信號:
[事件偵測]    2026-07-17: 0 篇 | T=0 D=0 R=0
[事件偵測]    2026-07-16: 0 篇 | T=0 D=0 R=0
[事件偵測]    2026-07-15: 0 篇 | T=0 D=0 R=0
[事件偵測]    2026-07-14: 0 篇 | T=0 D=0 R=0
[事件偵測]    2026-07-13: 0 篇 | T=0 D=0 R=0
[12:43:59]    事件偵測失敗: Expecting value: line 1 column 1 (char 0)
[12:44:00]    🪙 $TRUMP: $2.16 (-0.5%)
[12:44:00]    📊 Polymarket 快照: 418 個市場 (20 事件)
[12:44:00]    📊 Polymarket: 418 個市場已更新
[12:44:00] 驗證 2 個即時預測...
[12:49:04]    📡 三源抓取: CNN:50 → 合計 50 篇
[12:49:04]    沒有新推文
[事件偵測] 掃描最近 5 天的信號模式...
[事件偵測]    最近 5 天的信號:
[事件偵測]    2026-07-17: 0 篇 | T=0 D=0 R=0
[事件偵測]    2026-07-16: 0 篇 | T=0 D=0 R=0
[事件偵測]    2026-07-15: 0 篇 | T=0 D=0 R=0
[事件偵測]    2026-07-14: 0 篇 | T=0 D=0 R=0
[事件偵測]    2026-07-13: 0 篇 | T=0 D=0 R=0
[12:49:04]    事件偵測失敗: Expecting value: line 1 column 1 (char 0)
[12:49:04]    🪙 $TRUMP: $2.16 (-0.0%)
[12:49:04]    📊 Polymarket 快照: 418 個市場 (20 事件)
[12:49:04]    📊 Polymarket: 418 個市場已更新
[12:49:04] 驗證 2 個即時預測...
[12:54:08]    📡 三源抓取: CNN:50 → 合計 50 篇
[12:54:08]    沒有新推文
[事件偵測] 掃描最近 5 天的信號模式...
[事件偵測]    最近 5 天的信號:
[事件偵測]    2026-07-17: 0 篇 | T=0 D=0 R=0
[事件偵測]    2026-07-16: 0 篇 | T=0 D=0 R=0
[事件偵測]    2026-07-15: 0 篇 | T=0 D=0 R=0
[事件偵測]    2026-07-14: 0 篇 | T=0 D=0 R=0
[事件偵測]    2026-07-13: 0 篇 | T=0 D=0 R=0
[12:54:08]    事件偵測失敗: Expecting value: line 1 column 1 (char 0)
[12:54:09]    🪙 $TRUMP: $2.18 (+0.6%)
[12:54:09]    📊 Polymarket 快照: 418 個市場 (20 事件)
[12:54:09]    📊 Polymarket: 418 個市場已更新
[12:54:09] 驗證 2 個即時預測...
[12:59:13]    📡 三源抓取: CNN:50 → 合計 50 篇
[12:59:13]    沒有新推文
[事件偵測] 掃描最近 5 天的信號模式...
[事件偵測]    最近 5 天的信號:
[事件偵測]    2026-07-17: 0 篇 | T=0 D=0 R=0
[事件偵測]    2026-07-16: 0 篇 | T=0 D=0 R=0
[事件偵測]    2026-07-15: 0 篇 | T=0 D=0 R=0
[事件偵測]    2026-07-14: 0 篇 | T=0 D=0 R=0
[事件偵測]    2026-07-13: 0 篇 | T=0 D=0 R=0
[12:59:13]    事件偵測失敗: Expecting value: line 1 column 1 (char 0)
[12:59:13]    🪙 $TRUMP: $2.18 (+0.9%)
[12:59:14]    📊 Polymarket 快照: 426 個市場 (20 事件)
[12:59:14]    📊 Polymarket: 426 個市場已更新
[12:59:14] 驗證 2 個即時預測...
[13:04:18]    📡 三源抓取: CNN:50 → 合計 50 篇
[13:04:18]    沒有新推文
[事件偵測] 掃描最近 5 天的信號模式...
[事件偵測]    最近 5 天的信號:
[事件偵測]    2026-07-17: 0 篇 | T=0 D=0 R=0
[事件偵測]    2026-07-16: 0 篇 | T=0 D=0 R=0
[事件偵測]    2026-07-15: 0 篇 | T=0 D=0 R=0
[事件偵測]    2026-07-14: 0 篇 | T=0 D=0 R=0
[事件偵測]    2026-07-13: 0 篇 | T=0 D=0 R=0
[13:04:18]    事件偵測失敗: Expecting value: line 1 column 1 (char 0)
[13:04:18]    🪙 $TRUMP: $2.20 (+1.7%)
[13:04:18]    📊 Polymarket 快照: 426 個市場 (20 事件)
[13:04:18]    📊 Polymarket: 426 個市場已更新
[13:04:18] 驗證 2 個即時預測...
[13:09:22]    📡 三源抓取: CNN:50 → 合計 50 篇
[13:09:22]    沒有新推文
[事件偵測] 掃描最近 5 天的信號模式...
[事件偵測]    最近 5 天的信號:
[事件偵測]    2026-07-17: 0 篇 | T=0 D=0 R=0
[事件偵測]    2026-07-16: 0 篇 | T=0 D=0 R=0
[事件偵測]    2026-07-15: 0 篇 | T=0 D=0 R=0
[事件偵測]    2026-07-14: 0 篇 | T=0 D=0 R=0
[事件偵測]    2026-07-13: 0 篇 | T=0 D=0 R=0
[13:09:22]    事件偵測失敗: Expecting value: line 1 column 1 (char 0)
[13:09:22]    🪙 $TRUMP: $2.22 (+2.4%)
[13:09:22]    📊 Polymarket 快照: 426 個市場 (20 事件)
[13:09:22]    📊 Polymarket: 426 個市場已更新
[13:09:22] 驗證 2 個即時預測...
[13:14:26]    📡 三源抓取: CNN:50 → 合計 50 篇
[13:14:26]    沒有新推文
[事件偵測] 掃描最近 5 天的信號模式...
[事件偵測]    最近 5 天的信號:
[事件偵測]    2026-07-17: 0 篇 | T=0 D=0 R=0
[事件偵測]    2026-07-16: 0 篇 | T=0 D=0 R=0
[事件偵測]    2026-07-15: 0 篇 | T=0 D=0 R=0
[事件偵測]    2026-07-14: 0 篇 | T=0 D=0 R=0
[事件偵測]    2026-07-13: 0 篇 | T=0 D=0 R=0
[13:14:26]    事件偵測失敗: Expecting value: line 1 column 1 (char 0)
[13:14:26]    🪙 $TRUMP: $2.22 (+2.5%)
[13:14:27]    📊 Polymarket 快照: 426 個市場 (20 事件)
[13:14:27]    📊 Polymarket: 426 個市場已更新
[13:14:27] 驗證 2 個即時預測...
[13:19:30]    📡 三源抓取: CNN:50 → 合計 50 篇
[13:19:30]    沒有新推文
[事件偵測] 掃描最近 5 天的信號模式...
[事件偵測]    最近 5 天的信號:
[事件偵測]    2026-07-17: 0 篇 | T=0 D=0 R=0
[事件偵測]    2026-07-16: 0 篇 | T=0 D=0 R=0
[事件偵測]    2026-07-15: 0 篇 | T=0 D=0 R=0
[事件偵測]    2026-07-14: 0 篇 | T=0 D=0 R=0
[事件偵測]    2026-07-13: 0 篇 | T=0 D=0 R=0
[13:19:30]    事件偵測失敗: Expecting value: line 1 column 1 (char 0)
[13:19:31]    🪙 $TRUMP: $2.21 (+2.4%)
[13:19:31]    📊 Polymarket 快照: 426 個市場 (20 事件)
[13:19:31]    📊 Polymarket: 426 個市場已更新
[13:19:31] 驗證 2 個即時預測...
[13:24:34]    📡 三源抓取: CNN:50 → 合計 50 篇
[13:24:34]    沒有新推文
[事件偵測] 掃描最近 5 天的信號模式...
[事件偵測]    最近 5 天的信號:
[事件偵測]    2026-07-17: 0 篇 | T=0 D=0 R=0
[事件偵測]    2026-07-16: 0 篇 | T=0 D=0 R=0
[事件偵測]    2026-07-15: 0 篇 | T=0 D=0 R=0
[事件偵測]    2026-07-14: 0 篇 | T=0 D=0 R=0
[事件偵測]    2026-07-13: 0 篇 | T=0 D=0 R=0
[13:24:34]    事件偵測失敗: Expecting value: line 1 column 1 (char 0)
[13:24:35]    🪙 $TRUMP: $2.20 (+2.5%)
[13:24:35]    📊 Polymarket 快照: 426 個市場 (20 事件)
[13:24:35]    📊 Polymarket: 426 個市場已更新
[13:24:35] 驗證 2 個即時預測...
[13:29:39]    📡 三源抓取: CNN:50 → 合計 50 篇
[13:29:39]    沒有新推文
[事件偵測] 掃描最近 5 天的信號模式...
[事件偵測]    最近 5 天的信號:
[事件偵測]    2026-07-17: 0 篇 | T=0 D=0 R=0
[事件偵測]    2026-07-16: 0 篇 | T=0 D=0 R=0
[事件偵測]    2026-07-15: 0 篇 | T=0 D=0 R=0
[事件偵測]    2026-07-14: 0 篇 | T=0 D=0 R=0
[事件偵測]    2026-07-13: 0 篇 | T=0 D=0 R=0
[13:29:39]    事件偵測失敗: Expecting value: line 1 column 1 (char 0)
[13:29:39]    🪙 $TRUMP: $2.18 (+2.1%)
[13:29:40]    📊 Polymarket 快照: 426 個市場 (20 事件)
[13:29:40]    📊 Polymarket: 426 個市場已更新
[13:29:40] 驗證 2 個即時預測...
[13:34:43]    📡 三源抓取: CNN:50 → 合計 50 篇
[13:34:43]    沒有新推文
[事件偵測] 掃描最近 5 天的信號模式...
[事件偵測]    最近 5 天的信號:
[事件偵測]    2026-07-17: 0 篇 | T=0 D=0 R=0
[事件偵測]    2026-07-16: 0 篇 | T=0 D=0 R=0
[事件偵測]    2026-07-15: 0 篇 | T=0 D=0 R=0
[事件偵測]    2026-07-14: 0 篇 | T=0 D=0 R=0
[事件偵測]    2026-07-13: 0 篇 | T=0 D=0 R=0
[13:34:43]    事件偵測失敗: Expecting value: line 1 column 1 (char 0)
[13:34:43]    🪙 $TRUMP: $2.19 (+2.3%)
[13:34:44]    📊 Polymarket 快照: 426 個市場 (20 事件)
[13:34:44]    📊 Polymarket: 426 個市場已更新
[13:34:44] 驗證 2 個即時預測...
[13:39:47]    📡 三源抓取: CNN:50 → 合計 50 篇
[13:39:47]    沒有新推文
[事件偵測] 掃描最近 5 天的信號模式...
[事件偵測]    最近 5 天的信號:
[事件偵測]    2026-07-17: 0 篇 | T=0 D=0 R=0
[事件偵測]    2026-07-16: 0 篇 | T=0 D=0 R=0
[事件偵測]    2026-07-15: 0 篇 | T=0 D=0 R=0
[事件偵測]    2026-07-14: 0 篇 | T=0 D=0 R=0
[事件偵測]    2026-07-13: 0 篇 | T=0 D=0 R=0
[13:39:47]    事件偵測失敗: Expecting value: line 1 column 1 (char 0)
[13:39:47]    🪙 $TRUMP: $2.19 (+2.5%)
[13:39:48]    📊 Polymarket 快照: 426 個市場 (20 事件)
[13:39:48]    📊 Polymarket: 426 個市場已更新
[13:39:48] 驗證 2 個即時預測...
[13:44:52]    📡 三源抓取: CNN:50 → 合計 50 篇
[13:44:52]    沒有新推文
[事件偵測] 掃描最近 5 天的信號模式...
[事件偵測]    最近 5 天的信號:
[事件偵測]    2026-07-17: 0 篇 | T=0 D=0 R=0
[事件偵測]    2026-07-16: 0 篇 | T=0 D=0 R=0
[事件偵測]    2026-07-15: 0 篇 | T=0 D=0 R=0
[事件偵測]    2026-07-14: 0 篇 | T=0 D=0 R=0
[事件偵測]    2026-07-13: 0 篇 | T=0 D=0 R=0
[13:44:52]    事件偵測失敗: Expecting value: line 1 column 1 (char 0)
[13:44:52]    🪙 $TRUMP: $2.19 (+2.3%)
[13:44:52]    📊 Polymarket 快照: 426 個市場 (20 事件)
[13:44:52]    📊 Polymarket: 426 個市場已更新
[13:44:52] 驗證 2 個即時預測...
[13:49:56]    📡 三源抓取: CNN:50 → 合計 50 篇
[13:49:56]    沒有新推文
[事件偵測] 掃描最近 5 天的信號模式...
[事件偵測]    最近 5 天的信號:
[事件偵測]    2026-07-17: 0 篇 | T=0 D=0 R=0
[事件偵測]    2026-07-16: 0 篇 | T=0 D=0 R=0
[事件偵測]    2026-07-15: 0 篇 | T=0 D=0 R=0
[事件偵測]    2026-07-14: 0 篇 | T=0 D=0 R=0
[事件偵測]    2026-07-13: 0 篇 | T=0 D=0 R=0
[13:49:56]    事件偵測失敗: Expecting value: line 1 column 1 (char 0)
[13:49:56]    🪙 $TRUMP: $2.19 (+2.0%)
[13:49:56]    📊 Polymarket 快照: 426 個市場 (20 事件)
[13:49:57]    📊 Polymarket: 426 個市場已更新
[13:49:57] 驗證 2 個即時預測...
[13:55:00]    📡 三源抓取: CNN:50 → 合計 50 篇
[13:55:00]    沒有新推文
[事件偵測] 掃描最近 5 天的信號模式...
[事件偵測]    最近 5 天的信號:
[事件偵測]    2026-07-17: 0 篇 | T=0 D=0 R=0
[事件偵測]    2026-07-16: 0 篇 | T=0 D=0 R=0
[事件偵測]    2026-07-15: 0 篇 | T=0 D=0 R=0
[事件偵測]    2026-07-14: 0 篇 | T=0 D=0 R=0
[事件偵測]    2026-07-13: 0 篇 | T=0 D=0 R=0
[13:55:01]    事件偵測失敗: Expecting value: line 1 column 1 (char 0)
[13:55:01]    🪙 $TRUMP: $2.20 (+2.3%)
[13:55:01]    📊 Polymarket 快照: 426 個市場 (20 事件)
[13:55:01]    📊 Polymarket: 426 個市場已更新
[13:55:01] 驗證 2 個即時預測...
[14:00:05]    📡 三源抓取: CNN:50 → 合計 50 篇
[14:00:05]    沒有新推文
[事件偵測] 掃描最近 5 天的信號模式...
[事件偵測]    最近 5 天的信號:
[事件偵測]    2026-07-17: 0 篇 | T=0 D=0 R=0
[事件偵測]    2026-07-16: 0 篇 | T=0 D=0 R=0
[事件偵測]    2026-07-15: 0 篇 | T=0 D=0 R=0
[事件偵測]    2026-07-14: 0 篇 | T=0 D=0 R=0
[事件偵測]    2026-07-13: 0 篇 | T=0 D=0 R=0
[14:00:05]    事件偵測失敗: Expecting value: line 1 column 1 (char 0)
[14:00:05]    🪙 $TRUMP: $2.22 (+3.3%)
[14:00:05]    📊 Polymarket 快照: 426 個市場 (20 事件)
[14:00:05]    📊 Polymarket: 426 個市場已更新
[14:00:05] 驗證 2 個即時預測...
[14:05:09]    📡 三源抓取: CNN:50 → 合計 50 篇
[14:05:09]    沒有新推文
[事件偵測] 掃描最近 5 天的信號模式...
[事件偵測]    最近 5 天的信號:
[事件偵測]    2026-07-17: 0 篇 | T=0 D=0 R=0
[事件偵測]    2026-07-16: 0 篇 | T=0 D=0 R=0
[事件偵測]    2026-07-15: 0 篇 | T=0 D=0 R=0
[事件偵測]    2026-07-14: 0 篇 | T=0 D=0 R=0
[事件偵測]    2026-07-13: 0 篇 | T=0 D=0 R=0
[14:05:09]    事件偵測失敗: Expecting value: line 1 column 1 (char 0)
[14:05:10]    🪙 $TRUMP: $2.22 (+4.0%)
[14:05:10]    📊 Polymarket 快照: 426 個市場 (20 事件)
[14:05:10]    📊 Polymarket: 426 個市場已更新
[14:05:10] 驗證 2 個即時預測...
[14:10:16]    📡 三源抓取: CNN:50 → 合計 50 篇
[14:10:16]    沒有新推文
[事件偵測] 掃描最近 5 天的信號模式...
[事件偵測]    最近 5 天的信號:
[事件偵測]    2026-07-17: 0 篇 | T=0 D=0 R=0
[事件偵測]    2026-07-16: 0 篇 | T=0 D=0 R=0
[事件偵測]    2026-07-15: 0 篇 | T=0 D=0 R=0
[事件偵測]    2026-07-14: 0 篇 | T=0 D=0 R=0
[事件偵測]    2026-07-13: 0 篇 | T=0 D=0 R=0
[14:10:16]    事件偵測失敗: Expecting value: line 1 column 1 (char 0)
[14:10:16]    🪙 $TRUMP: $2.21 (+4.1%)
[14:10:16]    📊 Polymarket 快照: 426 個市場 (20 事件)
[14:10:16]    📊 Polymarket: 426 個市場已更新
[14:10:16] 驗證 2 個即時預測...
[14:15:20]    📡 三源抓取: CNN:50 → 合計 50 篇
[14:15:20]    沒有新推文
[事件偵測] 掃描最近 5 天的信號模式...
[事件偵測]    最近 5 天的信號:
[事件偵測]    2026-07-17: 0 篇 | T=0 D=0 R=0
[事件偵測]    2026-07-16: 0 篇 | T=0 D=0 R=0
[事件偵測]    2026-07-15: 0 篇 | T=0 D=0 R=0
[事件偵測]    2026-07-14: 0 篇 | T=0 D=0 R=0
[事件偵測]    2026-07-13: 0 篇 | T=0 D=0 R=0
[14:15:20]    事件偵測失敗: Expecting value: line 1 column 1 (char 0)
[14:15:20]    🪙 $TRUMP: $2.22 (+4.5%)
[14:15:20]    📊 Polymarket 快照: 426 個市場 (20 事件)
[14:15:20]    📊 Polymarket: 426 個市場已更新
[14:15:20] 驗證 2 個即時預測...
[14:20:24]    📡 三源抓取: CNN:50 → 合計 50 篇
[14:20:24]    沒有新推文
[事件偵測] 掃描最近 5 天的信號模式...
[事件偵測]    最近 5 天的信號:
[事件偵測]    2026-07-17: 0 篇 | T=0 D=0 R=0
[事件偵測]    2026-07-16: 0 篇 | T=0 D=0 R=0
[事件偵測]    2026-07-15: 0 篇 | T=0 D=0 R=0
[事件偵測]    2026-07-14: 0 篇 | T=0 D=0 R=0
[事件偵測]    2026-07-13: 0 篇 | T=0 D=0 R=0
[14:20:24]    事件偵測失敗: Expecting value: line 1 column 1 (char 0)
[14:20:24]    🪙 $TRUMP: $2.21 (+3.6%)
[14:20:25]    📊 Polymarket 快照: 426 個市場 (20 事件)
[14:20:25]    📊 Polymarket: 426 個市場已更新
[14:20:25] 驗證 2 個即時預測...
[14:25:30]    📡 三源抓取: CNN:50 → 合計 50 篇
[14:25:30]    沒有新推文
[事件偵測] 掃描最近 5 天的信號模式...
[事件偵測]    最近 5 天的信號:
[事件偵測]    2026-07-17: 0 篇 | T=0 D=0 R=0
[事件偵測]    2026-07-16: 0 篇 | T=0 D=0 R=0
[事件偵測]    2026-07-15: 0 篇 | T=0 D=0 R=0
[事件偵測]    2026-07-14: 0 篇 | T=0 D=0 R=0
[事件偵測]    2026-07-13: 0 篇 | T=0 D=0 R=0
[14:25:30]    事件偵測失敗: Expecting value: line 1 column 1 (char 0)
[14:25:30]    🪙 $TRUMP: $2.20 (+2.7%)
[14:25:30]    📊 Polymarket 快照: 426 個市場 (20 事件)
[14:25:30]    📊 Polymarket: 426 個市場已更新
[14:25:30] 驗證 2 個即時預測...
[14:30:34]    📡 三源抓取: CNN:50 → 合計 50 篇
[14:30:34]    沒有新推文
[事件偵測] 掃描最近 5 天的信號模式...
[事件偵測]    最近 5 天的信號:
[事件偵測]    2026-07-17: 0 篇 | T=0 D=0 R=0
[事件偵測]    2026-07-16: 0 篇 | T=0 D=0 R=0
[事件偵測]    2026-07-15: 0 篇 | T=0 D=0 R=0
[事件偵測]    2026-07-14: 0 篇 | T=0 D=0 R=0
[事件偵測]    2026-07-13: 0 篇 | T=0 D=0 R=0
[14:30:34]    事件偵測失敗: Expecting value: line 1 column 1 (char 0)
[14:30:34]    🪙 $TRUMP: $2.19 (+2.5%)
[14:30:35]    📊 Polymarket 快照: 426 個市場 (20 事件)
[14:30:35]    📊 Polymarket: 426 個市場已更新
[14:30:35] 驗證 2 個即時預測...
[14:35:39]    📡 三源抓取: CNN:50 → 合計 50 篇
[14:35:39]    沒有新推文
[事件偵測] 掃描最近 5 天的信號模式...
[事件偵測]    最近 5 天的信號:
[事件偵測]    2026-07-17: 0 篇 | T=0 D=0 R=0
[事件偵測]    2026-07-16: 0 篇 | T=0 D=0 R=0
[事件偵測]    2026-07-15: 0 篇 | T=0 D=0 R=0
[事件偵測]    2026-07-14: 0 篇 | T=0 D=0 R=0
[事件偵測]    2026-07-13: 0 篇 | T=0 D=0 R=0
[14:35:39]    事件偵測失敗: Expecting value: line 1 column 1 (char 0)
[14:35:39]    🪙 $TRUMP: $2.16 (+0.8%)
[14:35:39]    📊 Polymarket 快照: 426 個市場 (20 事件)
[14:35:39]    📊 Polymarket: 426 個市場已更新
[14:35:39] 驗證 2 個即時預測...
[14:40:45]    📡 三源抓取: CNN:50 → 合計 50 篇
[14:40:45]    沒有新推文
[事件偵測] 掃描最近 5 天的信號模式...
[事件偵測]    最近 5 天的信號:
[事件偵測]    2026-07-17: 0 篇 | T=0 D=0 R=0
[事件偵測]    2026-07-16: 0 篇 | T=0 D=0 R=0
[事件偵測]    2026-07-15: 0 篇 | T=0 D=0 R=0
[事件偵測]    2026-07-14: 0 篇 | T=0 D=0 R=0
[事件偵測]    2026-07-13: 0 篇 | T=0 D=0 R=0
[14:40:45]    事件偵測失敗: Expecting value: line 1 column 1 (char 0)
[14:40:45]    🪙 $TRUMP: $2.15 (+1.1%)
[14:40:45]    📊 Polymarket 快照: 426 個市場 (20 事件)
[14:40:45]    📊 Polymarket: 426 個市場已更新
[14:40:45] 驗證 2 個即時預測...
[14:45:49]    📡 三源抓取: CNN:50 → 合計 50 篇
[14:45:49]    沒有新推文
[事件偵測] 掃描最近 5 天的信號模式...
[事件偵測]    最近 5 天的信號:
[事件偵測]    2026-07-17: 0 篇 | T=0 D=0 R=0
[事件偵測]    2026-07-16: 0 篇 | T=0 D=0 R=0
[事件偵測]    2026-07-15: 0 篇 | T=0 D=0 R=0
[事件偵測]    2026-07-14: 0 篇 | T=0 D=0 R=0
[事件偵測]    2026-07-13: 0 篇 | T=0 D=0 R=0
[14:45:49]    事件偵測失敗: Expecting value: line 1 column 1 (char 0)
[14:45:49]    🪙 $TRUMP: $2.15 (+0.6%)
[14:45:50]    📊 Polymarket 快照: 426 個市場 (20 事件)
[14:45:50]    📊 Polymarket: 426 個市場已更新
[14:45:50] 驗證 2 個即時預測...
[14:50:53]    📡 三源抓取: CNN:50 → 合計 50 篇
[14:50:53]    沒有新推文
[事件偵測] 掃描最近 5 天的信號模式...
[事件偵測]    最近 5 天的信號:
[事件偵測]    2026-07-17: 0 篇 | T=0 D=0 R=0
[事件偵測]    2026-07-16: 0 篇 | T=0 D=0 R=0
[事件偵測]    2026-07-15: 0 篇 | T=0 D=0 R=0
[事件偵測]    2026-07-14: 0 篇 | T=0 D=0 R=0
[事件偵測]    2026-07-13: 0 篇 | T=0 D=0 R=0
[14:50:53]    事件偵測失敗: Expecting value: line 1 column 1 (char 0)
[14:50:54]    🪙 $TRUMP: $2.16 (+0.5%)
[14:50:54]    📊 Polymarket 快照: 426 個市場 (20 事件)
[14:50:54]    📊 Polymarket: 426 個市場已更新
[14:50:54] 驗證 2 個即時預測...
[14:55:57]    📡 三源抓取: CNN:50 → 合計 50 篇
[14:55:57]    沒有新推文
[事件偵測] 掃描最近 5 天的信號模式...
[事件偵測]    最近 5 天的信號:
[事件偵測]    2026-07-17: 0 篇 | T=0 D=0 R=0
[事件偵測]    2026-07-16: 0 篇 | T=0 D=0 R=0
[事件偵測]    2026-07-15: 0 篇 | T=0 D=0 R=0
[事件偵測]    2026-07-14: 0 篇 | T=0 D=0 R=0
[事件偵測]    2026-07-13: 0 篇 | T=0 D=0 R=0
[14:55:57]    事件偵測失敗: Expecting value: line 1 column 1 (char 0)
[14:55:58]    🪙 $TRUMP: $2.16 (+0.1%)
[14:55:58]    📊 Polymarket 快照: 426 個市場 (20 事件)
[14:55:58]    📊 Polymarket: 426 個市場已更新
[14:55:58] 驗證 2 個即時預測...
[15:01:01]    📡 三源抓取: CNN:50 → 合計 50 篇
[15:01:01]    沒有新推文
[事件偵測] 掃描最近 5 天的信號模式...
[事件偵測]    最近 5 天的信號:
[事件偵測]    2026-07-17: 0 篇 | T=0 D=0 R=0
[事件偵測]    2026-07-16: 0 篇 | T=0 D=0 R=0
[事件偵測]    2026-07-15: 0 篇 | T=0 D=0 R=0
[事件偵測]    2026-07-14: 0 篇 | T=0 D=0 R=0
[事件偵測]    2026-07-13: 0 篇 | T=0 D=0 R=0
[15:01:01]    事件偵測失敗: Expecting value: line 1 column 1 (char 0)
[15:01:01]    🪙 $TRUMP: $2.17 (+0.6%)
[15:01:01]    📊 Polymarket 快照: 426 個市場 (20 事件)
[15:01:01]    📊 Polymarket: 426 個市場已更新
[15:01:01] 驗證 1 個即時預測...
[15:06:04]    📡 三源抓取: CNN:50 → 合計 50 篇
[15:06:04]    沒有新推文
[事件偵測] 掃描最近 5 天的信號模式...
[事件偵測]    最近 5 天的信號:
[事件偵測]    2026-07-17: 0 篇 | T=0 D=0 R=0
[事件偵測]    2026-07-16: 0 篇 | T=0 D=0 R=0
[事件偵測]    2026-07-15: 0 篇 | T=0 D=0 R=0
[事件偵測]    2026-07-14: 0 篇 | T=0 D=0 R=0
[事件偵測]    2026-07-13: 0 篇 | T=0 D=0 R=0
[15:06:04]    事件偵測失敗: Expecting value: line 1 column 1 (char 0)
[15:06:05]    🪙 $TRUMP: $2.19 (+0.4%)
[15:06:05]    📊 Polymarket 快照: 426 個市場 (20 事件)
[15:06:05]    📊 Polymarket: 426 個市場已更新
[15:06:05] 驗證 1 個即時預測...
[15:11:08]    📡 三源抓取: CNN:50 → 合計 50 篇
[15:11:08]    沒有新推文
[事件偵測] 掃描最近 5 天的信號模式...
[事件偵測]    最近 5 天的信號:
[事件偵測]    2026-07-17: 0 篇 | T=0 D=0 R=0
[事件偵測]    2026-07-16: 0 篇 | T=0 D=0 R=0
[事件偵測]    2026-07-15: 0 篇 | T=0 D=0 R=0
[事件偵測]    2026-07-14: 0 篇 | T=0 D=0 R=0
[事件偵測]    2026-07-13: 0 篇 | T=0 D=0 R=0
[15:11:08]    事件偵測失敗: Expecting value: line 1 column 1 (char 0)
[15:11:08]    🪙 $TRUMP: $2.19 (+0.2%)
[15:11:09]    📊 Polymarket 快照: 426 個市場 (20 事件)
[15:11:09]    📊 Polymarket: 426 個市場已更新
[15:11:09] 驗證 1 個即時預測...
[15:16:12]    📡 三源抓取: CNN:50 → 合計 50 篇
[15:16:12]    沒有新推文
[事件偵測] 掃描最近 5 天的信號模式...
[事件偵測]    最近 5 天的信號:
[事件偵測]    2026-07-17: 0 篇 | T=0 D=0 R=0
[事件偵測]    2026-07-16: 0 篇 | T=0 D=0 R=0
[事件偵測]    2026-07-15: 0 篇 | T=0 D=0 R=0
[事件偵測]    2026-07-14: 0 篇 | T=0 D=0 R=0
[事件偵測]    2026-07-13: 0 篇 | T=0 D=0 R=0
[15:16:12]    事件偵測失敗: Expecting value: line 1 column 1 (char 0)
[15:16:12]    🪙 $TRUMP: $2.19 (+0.7%)
[15:16:12]    📊 Polymarket 快照: 426 個市場 (20 事件)
[15:16:12]    📊 Polymarket: 426 個市場已更新
[15:16:12] 驗證 1 個即時預測...
[15:21:15]    📡 三源抓取: CNN:50 → 合計 50 篇
[15:21:15]    沒有新推文
[事件偵測] 掃描最近 5 天的信號模式...
[事件偵測]    最近 5 天的信號:
[事件偵測]    2026-07-17: 0 篇 | T=0 D=0 R=0
[事件偵測]    2026-07-16: 0 篇 | T=0 D=0 R=0
[事件偵測]    2026-07-15: 0 篇 | T=0 D=0 R=0
[事件偵測]    2026-07-14: 0 篇 | T=0 D=0 R=0
[事件偵測]    2026-07-13: 0 篇 | T=0 D=0 R=0
[15:21:15]    事件偵測失敗: Expecting value: line 1 column 1 (char 0)
[15:21:15]    🪙 $TRUMP: $2.18 (+0.9%)
[15:21:15]    📊 Polymarket 快照: 426 個市場 (20 事件)
[15:21:15]    📊 Polymarket: 426 個市場已更新
[15:21:16] 驗證 1 個即時預測...
[15:26:19]    📡 三源抓取: CNN:50 → 合計 50 篇
[15:26:19]    沒有新推文
[事件偵測] 掃描最近 5 天的信號模式...
[事件偵測]    最近 5 天的信號:
[事件偵測]    2026-07-17: 0 篇 | T=0 D=0 R=0
[事件偵測]    2026-07-16: 0 篇 | T=0 D=0 R=0
[事件偵測]    2026-07-15: 0 篇 | T=0 D=0 R=0
[事件偵測]    2026-07-14: 0 篇 | T=0 D=0 R=0
[事件偵測]    2026-07-13: 0 篇 | T=0 D=0 R=0
[15:26:19]    事件偵測失敗: Expecting value: line 1 column 1 (char 0)
[15:26:19]    🪙 $TRUMP: $2.19 (+2.5%)
[15:26:19]    📊 Polymarket 快照: 426 個市場 (20 事件)
[15:26:19]    📊 Polymarket: 426 個市場已更新
[15:26:19] 驗證 1 個即時預測...
[15:31:22]    📡 三源抓取: CNN:50 → 合計 50 篇
[15:31:22]    沒有新推文
[事件偵測] 掃描最近 5 天的信號模式...
[事件偵測]    最近 5 天的信號:
[事件偵測]    2026-07-17: 0 篇 | T=0 D=0 R=0
[事件偵測]    2026-07-16: 0 篇 | T=0 D=0 R=0
[事件偵測]    2026-07-15: 0 篇 | T=0 D=0 R=0
[事件偵測]    2026-07-14: 0 篇 | T=0 D=0 R=0
[事件偵測]    2026-07-13: 0 篇 | T=0 D=0 R=0
[15:31:22]    事件偵測失敗: Expecting value: line 1 column 1 (char 0)
[15:31:22]    🪙 $TRUMP: $2.20 (+2.5%)
[15:31:23]    📊 Polymarket 快照: 426 個市場 (20 事件)
[15:31:23]    📊 Polymarket: 426 個市場已更新
[15:31:23] 驗證 1 個即時預測...
[15:36:26]    📡 三源抓取: CNN:50 → 合計 50 篇
[15:36:26]    沒有新推文
[事件偵測] 掃描最近 5 天的信號模式...
[事件偵測]    最近 5 天的信號:
[事件偵測]    2026-07-17: 0 篇 | T=0 D=0 R=0
[事件偵測]    2026-07-16: 0 篇 | T=0 D=0 R=0
[事件偵測]    2026-07-15: 0 篇 | T=0 D=0 R=0
[事件偵測]    2026-07-14: 0 篇 | T=0 D=0 R=0
[事件偵測]    2026-07-13: 0 篇 | T=0 D=0 R=0
[15:36:26]    事件偵測失敗: Expecting value: line 1 column 1 (char 0)
[15:36:26]    🪙 $TRUMP: $2.19 (+2.0%)
[15:36:26]    📊 Polymarket 快照: 426 個市場 (20 事件)
[15:36:26]    📊 Polymarket: 426 個市場已更新
[15:36:26] 驗證 1 個即時預測...
[15:41:29]    📡 三源抓取: CNN:50 → 合計 50 篇
[15:41:29]    沒有新推文
[事件偵測] 掃描最近 5 天的信號模式...
[事件偵測]    最近 5 天的信號:
[事件偵測]    2026-07-17: 0 篇 | T=0 D=0 R=0
[事件偵測]    2026-07-16: 0 篇 | T=0 D=0 R=0
[事件偵測]    2026-07-15: 0 篇 | T=0 D=0 R=0
[事件偵測]    2026-07-14: 0 篇 | T=0 D=0 R=0
[事件偵測]    2026-07-13: 0 篇 | T=0 D=0 R=0
[15:41:29]    事件偵測失敗: Expecting value: line 1 column 1 (char 0)
[15:41:30]    🪙 $TRUMP: $2.19 (+1.4%)
[15:41:30]    📊 Polymarket 快照: 428 個市場 (20 事件)
[15:41:30]    📊 Polymarket: 428 個市場已更新
[15:41:30] 驗證 1 個即時預測...
[15:46:34]    📡 三源抓取: CNN:50 → 合計 50 篇
[15:46:34]    沒有新推文
[事件偵測] 掃描最近 5 天的信號模式...
[事件偵測]    最近 5 天的信號:
[事件偵測]    2026-07-17: 0 篇 | T=0 D=0 R=0
[事件偵測]    2026-07-16: 0 篇 | T=0 D=0 R=0
[事件偵測]    2026-07-15: 0 篇 | T=0 D=0 R=0
[事件偵測]    2026-07-14: 0 篇 | T=0 D=0 R=0
[事件偵測]    2026-07-13: 0 篇 | T=0 D=0 R=0
[15:46:34]    事件偵測失敗: Expecting value: line 1 column 1 (char 0)
[15:46:34]    🪙 $TRUMP: $2.20 (+1.2%)
[15:46:35]    📊 Polymarket 快照: 428 個市場 (20 事件)
[15:46:35]    📊 Polymarket: 428 個市場已更新
[15:46:35] 驗證 1 個即時預測...
[15:51:38]    📡 三源抓取: CNN:50 → 合計 50 篇
[15:51:38]    沒有新推文
[事件偵測] 掃描最近 5 天的信號模式...
[事件偵測]    最近 5 天的信號:
[事件偵測]    2026-07-17: 0 篇 | T=0 D=0 R=0
[事件偵測]    2026-07-16: 0 篇 | T=0 D=0 R=0
[事件偵測]    2026-07-15: 0 篇 | T=0 D=0 R=0
[事件偵測]    2026-07-14: 0 篇 | T=0 D=0 R=0
[事件偵測]    2026-07-13: 0 篇 | T=0 D=0 R=0
[15:51:38]    事件偵測失敗: Expecting value: line 1 column 1 (char 0)
[15:51:38]    🪙 $TRUMP: $2.20 (+1.2%)
[15:51:39]    📊 Polymarket 快照: 428 個市場 (20 事件)
[15:51:39]    📊 Polymarket: 428 個市場已更新
[15:51:39] 驗證 1 個即時預測...
[15:56:43]    📡 三源抓取: CNN:50 → 合計 50 篇
[15:56:43]    沒有新推文
[事件偵測] 掃描最近 5 天的信號模式...
[事件偵測]    最近 5 天的信號:
[事件偵測]    2026-07-17: 0 篇 | T=0 D=0 R=0
[事件偵測]    2026-07-16: 0 篇 | T=0 D=0 R=0
[事件偵測]    2026-07-15: 0 篇 | T=0 D=0 R=0
[事件偵測]    2026-07-14: 0 篇 | T=0 D=0 R=0
[事件偵測]    2026-07-13: 0 篇 | T=0 D=0 R=0
[15:56:43]    事件偵測失敗: Expecting value: line 1 column 1 (char 0)
[15:56:43]    🪙 $TRUMP: $2.19 (+0.9%)
[15:56:43]    📊 Polymarket 快照: 458 個市場 (20 事件)
[15:56:43]    📊 Polymarket: 458 個市場已更新
[15:56:43] 驗證 1 個即時預測...
[16:01:47]    📡 三源抓取: CNN:50 → 合計 50 篇
[16:01:47]    沒有新推文
[事件偵測] 掃描最近 5 天的信號模式...
[事件偵測]    最近 5 天的信號:
[事件偵測]    2026-07-17: 0 篇 | T=0 D=0 R=0
[事件偵測]    2026-07-16: 0 篇 | T=0 D=0 R=0
[事件偵測]    2026-07-15: 0 篇 | T=0 D=0 R=0
[事件偵測]    2026-07-14: 0 篇 | T=0 D=0 R=0
[事件偵測]    2026-07-13: 0 篇 | T=0 D=0 R=0
[16:01:47]    事件偵測失敗: Expecting value: line 1 column 1 (char 0)
[16:01:47]    🪙 $TRUMP: $2.18 (+0.4%)
[16:01:47]    📊 Polymarket 快照: 458 個市場 (20 事件)
[16:01:47]    📊 Polymarket: 458 個市場已更新
[16:01:47] 驗證 1 個即時預測...
[16:06:51]    📡 三源抓取: CNN:50 → 合計 50 篇
[16:06:51]    沒有新推文
[事件偵測] 掃描最近 5 天的信號模式...
[事件偵測]    最近 5 天的信號:
[事件偵測]    2026-07-17: 0 篇 | T=0 D=0 R=0
[事件偵測]    2026-07-16: 0 篇 | T=0 D=0 R=0
[事件偵測]    2026-07-15: 0 篇 | T=0 D=0 R=0
[事件偵測]    2026-07-14: 0 篇 | T=0 D=0 R=0
[事件偵測]    2026-07-13: 0 篇 | T=0 D=0 R=0
[16:06:51]    事件偵測失敗: Expecting value: line 1 column 1 (char 0)
[16:06:51]    🪙 $TRUMP: $2.18 (-0.6%)
[16:06:52]    📊 Polymarket 快照: 458 個市場 (20 事件)
[16:06:52]    📊 Polymarket: 458 個市場已更新
[16:11:55]    📡 三源抓取: CNN:50 → 合計 50 篇
[16:11:55]    沒有新推文
[事件偵測] 掃描最近 5 天的信號模式...
[事件偵測]    最近 5 天的信號:
[事件偵測]    2026-07-17: 0 篇 | T=0 D=0 R=0
[事件偵測]    2026-07-16: 0 篇 | T=0 D=0 R=0
[事件偵測]    2026-07-15: 0 篇 | T=0 D=0 R=0
[事件偵測]    2026-07-14: 0 篇 | T=0 D=0 R=0
[事件偵測]    2026-07-13: 0 篇 | T=0 D=0 R=0
[16:11:55]    事件偵測失敗: Expecting value: line 1 column 1 (char 0)
[16:11:55]    🪙 $TRUMP: $2.17 (-0.6%)
[16:11:55]    📊 Polymarket 快照: 458 個市場 (20 事件)
[16:11:55]    📊 Polymarket: 458 個市場已更新
[16:16:59]    📡 三源抓取: CNN:50 → 合計 50 篇
[16:16:59]    沒有新推文
[事件偵測] 掃描最近 5 天的信號模式...
[事件偵測]    最近 5 天的信號:
[事件偵測]    2026-07-17: 0 篇 | T=0 D=0 R=0
[事件偵測]    2026-07-16: 0 篇 | T=0 D=0 R=0
[事件偵測]    2026-07-15: 0 篇 | T=0 D=0 R=0
[事件偵測]    2026-07-14: 0 篇 | T=0 D=0 R=0
[事件偵測]    2026-07-13: 0 篇 | T=0 D=0 R=0
[16:16:59]    事件偵測失敗: Expecting value: line 1 column 1 (char 0)
[16:16:59]    🪙 $TRUMP: $2.16 (-1.1%)
[16:17:00]    📊 Polymarket 快照: 458 個市場 (20 事件)
[16:17:00]    📊 Polymarket: 458 個市場已更新
[16:22:02]    📡 三源抓取: CNN:50 → 合計 50 篇
[16:22:02]    沒有新推文
[事件偵測] 掃描最近 5 天的信號模式...
[事件偵測]    最近 5 天的信號:
[事件偵測]    2026-07-17: 0 篇 | T=0 D=0 R=0
[事件偵測]    2026-07-16: 0 篇 | T=0 D=0 R=0
[事件偵測]    2026-07-15: 0 篇 | T=0 D=0 R=0
[事件偵測]    2026-07-14: 0 篇 | T=0 D=0 R=0
[事件偵測]    2026-07-13: 0 篇 | T=0 D=0 R=0
[16:22:02]    事件偵測失敗: Expecting value: line 1 column 1 (char 0)
[16:22:02]    🪙 $TRUMP: $2.15 (-1.0%)
[16:22:03]    📊 Polymarket 快照: 458 個市場 (20 事件)
[16:22:03]    📊 Polymarket: 458 個市場已更新
[16:27:06]    📡 三源抓取: CNN:50 → 合計 50 篇
[16:27:06]    沒有新推文
[事件偵測] 掃描最近 5 天的信號模式...
[事件偵測]    最近 5 天的信號:
[事件偵測]    2026-07-17: 0 篇 | T=0 D=0 R=0
[事件偵測]    2026-07-16: 0 篇 | T=0 D=0 R=0
[事件偵測]    2026-07-15: 0 篇 | T=0 D=0 R=0
[事件偵測]    2026-07-14: 0 篇 | T=0 D=0 R=0
[事件偵測]    2026-07-13: 0 篇 | T=0 D=0 R=0
[16:27:06]    事件偵測失敗: Expecting value: line 1 column 1 (char 0)
[16:27:06]    🪙 $TRUMP: $2.16 (-0.0%)
[16:27:07]    📊 Polymarket 快照: 458 個市場 (20 事件)
[16:27:07]    📊 Polymarket: 458 個市場已更新
[16:32:10]    📡 三源抓取: CNN:50 → 合計 50 篇
[16:32:10]    沒有新推文
[事件偵測] 掃描最近 5 天的信號模式...
[事件偵測]    最近 5 天的信號:
[事件偵測]    2026-07-17: 0 篇 | T=0 D=0 R=0
[事件偵測]    2026-07-16: 0 篇 | T=0 D=0 R=0
[事件偵測]    2026-07-15: 0 篇 | T=0 D=0 R=0
[事件偵測]    2026-07-14: 0 篇 | T=0 D=0 R=0
[事件偵測]    2026-07-13: 0 篇 | T=0 D=0 R=0
[16:32:10]    事件偵測失敗: Expecting value: line 1 column 1 (char 0)
[16:32:11]    🪙 $TRUMP: $2.15 (-0.1%)
[16:32:11]    📊 Polymarket 快照: 458 個市場 (20 事件)
[16:32:11]    📊 Polymarket: 458 個市場已更新
[16:37:14]    📡 三源抓取: CNN:50 → 合計 50 篇
[16:37:14]    沒有新推文
[事件偵測] 掃描最近 5 天的信號模式...
[事件偵測]    最近 5 天的信號:
[事件偵測]    2026-07-17: 0 篇 | T=0 D=0 R=0
[事件偵測]    2026-07-16: 0 篇 | T=0 D=0 R=0
[事件偵測]    2026-07-15: 0 篇 | T=0 D=0 R=0
[事件偵測]    2026-07-14: 0 篇 | T=0 D=0 R=0
[事件偵測]    2026-07-13: 0 篇 | T=0 D=0 R=0
[16:37:14]    事件偵測失敗: Expecting value: line 1 column 1 (char 0)
[16:37:14]    🪙 $TRUMP: $2.16 (+0.2%)
[16:37:14]    📊 Polymarket 快照: 458 個市場 (20 事件)
[16:37:14]    📊 Polymarket: 458 個市場已更新
[16:42:17]    📡 三源抓取: CNN:50 → 合計 50 篇
[16:42:17]    沒有新推文
[事件偵測] 掃描最近 5 天的信號模式...
[事件偵測]    最近 5 天的信號:
[事件偵測]    2026-07-17: 0 篇 | T=0 D=0 R=0
[事件偵測]    2026-07-16: 0 篇 | T=0 D=0 R=0
[事件偵測]    2026-07-15: 0 篇 | T=0 D=0 R=0
[事件偵測]    2026-07-14: 0 篇 | T=0 D=0 R=0
[事件偵測]    2026-07-13: 0 篇 | T=0 D=0 R=0
[16:42:17]    事件偵測失敗: Expecting value: line 1 column 1 (char 0)
[16:42:18]    🪙 $TRUMP: $2.16 (+0.6%)
[16:42:19]    📊 Polymarket 快照: 458 個市場 (20 事件)
[16:42:19]    📊 Polymarket: 458 個市場已更新
[16:47:21]    📡 三源抓取: CNN:50 → 合計 50 篇
[16:47:21]    沒有新推文
[事件偵測] 掃描最近 5 天的信號模式...
[事件偵測]    最近 5 天的信號:
[事件偵測]    2026-07-17: 0 篇 | T=0 D=0 R=0
[事件偵測]    2026-07-16: 0 篇 | T=0 D=0 R=0
[事件偵測]    2026-07-15: 0 篇 | T=0 D=0 R=0
[事件偵測]    2026-07-14: 0 篇 | T=0 D=0 R=0
[事件偵測]    2026-07-13: 0 篇 | T=0 D=0 R=0
[16:47:21]    事件偵測失敗: Expecting value: line 1 column 1 (char 0)
[16:47:21]    🪙 $TRUMP: $2.16 (+0.6%)
[16:47:22]    📊 Polymarket 快照: 458 個市場 (20 事件)
[16:47:22]    📊 Polymarket: 458 個市場已更新
[16:52:25]    📡 三源抓取: CNN:50 → 合計 50 篇
[16:52:25]    沒有新推文
[事件偵測] 掃描最近 5 天的信號模式...
[事件偵測]    最近 5 天的信號:
[事件偵測]    2026-07-17: 0 篇 | T=0 D=0 R=0
[事件偵測]    2026-07-16: 0 篇 | T=0 D=0 R=0
[事件偵測]    2026-07-15: 0 篇 | T=0 D=0 R=0
[事件偵測]    2026-07-14: 0 篇 | T=0 D=0 R=0
[事件偵測]    2026-07-13: 0 篇 | T=0 D=0 R=0
[16:52:25]    事件偵測失敗: Expecting value: line 1 column 1 (char 0)
[16:52:25]    🪙 $TRUMP: $2.17 (+0.8%)
[16:52:26]    📊 Polymarket 快照: 458 個市場 (20 事件)
[16:52:26]    📊 Polymarket: 458 個市場已更新
[16:57:29]    📡 三源抓取: CNN:50 → 合計 50 篇
[16:57:29]    沒有新推文
[事件偵測] 掃描最近 5 天的信號模式...
[事件偵測]    最近 5 天的信號:
[事件偵測]    2026-07-17: 0 篇 | T=0 D=0 R=0
[事件偵測]    2026-07-16: 0 篇 | T=0 D=0 R=0
[事件偵測]    2026-07-15: 0 篇 | T=0 D=0 R=0
[事件偵測]    2026-07-14: 0 篇 | T=0 D=0 R=0
[事件偵測]    2026-07-13: 0 篇 | T=0 D=0 R=0
[16:57:29]    事件偵測失敗: Expecting value: line 1 column 1 (char 0)
[16:57:29]    🪙 $TRUMP: $2.17 (+0.9%)
[16:57:29]    📊 Polymarket 快照: 458 個市場 (20 事件)
[16:57:29]    📊 Polymarket: 458 個市場已更新
[17:02:32]    📡 三源抓取: CNN:50 → 合計 50 篇
[17:02:32]    沒有新推文
[事件偵測] 掃描最近 5 天的信號模式...
[事件偵測]    最近 5 天的信號:
[事件偵測]    2026-07-17: 0 篇 | T=0 D=0 R=0
[事件偵測]    2026-07-16: 0 篇 | T=0 D=0 R=0
[事件偵測]    2026-07-15: 0 篇 | T=0 D=0 R=0
[事件偵測]    2026-07-14: 0 篇 | T=0 D=0 R=0
[事件偵測]    2026-07-13: 0 篇 | T=0 D=0 R=0
[17:02:32]    事件偵測失敗: Expecting value: line 1 column 1 (char 0)
[17:02:32]    🪙 $TRUMP: $2.17 (+0.9%)
[17:02:33]    📊 Polymarket 快照: 458 個市場 (20 事件)
[17:02:33]    📊 Polymarket: 458 個市場已更新
[17:07:35]    📡 三源抓取: CNN:50 → 合計 50 篇
[17:07:35]    沒有新推文
[事件偵測] 掃描最近 5 天的信號模式...
[事件偵測]    最近 5 天的信號:
[事件偵測]    2026-07-17: 0 篇 | T=0 D=0 R=0
[事件偵測]    2026-07-16: 0 篇 | T=0 D=0 R=0
[事件偵測]    2026-07-15: 0 篇 | T=0 D=0 R=0
[事件偵測]    2026-07-14: 0 篇 | T=0 D=0 R=0
[事件偵測]    2026-07-13: 0 篇 | T=0 D=0 R=0
[17:07:35]    事件偵測失敗: Expecting value: line 1 column 1 (char 0)
[17:07:36]    🪙 $TRUMP: $2.17 (+0.9%)
[17:07:36]    📊 Polymarket 快照: 458 個市場 (20 事件)
[17:07:36]    📊 Polymarket: 458 個市場已更新
[17:12:39]    📡 三源抓取: CNN:50 → 合計 50 篇
[17:12:39]    沒有新推文
[事件偵測] 掃描最近 5 天的信號模式...
[事件偵測]    最近 5 天的信號:
[事件偵測]    2026-07-17: 0 篇 | T=0 D=0 R=0
[事件偵測]    2026-07-16: 0 篇 | T=0 D=0 R=0
[事件偵測]    2026-07-15: 0 篇 | T=0 D=0 R=0
[事件偵測]    2026-07-14: 0 篇 | T=0 D=0 R=0
[事件偵測]    2026-07-13: 0 篇 | T=0 D=0 R=0
[17:12:39]    事件偵測失敗: Expecting value: line 1 column 1 (char 0)
[17:12:39]    🪙 $TRUMP: $2.17 (+0.9%)
[17:12:39]    📊 Polymarket 快照: 458 個市場 (20 事件)
[17:12:39]    📊 Polymarket: 458 個市場已更新
[17:17:43]    📡 三源抓取: CNN:50 → 合計 50 篇
[17:17:43]    沒有新推文
[事件偵測] 掃描最近 5 天的信號模式...
[事件偵測]    最近 5 天的信號:
[事件偵測]    2026-07-17: 0 篇 | T=0 D=0 R=0
[事件偵測]    2026-07-16: 0 篇 | T=0 D=0 R=0
[事件偵測]    2026-07-15: 0 篇 | T=0 D=0 R=0
[事件偵測]    2026-07-14: 0 篇 | T=0 D=0 R=0
[事件偵測]    2026-07-13: 0 篇 | T=0 D=0 R=0
[17:17:43]    事件偵測失敗: Expecting value: line 1 column 1 (char 0)
[17:17:43]    🪙 $TRUMP: $2.18 (+1.8%)
[17:17:43]    📊 Polymarket 快照: 458 個市場 (20 事件)
[17:17:43]    📊 Polymarket: 458 個市場已更新
[17:22:46]    📡 三源抓取: CNN:50 → 合計 50 篇
[17:22:46]    沒有新推文
[事件偵測] 掃描最近 5 天的信號模式...
[事件偵測]    最近 5 天的信號:
[事件偵測]    2026-07-17: 0 篇 | T=0 D=0 R=0
[事件偵測]    2026-07-16: 0 篇 | T=0 D=0 R=0
[事件偵測]    2026-07-15: 0 篇 | T=0 D=0 R=0
[事件偵測]    2026-07-14: 0 篇 | T=0 D=0 R=0
[事件偵測]    2026-07-13: 0 篇 | T=0 D=0 R=0
[17:22:46]    事件偵測失敗: Expecting value: line 1 column 1 (char 0)
[17:22:46]    🪙 $TRUMP: $2.17 (+1.1%)
[17:22:46]    📊 Polymarket 快照: 458 個市場 (20 事件)
[17:22:46]    📊 Polymarket: 458 個市場已更新
[17:27:49]    📡 三源抓取: CNN:50 → 合計 50 篇
[17:27:49]    沒有新推文
[事件偵測] 掃描最近 5 天的信號模式...
[事件偵測]    最近 5 天的信號:
[事件偵測]    2026-07-17: 0 篇 | T=0 D=0 R=0
[事件偵測]    2026-07-16: 0 篇 | T=0 D=0 R=0
[事件偵測]    2026-07-15: 0 篇 | T=0 D=0 R=0
[事件偵測]    2026-07-14: 0 篇 | T=0 D=0 R=0
[事件偵測]    2026-07-13: 0 篇 | T=0 D=0 R=0
[17:27:49]    事件偵測失敗: Expecting value: line 1 column 1 (char 0)
[17:27:49]    🪙 $TRUMP: $2.18 (+1.8%)
[17:27:50]    📊 Polymarket 快照: 456 個市場 (20 事件)
[17:27:50]    📊 Polymarket: 456 個市場已更新
[17:32:52]    📡 三源抓取: CNN:50 → 合計 50 篇
[17:32:52]    沒有新推文
[事件偵測] 掃描最近 5 天的信號模式...
[事件偵測]    最近 5 天的信號:
[事件偵測]    2026-07-17: 0 篇 | T=0 D=0 R=0
[事件偵測]    2026-07-16: 0 篇 | T=0 D=0 R=0
[事件偵測]    2026-07-15: 0 篇 | T=0 D=0 R=0
[事件偵測]    2026-07-14: 0 篇 | T=0 D=0 R=0
[事件偵測]    2026-07-13: 0 篇 | T=0 D=0 R=0
[17:32:52]    事件偵測失敗: Expecting value: line 1 column 1 (char 0)
[17:32:53]    🪙 $TRUMP: $2.18 (+1.5%)
[17:32:53]    📊 Polymarket 快照: 456 個市場 (20 事件)
[17:32:53]    📊 Polymarket: 456 個市場已更新
[17:37:56]    📡 三源抓取: CNN:50 → 合計 50 篇
[17:37:56]    沒有新推文
[事件偵測] 掃描最近 5 天的信號模式...
[事件偵測]    最近 5 天的信號:
[事件偵測]    2026-07-17: 0 篇 | T=0 D=0 R=0
[事件偵測]    2026-07-16: 0 篇 | T=0 D=0 R=0
[事件偵測]    2026-07-15: 0 篇 | T=0 D=0 R=0
[事件偵測]    2026-07-14: 0 篇 | T=0 D=0 R=0
[事件偵測]    2026-07-13: 0 篇 | T=0 D=0 R=0
[17:37:56]    事件偵測失敗: Expecting value: line 1 column 1 (char 0)
[17:37:56]    🪙 $TRUMP: $2.18 (+1.6%)
[17:37:57]    📊 Polymarket 快照: 456 個市場 (20 事件)
[17:37:57]    📊 Polymarket: 456 個市場已更新
[17:42:59]    📡 三源抓取: CNN:50 → 合計 50 篇
[17:42:59]    沒有新推文
[事件偵測] 掃描最近 5 天的信號模式...
[事件偵測]    最近 5 天的信號:
[事件偵測]    2026-07-17: 0 篇 | T=0 D=0 R=0
[事件偵測]    2026-07-16: 0 篇 | T=0 D=0 R=0
[事件偵測]    2026-07-15: 0 篇 | T=0 D=0 R=0
[事件偵測]    2026-07-14: 0 篇 | T=0 D=0 R=0
[事件偵測]    2026-07-13: 0 篇 | T=0 D=0 R=0
[17:42:59]    事件偵測失敗: Expecting value: line 1 column 1 (char 0)
[17:43:00]    🪙 $TRUMP: $2.18 (+1.3%)
[17:43:00]    📊 Polymarket 快照: 456 個市場 (20 事件)
[17:43:00]    📊 Polymarket: 456 個市場已更新
[17:48:04]    📡 三源抓取: CNN:50 → 合計 50 篇
[17:48:04]    沒有新推文
[事件偵測] 掃描最近 5 天的信號模式...
[事件偵測]    最近 5 天的信號:
[事件偵測]    2026-07-17: 0 篇 | T=0 D=0 R=0
[事件偵測]    2026-07-16: 0 篇 | T=0 D=0 R=0
[事件偵測]    2026-07-15: 0 篇 | T=0 D=0 R=0
[事件偵測]    2026-07-14: 0 篇 | T=0 D=0 R=0
[事件偵測]    2026-07-13: 0 篇 | T=0 D=0 R=0
[17:48:04]    事件偵測失敗: Expecting value: line 1 column 1 (char 0)
[17:48:04]    🪙 $TRUMP: $2.17 (+1.7%)
[17:48:05]    📊 Polymarket 快照: 458 個市場 (20 事件)
[17:48:05]    📊 Polymarket: 458 個市場已更新
[17:53:08]    📡 三源抓取: CNN:50 → 合計 50 篇
[17:53:08]    沒有新推文
[事件偵測] 掃描最近 5 天的信號模式...
[事件偵測]    最近 5 天的信號:
[事件偵測]    2026-07-17: 0 篇 | T=0 D=0 R=0
[事件偵測]    2026-07-16: 0 篇 | T=0 D=0 R=0
[事件偵測]    2026-07-15: 0 篇 | T=0 D=0 R=0
[事件偵測]    2026-07-14: 0 篇 | T=0 D=0 R=0
[事件偵測]    2026-07-13: 0 篇 | T=0 D=0 R=0
[17:53:08]    事件偵測失敗: Expecting value: line 1 column 1 (char 0)
[17:53:08]    🪙 $TRUMP: $2.17 (+1.9%)
[17:53:08]    📊 Polymarket 快照: 456 個市場 (20 事件)
[17:53:08]    📊 Polymarket: 456 個市場已更新
[17:58:11]    📡 三源抓取: CNN:50 → 合計 50 篇
[17:58:11]    沒有新推文
[事件偵測] 掃描最近 5 天的信號模式...
[事件偵測]    最近 5 天的信號:
[事件偵測]    2026-07-17: 0 篇 | T=0 D=0 R=0
[事件偵測]    2026-07-16: 0 篇 | T=0 D=0 R=0
[事件偵測]    2026-07-15: 0 篇 | T=0 D=0 R=0
[事件偵測]    2026-07-14: 0 篇 | T=0 D=0 R=0
[事件偵測]    2026-07-13: 0 篇 | T=0 D=0 R=0
[17:58:11]    事件偵測失敗: Expecting value: line 1 column 1 (char 0)
[17:58:11]    🪙 $TRUMP: $2.17 (+2.1%)
[17:58:11]    📊 Polymarket 快照: 510 個市場 (20 事件)
[17:58:11]    📊 Polymarket: 510 個市場已更新
[18:03:15]    📡 三源抓取: CNN:50 → 合計 50 篇
[18:03:15]    沒有新推文
[事件偵測] 掃描最近 5 天的信號模式...
[事件偵測]    最近 5 天的信號:
[事件偵測]    2026-07-17: 0 篇 | T=0 D=0 R=0
[事件偵測]    2026-07-16: 0 篇 | T=0 D=0 R=0
[事件偵測]    2026-07-15: 0 篇 | T=0 D=0 R=0
[事件偵測]    2026-07-14: 0 篇 | T=0 D=0 R=0
[事件偵測]    2026-07-13: 0 篇 | T=0 D=0 R=0
[18:03:15]    事件偵測失敗: Expecting value: line 1 column 1 (char 0)
[18:03:15]    🪙 $TRUMP: $2.17 (+1.9%)
[18:03:16]    📊 Polymarket 快照: 510 個市場 (20 事件)
[18:03:16]    📊 Polymarket: 510 個市場已更新
[18:08:18]    📡 三源抓取: CNN:50 → 合計 50 篇
[18:08:18]    沒有新推文
[事件偵測] 掃描最近 5 天的信號模式...
[事件偵測]    最近 5 天的信號:
[事件偵測]    2026-07-17: 0 篇 | T=0 D=0 R=0
[事件偵測]    2026-07-16: 0 篇 | T=0 D=0 R=0
[事件偵測]    2026-07-15: 0 篇 | T=0 D=0 R=0
[事件偵測]    2026-07-14: 0 篇 | T=0 D=0 R=0
[事件偵測]    2026-07-13: 0 篇 | T=0 D=0 R=0
[18:08:18]    事件偵測失敗: Expecting value: line 1 column 1 (char 0)
[18:08:19]    🪙 $TRUMP: $2.18 (+1.5%)
[18:08:19]    📊 Polymarket 快照: 510 個市場 (20 事件)
[18:08:19]    📊 Polymarket: 510 個市場已更新
[18:13:21]    📡 三源抓取: CNN:50 → 合計 50 篇
[18:13:21]    沒有新推文
[事件偵測] 掃描最近 5 天的信號模式...
[事件偵測]    最近 5 天的信號:
[事件偵測]    2026-07-17: 0 篇 | T=0 D=0 R=0
[事件偵測]    2026-07-16: 0 篇 | T=0 D=0 R=0
[事件偵測]    2026-07-15: 0 篇 | T=0 D=0 R=0
[事件偵測]    2026-07-14: 0 篇 | T=0 D=0 R=0
[事件偵測]    2026-07-13: 0 篇 | T=0 D=0 R=0
[18:13:21]    事件偵測失敗: Expecting value: line 1 column 1 (char 0)
[18:13:22]    🪙 $TRUMP: $2.17 (+1.0%)
[18:13:22]    📊 Polymarket 快照: 510 個市場 (20 事件)
[18:13:22]    📊 Polymarket: 510 個市場已更新
[18:18:25]    📡 三源抓取: CNN:50 → 合計 50 篇
[18:18:25]    沒有新推文
[事件偵測] 掃描最近 5 天的信號模式...
[事件偵測]    最近 5 天的信號:
[事件偵測]    2026-07-17: 0 篇 | T=0 D=0 R=0
[事件偵測]    2026-07-16: 0 篇 | T=0 D=0 R=0
[事件偵測]    2026-07-15: 0 篇 | T=0 D=0 R=0
[事件偵測]    2026-07-14: 0 篇 | T=0 D=0 R=0
[事件偵測]    2026-07-13: 0 篇 | T=0 D=0 R=0
[18:18:25]    事件偵測失敗: Expecting value: line 1 column 1 (char 0)
[18:18:25]    🪙 $TRUMP: $2.17 (+1.1%)
[18:18:25]    📊 Polymarket 快照: 510 個市場 (20 事件)
[18:18:25]    📊 Polymarket: 510 個市場已更新
[18:23:28]    📡 三源抓取: CNN:50 → 合計 50 篇
[18:23:28]    沒有新推文
[事件偵測] 掃描最近 5 天的信號模式...
[事件偵測]    最近 5 天的信號:
[事件偵測]    2026-07-17: 0 篇 | T=0 D=0 R=0
[事件偵測]    2026-07-16: 0 篇 | T=0 D=0 R=0
[事件偵測]    2026-07-15: 0 篇 | T=0 D=0 R=0
[事件偵測]    2026-07-14: 0 篇 | T=0 D=0 R=0
[事件偵測]    2026-07-13: 0 篇 | T=0 D=0 R=0
[18:23:28]    事件偵測失敗: Expecting value: line 1 column 1 (char 0)
[18:23:28]    🪙 $TRUMP: $2.18 (+1.6%)
[18:23:28]    📊 Polymarket 快照: 510 個市場 (20 事件)
[18:23:28]    📊 Polymarket: 510 個市場已更新
[18:28:31]    📡 三源抓取: CNN:50 → 合計 50 篇
[18:28:31]    沒有新推文
[事件偵測] 掃描最近 5 天的信號模式...
[事件偵測]    最近 5 天的信號:
[事件偵測]    2026-07-17: 0 篇 | T=0 D=0 R=0
[事件偵測]    2026-07-16: 0 篇 | T=0 D=0 R=0
[事件偵測]    2026-07-15: 0 篇 | T=0 D=0 R=0
[事件偵測]    2026-07-14: 0 篇 | T=0 D=0 R=0
[事件偵測]    2026-07-13: 0 篇 | T=0 D=0 R=0
[18:28:31]    事件偵測失敗: Expecting value: line 1 column 1 (char 0)
[18:28:31]    🪙 $TRUMP: $2.18 (+1.3%)
[18:28:32]    📊 Polymarket 快照: 474 個市場 (20 事件)
[18:28:32]    📊 Polymarket: 474 個市場已更新
[18:33:34]    📡 三源抓取: CNN:50 → 合計 50 篇
[18:33:34]    沒有新推文
[事件偵測] 掃描最近 5 天的信號模式...
[事件偵測]    最近 5 天的信號:
[事件偵測]    2026-07-17: 0 篇 | T=0 D=0 R=0
[事件偵測]    2026-07-16: 0 篇 | T=0 D=0 R=0
[事件偵測]    2026-07-15: 0 篇 | T=0 D=0 R=0
[事件偵測]    2026-07-14: 0 篇 | T=0 D=0 R=0
[事件偵測]    2026-07-13: 0 篇 | T=0 D=0 R=0
[18:33:34]    事件偵測失敗: Expecting value: line 1 column 1 (char 0)
[18:33:34]    🪙 $TRUMP: $2.18 (+1.1%)
[18:33:35]    📊 Polymarket 快照: 474 個市場 (20 事件)
[18:33:35]    📊 Polymarket: 474 個市場已更新
[18:38:38]    📡 三源抓取: CNN:50 → 合計 50 篇
[18:38:38]    沒有新推文
[事件偵測] 掃描最近 5 天的信號模式...
[事件偵測]    最近 5 天的信號:
[事件偵測]    2026-07-17: 0 篇 | T=0 D=0 R=0
[事件偵測]    2026-07-16: 0 篇 | T=0 D=0 R=0
[事件偵測]    2026-07-15: 0 篇 | T=0 D=0 R=0
[事件偵測]    2026-07-14: 0 篇 | T=0 D=0 R=0
[事件偵測]    2026-07-13: 0 篇 | T=0 D=0 R=0
[18:38:38]    事件偵測失敗: Expecting value: line 1 column 1 (char 0)
[18:38:38]    🪙 $TRUMP: $2.17 (+1.1%)
[18:38:39]    📊 Polymarket 快照: 474 個市場 (20 事件)
[18:38:39]    📊 Polymarket: 474 個市場已更新
[18:43:42]    📡 三源抓取: CNN:50 → 合計 50 篇
[18:43:42]    沒有新推文
[事件偵測] 掃描最近 5 天的信號模式...
[事件偵測]    最近 5 天的信號:
[事件偵測]    2026-07-17: 0 篇 | T=0 D=0 R=0
[事件偵測]    2026-07-16: 0 篇 | T=0 D=0 R=0
[事件偵測]    2026-07-15: 0 篇 | T=0 D=0 R=0
[事件偵測]    2026-07-14: 0 篇 | T=0 D=0 R=0
[事件偵測]    2026-07-13: 0 篇 | T=0 D=0 R=0
[18:43:42]    事件偵測失敗: Expecting value: line 1 column 1 (char 0)
[18:43:42]    🪙 $TRUMP: $2.18 (+1.1%)
[18:43:42]    📊 Polymarket 快照: 478 個市場 (20 事件)
[18:43:42]    📊 Polymarket: 478 個市場已更新
[18:48:45]    📡 三源抓取: CNN:50 → 合計 50 篇
[18:48:45]    沒有新推文
[事件偵測] 掃描最近 5 天的信號模式...
[事件偵測]    最近 5 天的信號:
[事件偵測]    2026-07-17: 0 篇 | T=0 D=0 R=0
[事件偵測]    2026-07-16: 0 篇 | T=0 D=0 R=0
[事件偵測]    2026-07-15: 0 篇 | T=0 D=0 R=0
[事件偵測]    2026-07-14: 0 篇 | T=0 D=0 R=0
[事件偵測]    2026-07-13: 0 篇 | T=0 D=0 R=0
[18:48:45]    事件偵測失敗: Expecting value: line 1 column 1 (char 0)
[18:48:45]    🪙 $TRUMP: $2.18 (+1.1%)
[18:48:45]    📊 Polymarket 快照: 478 個市場 (20 事件)
[18:48:45]    📊 Polymarket: 478 個市場已更新
[18:53:48]    📡 三源抓取: CNN:50 → 合計 50 篇
[18:53:48]    沒有新推文
[事件偵測] 掃描最近 5 天的信號模式...
[事件偵測]    最近 5 天的信號:
[事件偵測]    2026-07-17: 0 篇 | T=0 D=0 R=0
[事件偵測]    2026-07-16: 0 篇 | T=0 D=0 R=0
[事件偵測]    2026-07-15: 0 篇 | T=0 D=0 R=0
[事件偵測]    2026-07-14: 0 篇 | T=0 D=0 R=0
[事件偵測]    2026-07-13: 0 篇 | T=0 D=0 R=0
[18:53:48]    事件偵測失敗: Expecting value: line 1 column 1 (char 0)
[18:53:48]    🪙 $TRUMP: $2.17 (+0.7%)
[18:53:49]    📊 Polymarket 快照: 478 個市場 (20 事件)
[18:53:49]    📊 Polymarket: 478 個市場已更新
[18:58:51]    📡 三源抓取: CNN:50 → 合計 50 篇
[18:58:51]    沒有新推文
[事件偵測] 掃描最近 5 天的信號模式...
[事件偵測]    最近 5 天的信號:
[事件偵測]    2026-07-17: 0 篇 | T=0 D=0 R=0
[事件偵測]    2026-07-16: 0 篇 | T=0 D=0 R=0
[事件偵測]    2026-07-15: 0 篇 | T=0 D=0 R=0
[事件偵測]    2026-07-14: 0 篇 | T=0 D=0 R=0
[事件偵測]    2026-07-13: 0 篇 | T=0 D=0 R=0
[18:58:51]    事件偵測失敗: Expecting value: line 1 column 1 (char 0)
[18:58:52]    🪙 $TRUMP: $2.16 (+0.3%)
[18:58:52]    📊 Polymarket 快照: 478 個市場 (20 事件)
[18:58:52]    📊 Polymarket: 478 個市場已更新
[19:03:55]    📡 三源抓取: CNN:50 → 合計 50 篇
[19:03:55]    沒有新推文
[事件偵測] 掃描最近 5 天的信號模式...
[事件偵測]    最近 5 天的信號:
[事件偵測]    2026-07-17: 0 篇 | T=0 D=0 R=0
[事件偵測]    2026-07-16: 0 篇 | T=0 D=0 R=0
[事件偵測]    2026-07-15: 0 篇 | T=0 D=0 R=0
[事件偵測]    2026-07-14: 0 篇 | T=0 D=0 R=0
[事件偵測]    2026-07-13: 0 篇 | T=0 D=0 R=0
[19:03:55]    事件偵測失敗: Expecting value: line 1 column 1 (char 0)
[19:03:55]    🪙 $TRUMP: $2.17 (+0.9%)
[19:03:55]    📊 Polymarket 快照: 478 個市場 (20 事件)
[19:03:55]    📊 Polymarket: 478 個市場已更新
[19:08:58]    📡 三源抓取: CNN:50 → 合計 50 篇
[19:08:58]    沒有新推文
[事件偵測] 掃描最近 5 天的信號模式...
[事件偵測]    最近 5 天的信號:
[事件偵測]    2026-07-17: 0 篇 | T=0 D=0 R=0
[事件偵測]    2026-07-16: 0 篇 | T=0 D=0 R=0
[事件偵測]    2026-07-15: 0 篇 | T=0 D=0 R=0
[事件偵測]    2026-07-14: 0 篇 | T=0 D=0 R=0
[事件偵測]    2026-07-13: 0 篇 | T=0 D=0 R=0
[19:08:58]    事件偵測失敗: Expecting value: line 1 column 1 (char 0)
[19:08:58]    🪙 $TRUMP: $2.18 (+1.5%)
[19:08:58]    📊 Polymarket 快照: 478 個市場 (20 事件)
[19:08:58]    📊 Polymarket: 478 個市場已更新
[19:14:01]    📡 三源抓取: CNN:50 → 合計 50 篇
[19:14:01]    沒有新推文
[事件偵測] 掃描最近 5 天的信號模式...
[事件偵測]    最近 5 天的信號:
[事件偵測]    2026-07-17: 0 篇 | T=0 D=0 R=0
[事件偵測]    2026-07-16: 0 篇 | T=0 D=0 R=0
[事件偵測]    2026-07-15: 0 篇 | T=0 D=0 R=0
[事件偵測]    2026-07-14: 0 篇 | T=0 D=0 R=0
[事件偵測]    2026-07-13: 0 篇 | T=0 D=0 R=0
[19:14:01]    事件偵測失敗: Expecting value: line 1 column 1 (char 0)
[19:14:01]    🪙 $TRUMP: $2.18 (+1.6%)
[19:14:02]    📊 Polymarket 快照: 478 個市場 (20 事件)
[19:14:02]    📊 Polymarket: 478 個市場已更新
[19:19:05]    📡 三源抓取: CNN:50 → 合計 50 篇
[19:19:05]    沒有新推文
[事件偵測] 掃描最近 5 天的信號模式...
[事件偵測]    最近 5 天的信號:
[事件偵測]    2026-07-17: 0 篇 | T=0 D=0 R=0
[事件偵測]    2026-07-16: 0 篇 | T=0 D=0 R=0
[事件偵測]    2026-07-15: 0 篇 | T=0 D=0 R=0
[事件偵測]    2026-07-14: 0 篇 | T=0 D=0 R=0
[事件偵測]    2026-07-13: 0 篇 | T=0 D=0 R=0
[19:19:05]    事件偵測失敗: Expecting value: line 1 column 1 (char 0)
[19:19:05]    🪙 $TRUMP: $2.19 (+1.6%)
[19:19:05]    📊 Polymarket 快照: 478 個市場 (20 事件)
[19:19:05]    📊 Polymarket: 478 個市場已更新
[19:24:08]    📡 三源抓取: CNN:50 → 合計 50 篇
[19:24:08]    沒有新推文
[事件偵測] 掃描最近 5 天的信號模式...
[事件偵測]    最近 5 天的信號:
[事件偵測]    2026-07-17: 0 篇 | T=0 D=0 R=0
[事件偵測]    2026-07-16: 0 篇 | T=0 D=0 R=0
[事件偵測]    2026-07-15: 0 篇 | T=0 D=0 R=0
[事件偵測]    2026-07-14: 0 篇 | T=0 D=0 R=0
[事件偵測]    2026-07-13: 0 篇 | T=0 D=0 R=0
[19:24:08]    事件偵測失敗: Expecting value: line 1 column 1 (char 0)
[19:24:08]    🪙 $TRUMP: $2.19 (+2.8%)
[19:24:09]    📊 Polymarket 快照: 478 個市場 (20 事件)
[19:24:09]    📊 Polymarket: 478 個市場已更新
[19:29:12]    📡 三源抓取: CNN:50 → 合計 50 篇
[19:29:12]    沒有新推文
[事件偵測] 掃描最近 5 天的信號模式...
[事件偵測]    最近 5 天的信號:
[事件偵測]    2026-07-17: 0 篇 | T=0 D=0 R=0
[事件偵測]    2026-07-16: 0 篇 | T=0 D=0 R=0
[事件偵測]    2026-07-15: 0 篇 | T=0 D=0 R=0
[事件偵測]    2026-07-14: 0 篇 | T=0 D=0 R=0
[事件偵測]    2026-07-13: 0 篇 | T=0 D=0 R=0
[19:29:12]    事件偵測失敗: Expecting value: line 1 column 1 (char 0)
[19:29:13]    🪙 $TRUMP: $2.19 (+2.4%)
[19:29:13]    📊 Polymarket 快照: 478 個市場 (20 事件)
[19:29:13]    📊 Polymarket: 478 個市場已更新
[19:34:16]    📡 三源抓取: CNN:50 → 合計 50 篇
[19:34:16]    沒有新推文
[事件偵測] 掃描最近 5 天的信號模式...
[事件偵測]    最近 5 天的信號:
[事件偵測]    2026-07-17: 0 篇 | T=0 D=0 R=0
[事件偵測]    2026-07-16: 0 篇 | T=0 D=0 R=0
[事件偵測]    2026-07-15: 0 篇 | T=0 D=0 R=0
[事件偵測]    2026-07-14: 0 篇 | T=0 D=0 R=0
[事件偵測]    2026-07-13: 0 篇 | T=0 D=0 R=0
[19:34:16]    事件偵測失敗: Expecting value: line 1 column 1 (char 0)
[19:34:16]    🪙 $TRUMP: $2.20 (+2.3%)
[19:34:16]    📊 Polymarket 快照: 478 個市場 (20 事件)
[19:34:16]    📊 Polymarket: 478 個市場已更新
[19:39:20]    📡 三源抓取: CNN:50 → 合計 50 篇
[19:39:20]    沒有新推文
[事件偵測] 掃描最近 5 天的信號模式...
[事件偵測]    最近 5 天的信號:
[事件偵測]    2026-07-17: 0 篇 | T=0 D=0 R=0
[事件偵測]    2026-07-16: 0 篇 | T=0 D=0 R=0
[事件偵測]    2026-07-15: 0 篇 | T=0 D=0 R=0
[事件偵測]    2026-07-14: 0 篇 | T=0 D=0 R=0
[事件偵測]    2026-07-13: 0 篇 | T=0 D=0 R=0
[19:39:20]    事件偵測失敗: Expecting value: line 1 column 1 (char 0)
[19:39:20]    🪙 $TRUMP: $2.19 (+1.8%)
[19:39:20]    📊 Polymarket 快照: 434 個市場 (20 事件)
[19:39:20]    📊 Polymarket: 434 個市場已更新
[19:44:23]    📡 三源抓取: CNN:50 → 合計 50 篇
[19:44:23]    沒有新推文
[事件偵測] 掃描最近 5 天的信號模式...
[事件偵測]    最近 5 天的信號:
[事件偵測]    2026-07-17: 0 篇 | T=0 D=0 R=0
[事件偵測]    2026-07-16: 0 篇 | T=0 D=0 R=0
[事件偵測]    2026-07-15: 0 篇 | T=0 D=0 R=0
[事件偵測]    2026-07-14: 0 篇 | T=0 D=0 R=0
[事件偵測]    2026-07-13: 0 篇 | T=0 D=0 R=0
[19:44:23]    事件偵測失敗: Expecting value: line 1 column 1 (char 0)
[19:44:23]    🪙 $TRUMP: $2.19 (+2.0%)
[19:44:24]    📊 Polymarket 快照: 434 個市場 (20 事件)
[19:44:24]    📊 Polymarket: 434 個市場已更新
[19:49:26]    📡 三源抓取: CNN:50 → 合計 50 篇
[19:49:26]    沒有新推文
[事件偵測] 掃描最近 5 天的信號模式...
[事件偵測]    最近 5 天的信號:
[事件偵測]    2026-07-17: 0 篇 | T=0 D=0 R=0
[事件偵測]    2026-07-16: 0 篇 | T=0 D=0 R=0
[事件偵測]    2026-07-15: 0 篇 | T=0 D=0 R=0
[事件偵測]    2026-07-14: 0 篇 | T=0 D=0 R=0
[事件偵測]    2026-07-13: 0 篇 | T=0 D=0 R=0
[19:49:26]    事件偵測失敗: Expecting value: line 1 column 1 (char 0)
[19:49:27]    🪙 $TRUMP: $2.19 (+1.9%)
[19:49:27]    📊 Polymarket 快照: 434 個市場 (20 事件)
[19:49:27]    📊 Polymarket: 434 個市場已更新
[19:54:30]    📡 三源抓取: CNN:50 → 合計 50 篇
[19:54:30]    沒有新推文
[事件偵測] 掃描最近 5 天的信號模式...
[事件偵測]    最近 5 天的信號:
[事件偵測]    2026-07-17: 0 篇 | T=0 D=0 R=0
[事件偵測]    2026-07-16: 0 篇 | T=0 D=0 R=0
[事件偵測]    2026-07-15: 0 篇 | T=0 D=0 R=0
[事件偵測]    2026-07-14: 0 篇 | T=0 D=0 R=0
[事件偵測]    2026-07-13: 0 篇 | T=0 D=0 R=0
[19:54:30]    事件偵測失敗: Expecting value: line 1 column 1 (char 0)
[19:54:30]    🪙 $TRUMP: $2.19 (+2.0%)
[19:54:30]    📊 Polymarket 快照: 434 個市場 (20 事件)
[19:54:30]    📊 Polymarket: 434 個市場已更新
[19:59:39]    📡 三源抓取: CNN:50 → 合計 50 篇
[19:59:43]    沒有新推文
[事件偵測] 掃描最近 5 天的信號模式...
[事件偵測]    最近 5 天的信號:
[事件偵測]    2026-07-17: 0 篇 | T=0 D=0 R=0
[事件偵測]    2026-07-16: 0 篇 | T=0 D=0 R=0
[事件偵測]    2026-07-15: 0 篇 | T=0 D=0 R=0
[事件偵測]    2026-07-14: 0 篇 | T=0 D=0 R=0
[事件偵測]    2026-07-13: 0 篇 | T=0 D=0 R=0
[19:59:43]    事件偵測失敗: Expecting value: line 1 column 1 (char 0)
[19:59:44]    🪙 $TRUMP: $2.20 (+1.9%)
[19:59:44]    📊 Polymarket 快照: 434 個市場 (20 事件)
[19:59:44]    📊 Polymarket: 434 個市場已更新
[20:04:47]    📡 三源抓取: CNN:50 → 合計 50 篇
[20:04:47]    沒有新推文
[事件偵測] 掃描最近 5 天的信號模式...
[事件偵測]    最近 5 天的信號:
[事件偵測]    2026-07-17: 0 篇 | T=0 D=0 R=0
[事件偵測]    2026-07-16: 0 篇 | T=0 D=0 R=0
[事件偵測]    2026-07-15: 0 篇 | T=0 D=0 R=0
[事件偵測]    2026-07-14: 0 篇 | T=0 D=0 R=0
[事件偵測]    2026-07-13: 0 篇 | T=0 D=0 R=0
[20:04:47]    事件偵測失敗: Expecting value: line 1 column 1 (char 0)
[20:04:47]    🪙 $TRUMP: $2.20 (+1.9%)
[20:04:48]    📊 Polymarket 快照: 434 個市場 (20 事件)
[20:04:48]    📊 Polymarket: 434 個市場已更新
[20:09:51]    📡 三源抓取: CNN:50 → 合計 50 篇
[20:09:51]    沒有新推文
[事件偵測] 掃描最近 5 天的信號模式...
[事件偵測]    最近 5 天的信號:
[事件偵測]    2026-07-17: 0 篇 | T=0 D=0 R=0
[事件偵測]    2026-07-16: 0 篇 | T=0 D=0 R=0
[事件偵測]    2026-07-15: 0 篇 | T=0 D=0 R=0
[事件偵測]    2026-07-14: 0 篇 | T=0 D=0 R=0
[事件偵測]    2026-07-13: 0 篇 | T=0 D=0 R=0
[20:09:51]    事件偵測失敗: Expecting value: line 1 column 1 (char 0)
[20:09:51]    🪙 $TRUMP: $2.21 (+2.1%)
[20:09:51]    📊 Polymarket 快照: 434 個市場 (20 事件)
[20:09:51]    📊 Polymarket: 434 個市場已更新
[20:14:54]    📡 三源抓取: CNN:50 → 合計 50 篇
[20:14:54]    沒有新推文
[事件偵測] 掃描最近 5 天的信號模式...
[事件偵測]    最近 5 天的信號:
[事件偵測]    2026-07-17: 0 篇 | T=0 D=0 R=0
[事件偵測]    2026-07-16: 0 篇 | T=0 D=0 R=0
[事件偵測]    2026-07-15: 0 篇 | T=0 D=0 R=0
[事件偵測]    2026-07-14: 0 篇 | T=0 D=0 R=0
[事件偵測]    2026-07-13: 0 篇 | T=0 D=0 R=0
[20:14:54]    事件偵測失敗: Expecting value: line 1 column 1 (char 0)
[20:14:54]    🪙 $TRUMP: $2.20 (+1.7%)
[20:14:55]    📊 Polymarket 快照: 434 個市場 (20 事件)
[20:14:55]    📊 Polymarket: 434 個市場已更新
[20:19:58]    📡 三源抓取: CNN:50 → 合計 50 篇
[20:19:58]    沒有新推文
[事件偵測] 掃描最近 5 天的信號模式...
[事件偵測]    最近 5 天的信號:
[事件偵測]    2026-07-17: 0 篇 | T=0 D=0 R=0
[事件偵測]    2026-07-16: 0 篇 | T=0 D=0 R=0
[事件偵測]    2026-07-15: 0 篇 | T=0 D=0 R=0
[事件偵測]    2026-07-14: 0 篇 | T=0 D=0 R=0
[事件偵測]    2026-07-13: 0 篇 | T=0 D=0 R=0
[20:19:58]    事件偵測失敗: Expecting value: line 1 column 1 (char 0)
[20:19:58]    🪙 $TRUMP: $2.19 (+1.0%)
[20:19:59]    📊 Polymarket 快照: 434 個市場 (20 事件)
[20:19:59]    📊 Polymarket: 434 個市場已更新
[20:25:02]    📡 三源抓取: CNN:50 → 合計 50 篇
[20:25:02]    沒有新推文
[事件偵測] 掃描最近 5 天的信號模式...
[事件偵測]    最近 5 天的信號:
[事件偵測]    2026-07-17: 0 篇 | T=0 D=0 R=0
[事件偵測]    2026-07-16: 0 篇 | T=0 D=0 R=0
[事件偵測]    2026-07-15: 0 篇 | T=0 D=0 R=0
[事件偵測]    2026-07-14: 0 篇 | T=0 D=0 R=0
[事件偵測]    2026-07-13: 0 篇 | T=0 D=0 R=0
[20:25:02]    事件偵測失敗: Expecting value: line 1 column 1 (char 0)
[20:25:02]    🪙 $TRUMP: $2.20 (+0.7%)
[20:25:03]    📊 Polymarket 快照: 434 個市場 (20 事件)
[20:25:03]    📊 Polymarket: 434 個市場已更新
[20:30:06]    📡 三源抓取: CNN:50 → 合計 50 篇
[20:30:06]    沒有新推文
[事件偵測] 掃描最近 5 天的信號模式...
[事件偵測]    最近 5 天的信號:
[事件偵測]    2026-07-17: 0 篇 | T=0 D=0 R=0
[事件偵測]    2026-07-16: 0 篇 | T=0 D=0 R=0
[事件偵測]    2026-07-15: 0 篇 | T=0 D=0 R=0
[事件偵測]    2026-07-14: 0 篇 | T=0 D=0 R=0
[事件偵測]    2026-07-13: 0 篇 | T=0 D=0 R=0
[20:30:06]    事件偵測失敗: Expecting value: line 1 column 1 (char 0)
[20:30:06]    🪙 $TRUMP: $2.22 (+1.6%)
[20:30:06]    📊 Polymarket 快照: 434 個市場 (20 事件)
[20:30:07]    📊 Polymarket: 434 個市場已更新
[20:35:09]    📡 三源抓取: CNN:50 → 合計 50 篇
[20:35:09]    沒有新推文
[事件偵測] 掃描最近 5 天的信號模式...
[事件偵測]    最近 5 天的信號:
[事件偵測]    2026-07-17: 0 篇 | T=0 D=0 R=0
[事件偵測]    2026-07-16: 0 篇 | T=0 D=0 R=0
[事件偵測]    2026-07-15: 0 篇 | T=0 D=0 R=0
[事件偵測]    2026-07-14: 0 篇 | T=0 D=0 R=0
[事件偵測]    2026-07-13: 0 篇 | T=0 D=0 R=0
[20:35:09]    事件偵測失敗: Expecting value: line 1 column 1 (char 0)
[20:35:09]    🪙 $TRUMP: $2.22 (+1.5%)
[20:35:09]    📊 Polymarket 快照: 434 個市場 (20 事件)
[20:35:09]    📊 Polymarket: 434 個市場已更新
[20:40:11]    📡 三源抓取: CNN:50 → 合計 50 篇
[20:40:11]    沒有新推文
[事件偵測] 掃描最近 5 天的信號模式...
[事件偵測]    最近 5 天的信號:
[事件偵測]    2026-07-17: 0 篇 | T=0 D=0 R=0
[事件偵測]    2026-07-16: 0 篇 | T=0 D=0 R=0
[事件偵測]    2026-07-15: 0 篇 | T=0 D=0 R=0
[事件偵測]    2026-07-14: 0 篇 | T=0 D=0 R=0
[事件偵測]    2026-07-13: 0 篇 | T=0 D=0 R=0
[20:40:11]    事件偵測失敗: Expecting value: line 1 column 1 (char 0)
[20:40:11]    🪙 $TRUMP: $2.22 (+1.3%)
[20:40:12]    📊 Polymarket 快照: 434 個市場 (20 事件)
[20:40:12]    📊 Polymarket: 434 個市場已更新
[20:45:14]    📡 三源抓取: CNN:50 → 合計 50 篇
[20:45:14]    沒有新推文
[事件偵測] 掃描最近 5 天的信號模式...
[事件偵測]    最近 5 天的信號:
[事件偵測]    2026-07-17: 0 篇 | T=0 D=0 R=0
[事件偵測]    2026-07-16: 0 篇 | T=0 D=0 R=0
[事件偵測]    2026-07-15: 0 篇 | T=0 D=0 R=0
[事件偵測]    2026-07-14: 0 篇 | T=0 D=0 R=0
[事件偵測]    2026-07-13: 0 篇 | T=0 D=0 R=0
[20:45:14]    事件偵測失敗: Expecting value: line 1 column 1 (char 0)
[20:45:14]    🪙 $TRUMP: $2.21 (+1.0%)
[20:45:15]    📊 Polymarket 快照: 434 個市場 (20 事件)
[20:45:15]    📊 Polymarket: 434 個市場已更新
[20:50:17]    📡 三源抓取: CNN:50 → 合計 50 篇
[20:50:17]    沒有新推文
[事件偵測] 掃描最近 5 天的信號模式...
[事件偵測]    最近 5 天的信號:
[事件偵測]    2026-07-17: 0 篇 | T=0 D=0 R=0
[事件偵測]    2026-07-16: 0 篇 | T=0 D=0 R=0
[事件偵測]    2026-07-15: 0 篇 | T=0 D=0 R=0
[事件偵測]    2026-07-14: 0 篇 | T=0 D=0 R=0
[事件偵測]    2026-07-13: 0 篇 | T=0 D=0 R=0
[20:50:17]    事件偵測失敗: Expecting value: line 1 column 1 (char 0)
[20:50:18]    🪙 $TRUMP: $2.22 (+1.5%)
[20:50:18]    📊 Polymarket 快照: 434 個市場 (20 事件)
[20:50:18]    📊 Polymarket: 434 個市場已更新
[20:55:21]    📡 三源抓取: CNN:50 → 合計 50 篇
[20:55:21]    沒有新推文
[事件偵測] 掃描最近 5 天的信號模式...
[事件偵測]    最近 5 天的信號:
[事件偵測]    2026-07-17: 0 篇 | T=0 D=0 R=0
[事件偵測]    2026-07-16: 0 篇 | T=0 D=0 R=0
[事件偵測]    2026-07-15: 0 篇 | T=0 D=0 R=0
[事件偵測]    2026-07-14: 0 篇 | T=0 D=0 R=0
[事件偵測]    2026-07-13: 0 篇 | T=0 D=0 R=0
[20:55:21]    事件偵測失敗: Expecting value: line 1 column 1 (char 0)
[20:55:21]    🪙 $TRUMP: $2.21 (+1.0%)
[20:55:21]    📊 Polymarket 快照: 434 個市場 (20 事件)
[20:55:21]    📊 Polymarket: 434 個市場已更新
[21:00:25]    📡 三源抓取: CNN:50 → 合計 50 篇
[21:00:25]    沒有新推文
[事件偵測] 掃描最近 5 天的信號模式...
[事件偵測]    最近 5 天的信號:
[事件偵測]    2026-07-17: 0 篇 | T=0 D=0 R=0
[事件偵測]    2026-07-16: 0 篇 | T=0 D=0 R=0
[事件偵測]    2026-07-15: 0 篇 | T=0 D=0 R=0
[事件偵測]    2026-07-14: 0 篇 | T=0 D=0 R=0
[事件偵測]    2026-07-13: 0 篇 | T=0 D=0 R=0
[21:00:25]    事件偵測失敗: Expecting value: line 1 column 1 (char 0)
[21:00:25]    🪙 $TRUMP: $2.21 (+1.2%)
[21:00:25]    📊 Polymarket 快照: 434 個市場 (20 事件)
[21:00:25]    📊 Polymarket: 434 個市場已更新
[21:05:28]    📡 三源抓取: CNN:50 → 合計 50 篇
[21:05:28]    沒有新推文
[事件偵測] 掃描最近 5 天的信號模式...
[事件偵測]    最近 5 天的信號:
[事件偵測]    2026-07-17: 0 篇 | T=0 D=0 R=0
[事件偵測]    2026-07-16: 0 篇 | T=0 D=0 R=0
[事件偵測]    2026-07-15: 0 篇 | T=0 D=0 R=0
[事件偵測]    2026-07-14: 0 篇 | T=0 D=0 R=0
[事件偵測]    2026-07-13: 0 篇 | T=0 D=0 R=0
[21:05:28]    事件偵測失敗: Expecting value: line 1 column 1 (char 0)
[21:05:28]    🪙 $TRUMP: $2.22 (+1.5%)
[21:05:28]    📊 Polymarket 快照: 434 個市場 (20 事件)
[21:05:28]    📊 Polymarket: 434 個市場已更新
[21:10:31]    📡 三源抓取: CNN:50 → 合計 50 篇
[21:10:31]    沒有新推文
[事件偵測] 掃描最近 5 天的信號模式...
[事件偵測]    最近 5 天的信號:
[事件偵測]    2026-07-17: 0 篇 | T=0 D=0 R=0
[事件偵測]    2026-07-16: 0 篇 | T=0 D=0 R=0
[事件偵測]    2026-07-15: 0 篇 | T=0 D=0 R=0
[事件偵測]    2026-07-14: 0 篇 | T=0 D=0 R=0
[事件偵測]    2026-07-13: 0 篇 | T=0 D=0 R=0
[21:10:31]    事件偵測失敗: Expecting value: line 1 column 1 (char 0)
[21:10:31]    🪙 $TRUMP: $2.21 (+1.7%)
[21:10:31]    📊 Polymarket 快照: 434 個市場 (20 事件)
[21:10:31]    📊 Polymarket: 434 個市場已更新
[21:15:34]    📡 三源抓取: CNN:50 → 合計 50 篇
[21:15:34]    沒有新推文
[事件偵測] 掃描最近 5 天的信號模式...
[事件偵測]    最近 5 天的信號:
[事件偵測]    2026-07-17: 0 篇 | T=0 D=0 R=0
[事件偵測]    2026-07-16: 0 篇 | T=0 D=0 R=0
[事件偵測]    2026-07-15: 0 篇 | T=0 D=0 R=0
[事件偵測]    2026-07-14: 0 篇 | T=0 D=0 R=0
[事件偵測]    2026-07-13: 0 篇 | T=0 D=0 R=0
[21:15:34]    事件偵測失敗: Expecting value: line 1 column 1 (char 0)
[21:15:34]    🪙 $TRUMP: $2.20 (+1.3%)
[21:15:35]    📊 Polymarket 快照: 434 個市場 (20 事件)
[21:15:35]    📊 Polymarket: 434 個市場已更新
[21:20:37]    📡 三源抓取: CNN:50 → 合計 50 篇
[21:20:37]    沒有新推文
[事件偵測] 掃描最近 5 天的信號模式...
[事件偵測]    最近 5 天的信號:
[事件偵測]    2026-07-17: 0 篇 | T=0 D=0 R=0
[事件偵測]    2026-07-16: 0 篇 | T=0 D=0 R=0
[事件偵測]    2026-07-15: 0 篇 | T=0 D=0 R=0
[事件偵測]    2026-07-14: 0 篇 | T=0 D=0 R=0
[事件偵測]    2026-07-13: 0 篇 | T=0 D=0 R=0
[21:20:37]    事件偵測失敗: Expecting value: line 1 column 1 (char 0)
[21:20:37]    🪙 $TRUMP: $2.20 (+1.0%)
[21:20:37]    📊 Polymarket 快照: 434 個市場 (20 事件)
[21:20:37]    📊 Polymarket: 434 個市場已更新
[21:25:40]    📡 三源抓取: CNN:50 → 合計 50 篇
[21:25:40]    沒有新推文
[事件偵測] 掃描最近 5 天的信號模式...
[事件偵測]    最近 5 天的信號:
[事件偵測]    2026-07-17: 0 篇 | T=0 D=0 R=0
[事件偵測]    2026-07-16: 0 篇 | T=0 D=0 R=0
[事件偵測]    2026-07-15: 0 篇 | T=0 D=0 R=0
[事件偵測]    2026-07-14: 0 篇 | T=0 D=0 R=0
[事件偵測]    2026-07-13: 0 篇 | T=0 D=0 R=0
[21:25:40]    事件偵測失敗: Expecting value: line 1 column 1 (char 0)
[21:25:40]    🪙 $TRUMP: $2.20 (+1.0%)
[21:25:40]    📊 Polymarket 快照: 434 個市場 (20 事件)
[21:25:40]    📊 Polymarket: 434 個市場已更新
[21:30:43]    📡 三源抓取: CNN:50 → 合計 50 篇
[21:30:43]    沒有新推文
[事件偵測] 掃描最近 5 天的信號模式...
[事件偵測]    最近 5 天的信號:
[事件偵測]    2026-07-17: 0 篇 | T=0 D=0 R=0
[事件偵測]    2026-07-16: 0 篇 | T=0 D=0 R=0
[事件偵測]    2026-07-15: 0 篇 | T=0 D=0 R=0
[事件偵測]    2026-07-14: 0 篇 | T=0 D=0 R=0
[事件偵測]    2026-07-13: 0 篇 | T=0 D=0 R=0
[21:30:43]    事件偵測失敗: Expecting value: line 1 column 1 (char 0)
[21:30:43]    🪙 $TRUMP: $2.20 (+1.3%)
[21:30:43]    📊 Polymarket 快照: 434 個市場 (20 事件)
[21:30:43]    📊 Polymarket: 434 個市場已更新
[21:35:46]    📡 三源抓取: CNN:50 → 合計 50 篇
[21:35:46]    沒有新推文
[事件偵測] 掃描最近 5 天的信號模式...
[事件偵測]    最近 5 天的信號:
[事件偵測]    2026-07-17: 0 篇 | T=0 D=0 R=0
[事件偵測]    2026-07-16: 0 篇 | T=0 D=0 R=0
[事件偵測]    2026-07-15: 0 篇 | T=0 D=0 R=0
[事件偵測]    2026-07-14: 0 篇 | T=0 D=0 R=0
[事件偵測]    2026-07-13: 0 篇 | T=0 D=0 R=0
[21:35:46]    事件偵測失敗: Expecting value: line 1 column 1 (char 0)
[21:35:46]    🪙 $TRUMP: $2.21 (+0.9%)
[21:35:46]    📊 Polymarket 快照: 434 個市場 (20 事件)
[21:35:46]    📊 Polymarket: 434 個市場已更新
[21:40:49]    📡 三源抓取: CNN:50 → 合計 50 篇
[21:40:49]    沒有新推文
[事件偵測] 掃描最近 5 天的信號模式...
[事件偵測]    最近 5 天的信號:
[事件偵測]    2026-07-17: 0 篇 | T=0 D=0 R=0
[事件偵測]    2026-07-16: 0 篇 | T=0 D=0 R=0
[事件偵測]    2026-07-15: 0 篇 | T=0 D=0 R=0
[事件偵測]    2026-07-14: 0 篇 | T=0 D=0 R=0
[事件偵測]    2026-07-13: 0 篇 | T=0 D=0 R=0
[21:40:49]    事件偵測失敗: Expecting value: line 1 column 1 (char 0)
[21:40:49]    🪙 $TRUMP: $2.21 (+0.9%)
[21:40:49]    📊 Polymarket 快照: 434 個市場 (20 事件)
[21:40:49]    📊 Polymarket: 434 個市場已更新
[21:45:53]    📡 三源抓取: CNN:50 → 合計 50 篇
[21:45:53]    沒有新推文
[事件偵測] 掃描最近 5 天的信號模式...
[事件偵測]    最近 5 天的信號:
[事件偵測]    2026-07-17: 0 篇 | T=0 D=0 R=0
[事件偵測]    2026-07-16: 0 篇 | T=0 D=0 R=0
[事件偵測]    2026-07-15: 0 篇 | T=0 D=0 R=0
[事件偵測]    2026-07-14: 0 篇 | T=0 D=0 R=0
[事件偵測]    2026-07-13: 0 篇 | T=0 D=0 R=0
[21:45:53]    事件偵測失敗: Expecting value: line 1 column 1 (char 0)
[21:45:53]    🪙 $TRUMP: $2.21 (+0.8%)
[21:45:54]    📊 Polymarket 快照: 434 個市場 (20 事件)
[21:45:54]    📊 Polymarket: 434 個市場已更新
[21:50:56]    📡 三源抓取: CNN:50 → 合計 50 篇
[21:50:56]    沒有新推文
[事件偵測] 掃描最近 5 天的信號模式...
[事件偵測]    最近 5 天的信號:
[事件偵測]    2026-07-17: 0 篇 | T=0 D=0 R=0
[事件偵測]    2026-07-16: 0 篇 | T=0 D=0 R=0
[事件偵測]    2026-07-15: 0 篇 | T=0 D=0 R=0
[事件偵測]    2026-07-14: 0 篇 | T=0 D=0 R=0
[事件偵測]    2026-07-13: 0 篇 | T=0 D=0 R=0
[21:50:56]    事件偵測失敗: Expecting value: line 1 column 1 (char 0)
[21:50:56]    🪙 $TRUMP: $2.20 (+0.7%)
[21:50:57]    📊 Polymarket 快照: 434 個市場 (20 事件)
[21:50:57]    📊 Polymarket: 434 個市場已更新
[21:55:59]    📡 三源抓取: CNN:50 → 合計 50 篇
[21:55:59]    沒有新推文
[事件偵測] 掃描最近 5 天的信號模式...
[事件偵測]    最近 5 天的信號:
[事件偵測]    2026-07-17: 0 篇 | T=0 D=0 R=0
[事件偵測]    2026-07-16: 0 篇 | T=0 D=0 R=0
[事件偵測]    2026-07-15: 0 篇 | T=0 D=0 R=0
[事件偵測]    2026-07-14: 0 篇 | T=0 D=0 R=0
[事件偵測]    2026-07-13: 0 篇 | T=0 D=0 R=0
[21:55:59]    事件偵測失敗: Expecting value: line 1 column 1 (char 0)
[21:55:59]    🪙 $TRUMP: $2.20 (+1.2%)
[21:55:59]    📊 Polymarket 快照: 408 個市場 (20 事件)
[21:55:59]    📊 Polymarket: 408 個市場已更新
[22:01:02]    📡 三源抓取: CNN:50 → 合計 50 篇
[22:01:02]    沒有新推文
[事件偵測] 掃描最近 5 天的信號模式...
[事件偵測]    最近 5 天的信號:
[事件偵測]    2026-07-17: 0 篇 | T=0 D=0 R=0
[事件偵測]    2026-07-16: 0 篇 | T=0 D=0 R=0
[事件偵測]    2026-07-15: 0 篇 | T=0 D=0 R=0
[事件偵測]    2026-07-14: 0 篇 | T=0 D=0 R=0
[事件偵測]    2026-07-13: 0 篇 | T=0 D=0 R=0
[22:01:02]    事件偵測失敗: Expecting value: line 1 column 1 (char 0)
[22:01:02]    🪙 $TRUMP: $2.20 (+0.7%)
[22:01:02]    📊 Polymarket 快照: 408 個市場 (20 事件)
[22:01:02]    📊 Polymarket: 408 個市場已更新
[22:06:06]    📡 三源抓取: CNN:50 → 合計 50 篇
[22:06:06]    沒有新推文
[事件偵測] 掃描最近 5 天的信號模式...
[事件偵測]    最近 5 天的信號:
[事件偵測]    2026-07-17: 0 篇 | T=0 D=0 R=0
[事件偵測]    2026-07-16: 0 篇 | T=0 D=0 R=0
[事件偵測]    2026-07-15: 0 篇 | T=0 D=0 R=0
[事件偵測]    2026-07-14: 0 篇 | T=0 D=0 R=0
[事件偵測]    2026-07-13: 0 篇 | T=0 D=0 R=0
[22:06:06]    事件偵測失敗: Expecting value: line 1 column 1 (char 0)
[22:06:06]    🪙 $TRUMP: $2.19 (+0.1%)
[22:06:07]    📊 Polymarket 快照: 408 個市場 (20 事件)
[22:06:07]    📊 Polymarket: 408 個市場已更新
[22:11:10]    📡 三源抓取: CNN:50 → 合計 50 篇
[22:11:10]    沒有新推文
[事件偵測] 掃描最近 5 天的信號模式...
[事件偵測]    最近 5 天的信號:
[事件偵測]    2026-07-17: 0 篇 | T=0 D=0 R=0
[事件偵測]    2026-07-16: 0 篇 | T=0 D=0 R=0
[事件偵測]    2026-07-15: 0 篇 | T=0 D=0 R=0
[事件偵測]    2026-07-14: 0 篇 | T=0 D=0 R=0
[事件偵測]    2026-07-13: 0 篇 | T=0 D=0 R=0
[22:11:10]    事件偵測失敗: Expecting value: line 1 column 1 (char 0)
[22:11:11]    🪙 $TRUMP: $2.20 (+0.3%)
[22:11:11]    📊 Polymarket 快照: 408 個市場 (20 事件)
[22:11:11]    📊 Polymarket: 408 個市場已更新
[22:16:14]    📡 三源抓取: CNN:50 → 合計 50 篇
[22:16:14]    沒有新推文
[事件偵測] 掃描最近 5 天的信號模式...
[事件偵測]    最近 5 天的信號:
[事件偵測]    2026-07-17: 0 篇 | T=0 D=0 R=0
[事件偵測]    2026-07-16: 0 篇 | T=0 D=0 R=0
[事件偵測]    2026-07-15: 0 篇 | T=0 D=0 R=0
[事件偵測]    2026-07-14: 0 篇 | T=0 D=0 R=0
[事件偵測]    2026-07-13: 0 篇 | T=0 D=0 R=0
[22:16:14]    事件偵測失敗: Expecting value: line 1 column 1 (char 0)
[22:16:14]    🪙 $TRUMP: $2.19 (-0.0%)
[22:16:14]    📊 Polymarket 快照: 408 個市場 (20 事件)
[22:16:14]    📊 Polymarket: 408 個市場已更新
[22:21:17]    📡 三源抓取: CNN:50 → 合計 50 篇
[22:21:17]    沒有新推文
[事件偵測] 掃描最近 5 天的信號模式...
[事件偵測]    最近 5 天的信號:
[事件偵測]    2026-07-17: 0 篇 | T=0 D=0 R=0
[事件偵測]    2026-07-16: 0 篇 | T=0 D=0 R=0
[事件偵測]    2026-07-15: 0 篇 | T=0 D=0 R=0
[事件偵測]    2026-07-14: 0 篇 | T=0 D=0 R=0
[事件偵測]    2026-07-13: 0 篇 | T=0 D=0 R=0
[22:21:17]    事件偵測失敗: Expecting value: line 1 column 1 (char 0)
[22:21:17]    🪙 $TRUMP: $2.20 (+0.4%)
[22:21:17]    📊 Polymarket 快照: 408 個市場 (20 事件)
[22:21:17]    📊 Polymarket: 408 個市場已更新
[22:26:20]    📡 三源抓取: CNN:50 → 合計 50 篇
[22:26:20] 🆕 偵測到 1 篇新推文！
[22:26:21]    📥 寫入 1 篇新推文到 trump_posts_all.json（總計 46125 篇）
[22:26:21]    📊 Polymarket 快照: 408 個市場 (20 事件)
[22:26:22]    🪙 $TRUMP: $2.21 (+1.2%)
[22:26:22]    📝 [22:13] Agent in Jack Smith case says he was kept in dark that subpoenaed phone data bel...
[22:26:22]    🚀拉盤 劇本觸發: 他閉嘴（什麼都沒講）
[22:26:22]       歷史: +0.409% | 建議: LONG — 沉默是金
[事件偵測] 掃描最近 5 天的信號模式...
[事件偵測]    最近 5 天的信號:
[事件偵測]    2026-07-17: 0 篇 | T=0 D=0 R=0
[事件偵測]    2026-07-16: 0 篇 | T=0 D=0 R=0
[事件偵測]    2026-07-15: 0 篇 | T=0 D=0 R=0
[事件偵測]    2026-07-14: 0 篇 | T=0 D=0 R=0
[事件偵測]    2026-07-13: 0 篇 | T=0 D=0 R=0
[22:26:22]    事件偵測失敗: Expecting value: line 1 column 1 (char 0)
[22:26:22]    🪙 $TRUMP: $2.21 (+1.2%)
[22:26:22]    📊 Polymarket 快照: 408 個市場 (20 事件)
[22:26:22]    📊 Polymarket: 408 個市場已更新
[22:26:22] 📊 本輪: 1 新推文 | 0 預測 | 0 驗證
[22:31:25]    📡 三源抓取: CNN:50 → 合計 50 篇
[22:31:25]    沒有新推文
[事件偵測] 掃描最近 5 天的信號模式...
[事件偵測]    最近 5 天的信號:
[事件偵測]    2026-07-17: 0 篇 | T=0 D=0 R=0
[事件偵測]    2026-07-16: 0 篇 | T=0 D=0 R=0
[事件偵測]    2026-07-15: 0 篇 | T=0 D=0 R=0
[事件偵測]    2026-07-14: 0 篇 | T=0 D=0 R=0
[事件偵測]    2026-07-13: 0 篇 | T=0 D=0 R=0
[22:31:25]    事件偵測失敗: Expecting value: line 1 column 1 (char 0)
[22:31:25]    🪙 $TRUMP: $2.21 (+1.3%)
[22:31:26]    📊 Polymarket 快照: 408 個市場 (20 事件)
[22:31:26]    📊 Polymarket: 408 個市場已更新
[22:36:28]    📡 三源抓取: CNN:50 → 合計 50 篇
[22:36:28]    沒有新推文
[事件偵測] 掃描最近 5 天的信號模式...
[事件偵測]    最近 5 天的信號:
[事件偵測]    2026-07-17: 0 篇 | T=0 D=0 R=0
[事件偵測]    2026-07-16: 0 篇 | T=0 D=0 R=0
[事件偵測]    2026-07-15: 0 篇 | T=0 D=0 R=0
[事件偵測]    2026-07-14: 0 篇 | T=0 D=0 R=0
[事件偵測]    2026-07-13: 0 篇 | T=0 D=0 R=0
[22:36:28]    事件偵測失敗: Expecting value: line 1 column 1 (char 0)
[22:36:28]    🪙 $TRUMP: $2.22 (+1.6%)
[22:36:28]    📊 Polymarket 快照: 408 個市場 (20 事件)
[22:36:28]    📊 Polymarket: 408 個市場已更新
[22:41:31]    📡 三源抓取: CNN:50 → 合計 50 篇
[22:41:31]    沒有新推文
[事件偵測] 掃描最近 5 天的信號模式...
[事件偵測]    最近 5 天的信號:
[事件偵測]    2026-07-17: 0 篇 | T=0 D=0 R=0
[事件偵測]    2026-07-16: 0 篇 | T=0 D=0 R=0
[事件偵測]    2026-07-15: 0 篇 | T=0 D=0 R=0
[事件偵測]    2026-07-14: 0 篇 | T=0 D=0 R=0
[事件偵測]    2026-07-13: 0 篇 | T=0 D=0 R=0
[22:41:31]    事件偵測失敗: Expecting value: line 1 column 1 (char 0)
[22:41:31]    🪙 $TRUMP: $2.23 (+1.7%)
[22:41:31]    📊 Polymarket 快照: 408 個市場 (20 事件)
[22:41:31]    📊 Polymarket: 408 個市場已更新
[22:46:34]    📡 三源抓取: CNN:50 → 合計 50 篇
[22:46:34]    沒有新推文
[事件偵測] 掃描最近 5 天的信號模式...
[事件偵測]    最近 5 天的信號:
[事件偵測]    2026-07-17: 0 篇 | T=0 D=0 R=0
[事件偵測]    2026-07-16: 0 篇 | T=0 D=0 R=0
[事件偵測]    2026-07-15: 0 篇 | T=0 D=0 R=0
[事件偵測]    2026-07-14: 0 篇 | T=0 D=0 R=0
[事件偵測]    2026-07-13: 0 篇 | T=0 D=0 R=0
[22:46:34]    事件偵測失敗: Expecting value: line 1 column 1 (char 0)
[22:46:34]    🪙 $TRUMP: $2.23 (+1.9%)
[22:46:34]    📊 Polymarket 快照: 408 個市場 (20 事件)
[22:46:34]    📊 Polymarket: 408 個市場已更新
[22:51:38]    📡 三源抓取: CNN:50 → 合計 50 篇
[22:51:38]    沒有新推文
[事件偵測] 掃描最近 5 天的信號模式...
[事件偵測]    最近 5 天的信號:
[事件偵測]    2026-07-17: 0 篇 | T=0 D=0 R=0
[事件偵測]    2026-07-16: 0 篇 | T=0 D=0 R=0
[事件偵測]    2026-07-15: 0 篇 | T=0 D=0 R=0
[事件偵測]    2026-07-14: 0 篇 | T=0 D=0 R=0
[事件偵測]    2026-07-13: 0 篇 | T=0 D=0 R=0
[22:51:38]    事件偵測失敗: Expecting value: line 1 column 1 (char 0)
[22:51:38]    🪙 $TRUMP: $2.23 (+2.1%)
[22:51:38]    📊 Polymarket 快照: 408 個市場 (20 事件)
[22:51:38]    📊 Polymarket: 408 個市場已更新
[22:56:41]    📡 三源抓取: CNN:50 → 合計 50 篇
[22:56:41]    沒有新推文
[事件偵測] 掃描最近 5 天的信號模式...
[事件偵測]    最近 5 天的信號:
[事件偵測]    2026-07-17: 0 篇 | T=0 D=0 R=0
[事件偵測]    2026-07-16: 0 篇 | T=0 D=0 R=0
[事件偵測]    2026-07-15: 0 篇 | T=0 D=0 R=0
[事件偵測]    2026-07-14: 0 篇 | T=0 D=0 R=0
[事件偵測]    2026-07-13: 0 篇 | T=0 D=0 R=0
[22:56:41]    事件偵測失敗: Expecting value: line 1 column 1 (char 0)
[22:56:41]    🪙 $TRUMP: $2.22 (+1.5%)
[22:56:42]    📊 Polymarket 快照: 408 個市場 (20 事件)
[22:56:42]    📊 Polymarket: 408 個市場已更新
[23:01:44]    📡 三源抓取: CNN:50 → 合計 50 篇
[23:01:44]    沒有新推文
[事件偵測] 掃描最近 5 天的信號模式...
[事件偵測]    最近 5 天的信號:
[事件偵測]    2026-07-17: 0 篇 | T=0 D=0 R=0
[事件偵測]    2026-07-16: 0 篇 | T=0 D=0 R=0
[事件偵測]    2026-07-15: 0 篇 | T=0 D=0 R=0
[事件偵測]    2026-07-14: 0 篇 | T=0 D=0 R=0
[事件偵測]    2026-07-13: 0 篇 | T=0 D=0 R=0
[23:01:44]    事件偵測失敗: Expecting value: line 1 column 1 (char 0)
[23:01:44]    🪙 $TRUMP: $2.22 (+1.2%)
[23:01:45]    📊 Polymarket 快照: 420 個市場 (20 事件)
[23:01:45]    📊 Polymarket: 420 個市場已更新
[23:06:47]    📡 三源抓取: CNN:50 → 合計 50 篇
[23:06:47]    沒有新推文
[事件偵測] 掃描最近 5 天的信號模式...
[事件偵測]    最近 5 天的信號:
[事件偵測]    2026-07-17: 0 篇 | T=0 D=0 R=0
[事件偵測]    2026-07-16: 0 篇 | T=0 D=0 R=0
[事件偵測]    2026-07-15: 0 篇 | T=0 D=0 R=0
[事件偵測]    2026-07-14: 0 篇 | T=0 D=0 R=0
[事件偵測]    2026-07-13: 0 篇 | T=0 D=0 R=0
[23:06:47]    事件偵測失敗: Expecting value: line 1 column 1 (char 0)
[23:06:47]    🪙 $TRUMP: $2.23 (+0.8%)
[23:06:47]    📊 Polymarket 快照: 420 個市場 (20 事件)
[23:06:47]    📊 Polymarket: 420 個市場已更新
[23:11:50]    📡 三源抓取: CNN:50 → 合計 50 篇
[23:11:50]    沒有新推文
[事件偵測] 掃描最近 5 天的信號模式...
[事件偵測]    最近 5 天的信號:
[事件偵測]    2026-07-17: 0 篇 | T=0 D=0 R=0
[事件偵測]    2026-07-16: 0 篇 | T=0 D=0 R=0
[事件偵測]    2026-07-15: 0 篇 | T=0 D=0 R=0
[事件偵測]    2026-07-14: 0 篇 | T=0 D=0 R=0
[事件偵測]    2026-07-13: 0 篇 | T=0 D=0 R=0
[23:11:50]    事件偵測失敗: Expecting value: line 1 column 1 (char 0)
[23:11:50]    🪙 $TRUMP: $2.24 (+0.9%)
[23:11:51]    📊 Polymarket 快照: 428 個市場 (20 事件)
[23:11:51]    📊 Polymarket: 428 個市場已更新
[23:16:53]    📡 三源抓取: CNN:50 → 合計 50 篇
[23:16:53]    沒有新推文
[事件偵測] 掃描最近 5 天的信號模式...
[事件偵測]    最近 5 天的信號:
[事件偵測]    2026-07-17: 0 篇 | T=0 D=0 R=0
[事件偵測]    2026-07-16: 0 篇 | T=0 D=0 R=0
[事件偵測]    2026-07-15: 0 篇 | T=0 D=0 R=0
[事件偵測]    2026-07-14: 0 篇 | T=0 D=0 R=0
[事件偵測]    2026-07-13: 0 篇 | T=0 D=0 R=0
[23:16:53]    事件偵測失敗: Expecting value: line 1 column 1 (char 0)
[23:16:53]    🪙 $TRUMP: $2.24 (+1.4%)
[23:16:54]    📊 Polymarket 快照: 428 個市場 (20 事件)
[23:16:54]    📊 Polymarket: 428 個市場已更新
[23:21:57]    📡 三源抓取: CNN:50 → 合計 50 篇
[23:21:57]    沒有新推文
[事件偵測] 掃描最近 5 天的信號模式...
[事件偵測]    最近 5 天的信號:
[事件偵測]    2026-07-17: 0 篇 | T=0 D=0 R=0
[事件偵測]    2026-07-16: 0 篇 | T=0 D=0 R=0
[事件偵測]    2026-07-15: 0 篇 | T=0 D=0 R=0
[事件偵測]    2026-07-14: 0 篇 | T=0 D=0 R=0
[事件偵測]    2026-07-13: 0 篇 | T=0 D=0 R=0
[23:21:57]    事件偵測失敗: Expecting value: line 1 column 1 (char 0)
[23:21:58]    🪙 $TRUMP: $2.24 (+2.0%)
[23:21:58]    📊 Polymarket 快照: 428 個市場 (20 事件)
[23:21:58]    📊 Polymarket: 428 個市場已更新
[23:27:01]    📡 三源抓取: CNN:50 → 合計 50 篇
[23:27:01]    沒有新推文
[事件偵測] 掃描最近 5 天的信號模式...
[事件偵測]    最近 5 天的信號:
[事件偵測]    2026-07-17: 0 篇 | T=0 D=0 R=0
[事件偵測]    2026-07-16: 0 篇 | T=0 D=0 R=0
[事件偵測]    2026-07-15: 0 篇 | T=0 D=0 R=0
[事件偵測]    2026-07-14: 0 篇 | T=0 D=0 R=0
[事件偵測]    2026-07-13: 0 篇 | T=0 D=0 R=0
[23:27:01]    事件偵測失敗: Expecting value: line 1 column 1 (char 0)
[23:27:01]    🪙 $TRUMP: $2.25 (+2.5%)
[23:27:01]    📊 Polymarket 快照: 428 個市場 (20 事件)
[23:27:01]    📊 Polymarket: 428 個市場已更新
[23:32:04]    📡 三源抓取: CNN:50 → 合計 50 篇
[23:32:04]    沒有新推文
[事件偵測] 掃描最近 5 天的信號模式...
[事件偵測]    最近 5 天的信號:
[事件偵測]    2026-07-17: 0 篇 | T=0 D=0 R=0
[事件偵測]    2026-07-16: 0 篇 | T=0 D=0 R=0
[事件偵測]    2026-07-15: 0 篇 | T=0 D=0 R=0
[事件偵測]    2026-07-14: 0 篇 | T=0 D=0 R=0
[事件偵測]    2026-07-13: 0 篇 | T=0 D=0 R=0
[23:32:04]    事件偵測失敗: Expecting value: line 1 column 1 (char 0)
[23:32:04]    🪙 $TRUMP: $2.25 (+2.8%)
[23:32:04]    📊 Polymarket 快照: 428 個市場 (20 事件)
[23:32:04]    📊 Polymarket: 428 個市場已更新
[23:37:06]    📡 三源抓取: CNN:50 → 合計 50 篇
[23:37:06]    沒有新推文
[事件偵測] 掃描最近 5 天的信號模式...
[事件偵測]    最近 5 天的信號:
[事件偵測]    2026-07-17: 0 篇 | T=0 D=0 R=0
[事件偵測]    2026-07-16: 0 篇 | T=0 D=0 R=0
[事件偵測]    2026-07-15: 0 篇 | T=0 D=0 R=0
[事件偵測]    2026-07-14: 0 篇 | T=0 D=0 R=0
[事件偵測]    2026-07-13: 0 篇 | T=0 D=0 R=0
[23:37:06]    事件偵測失敗: Expecting value: line 1 column 1 (char 0)
[23:37:06]    🪙 $TRUMP: $2.24 (+2.4%)
[23:37:07]    📊 Polymarket 快照: 428 個市場 (20 事件)
[23:37:07]    📊 Polymarket: 428 個市場已更新
[23:42:10]    📡 三源抓取: CNN:50 → 合計 50 篇
[23:42:10]    沒有新推文
[事件偵測] 掃描最近 5 天的信號模式...
[事件偵測]    最近 5 天的信號:
[事件偵測]    2026-07-17: 0 篇 | T=0 D=0 R=0
[事件偵測]    2026-07-16: 0 篇 | T=0 D=0 R=0
[事件偵測]    2026-07-15: 0 篇 | T=0 D=0 R=0
[事件偵測]    2026-07-14: 0 篇 | T=0 D=0 R=0
[事件偵測]    2026-07-13: 0 篇 | T=0 D=0 R=0
[23:42:10]    事件偵測失敗: Expecting value: line 1 column 1 (char 0)
[23:42:10]    🪙 $TRUMP: $2.24 (+2.2%)
[23:42:10]    📊 Polymarket 快照: 428 個市場 (20 事件)
[23:42:10]    📊 Polymarket: 428 個市場已更新
[23:47:13]    📡 三源抓取: CNN:50 → 合計 50 篇
[23:47:13]    沒有新推文
[事件偵測] 掃描最近 5 天的信號模式...
[事件偵測]    最近 5 天的信號:
[事件偵測]    2026-07-17: 0 篇 | T=0 D=0 R=0
[事件偵測]    2026-07-16: 0 篇 | T=0 D=0 R=0
[事件偵測]    2026-07-15: 0 篇 | T=0 D=0 R=0
[事件偵測]    2026-07-14: 0 篇 | T=0 D=0 R=0
[事件偵測]    2026-07-13: 0 篇 | T=0 D=0 R=0
[23:47:13]    事件偵測失敗: Expecting value: line 1 column 1 (char 0)
[23:47:13]    🪙 $TRUMP: $2.25 (+2.8%)
[23:47:14]    📊 Polymarket 快照: 428 個市場 (20 事件)
[23:47:14]    📊 Polymarket: 428 個市場已更新
[23:52:16]    📡 三源抓取: CNN:50 → 合計 50 篇
[23:52:16]    沒有新推文
[事件偵測] 掃描最近 5 天的信號模式...
[事件偵測]    最近 5 天的信號:
[事件偵測]    2026-07-17: 0 篇 | T=0 D=0 R=0
[事件偵測]    2026-07-16: 0 篇 | T=0 D=0 R=0
[事件偵測]    2026-07-15: 0 篇 | T=0 D=0 R=0
[事件偵測]    2026-07-14: 0 篇 | T=0 D=0 R=0
[事件偵測]    2026-07-13: 0 篇 | T=0 D=0 R=0
[23:52:16]    事件偵測失敗: Expecting value: line 1 column 1 (char 0)
[23:52:16]    🪙 $TRUMP: $2.24 (+2.5%)
[23:52:16]    📊 Polymarket 快照: 428 個市場 (20 事件)
[23:52:16]    📊 Polymarket: 428 個市場已更新
[23:57:19]    📡 三源抓取: CNN:50 → 合計 50 篇
[23:57:19]    沒有新推文
[事件偵測] 掃描最近 5 天的信號模式...
[事件偵測]    最近 5 天的信號:
[事件偵測]    2026-07-17: 0 篇 | T=0 D=0 R=0
[事件偵測]    2026-07-16: 0 篇 | T=0 D=0 R=0
[事件偵測]    2026-07-15: 0 篇 | T=0 D=0 R=0
[事件偵測]    2026-07-14: 0 篇 | T=0 D=0 R=0
[事件偵測]    2026-07-13: 0 篇 | T=0 D=0 R=0
[23:57:19]    事件偵測失敗: Expecting value: line 1 column 1 (char 0)
[23:57:19]    🪙 $TRUMP: $2.24 (+2.6%)
[23:57:20]    📊 Polymarket 快照: 420 個市場 (20 事件)
[23:57:20]    📊 Polymarket: 420 個市場已更新
[00:02:22]    📡 三源抓取: CNN:50 → 合計 50 篇
[00:02:22]    沒有新推文
[事件偵測] 掃描最近 5 天的信號模式...
[事件偵測]    最近 5 天的信號:
[事件偵測]    2026-07-17: 0 篇 | T=0 D=0 R=0
[事件偵測]    2026-07-16: 0 篇 | T=0 D=0 R=0
[事件偵測]    2026-07-15: 0 篇 | T=0 D=0 R=0
[事件偵測]    2026-07-14: 0 篇 | T=0 D=0 R=0
[事件偵測]    2026-07-13: 0 篇 | T=0 D=0 R=0
[00:02:22]    事件偵測失敗: Expecting value: line 1 column 1 (char 0)
[00:02:22]    🪙 $TRUMP: $2.24 (+2.8%)
[00:02:23]    📊 Polymarket 快照: 420 個市場 (20 事件)
[00:02:23]    📊 Polymarket: 420 個市場已更新
[00:07:26]    📡 三源抓取: CNN:50 → 合計 50 篇
[00:07:26]    沒有新推文
[事件偵測] 掃描最近 5 天的信號模式...
[事件偵測]    最近 5 天的信號:
[事件偵測]    2026-07-17: 0 篇 | T=0 D=0 R=0
[事件偵測]    2026-07-16: 0 篇 | T=0 D=0 R=0
[事件偵測]    2026-07-15: 0 篇 | T=0 D=0 R=0
[事件偵測]    2026-07-14: 0 篇 | T=0 D=0 R=0
[事件偵測]    2026-07-13: 0 篇 | T=0 D=0 R=0
[00:07:26]    事件偵測失敗: Expecting value: line 1 column 1 (char 0)
[00:07:26]    🪙 $TRUMP: $2.24 (+2.9%)
[00:07:26]    📊 Polymarket 快照: 420 個市場 (20 事件)
[00:07:26]    📊 Polymarket: 420 個市場已更新
[00:12:29]    📡 三源抓取: CNN:50 → 合計 50 篇
[00:12:29]    沒有新推文
[事件偵測] 掃描最近 5 天的信號模式...
[事件偵測]    最近 5 天的信號:
[事件偵測]    2026-07-17: 0 篇 | T=0 D=0 R=0
[事件偵測]    2026-07-16: 0 篇 | T=0 D=0 R=0
[事件偵測]    2026-07-15: 0 篇 | T=0 D=0 R=0
[事件偵測]    2026-07-14: 0 篇 | T=0 D=0 R=0
[事件偵測]    2026-07-13: 0 篇 | T=0 D=0 R=0
[00:12:29]    事件偵測失敗: Expecting value: line 1 column 1 (char 0)
[00:12:29]    🪙 $TRUMP: $2.24 (+2.9%)
[00:12:29]    📊 Polymarket 快照: 420 個市場 (20 事件)
[00:12:29]    📊 Polymarket: 420 個市場已更新
[00:17:32]    📡 三源抓取: CNN:50 → 合計 50 篇
[00:17:32]    沒有新推文
[事件偵測] 掃描最近 5 天的信號模式...
[事件偵測]    最近 5 天的信號:
[事件偵測]    2026-07-17: 0 篇 | T=0 D=0 R=0
[事件偵測]    2026-07-16: 0 篇 | T=0 D=0 R=0
[事件偵測]    2026-07-15: 0 篇 | T=0 D=0 R=0
[事件偵測]    2026-07-14: 0 篇 | T=0 D=0 R=0
[事件偵測]    2026-07-13: 0 篇 | T=0 D=0 R=0
[00:17:32]    事件偵測失敗: Expecting value: line 1 column 1 (char 0)
[00:17:32]    🪙 $TRUMP: $2.25 (+3.2%)
[00:17:32]    📊 Polymarket 快照: 420 個市場 (20 事件)
[00:17:32]    📊 Polymarket: 420 個市場已更新
[00:22:35]    📡 三源抓取: CNN:50 → 合計 50 篇
[00:22:35]    沒有新推文
[事件偵測] 掃描最近 5 天的信號模式...
[事件偵測]    最近 5 天的信號:
[事件偵測]    2026-07-17: 0 篇 | T=0 D=0 R=0
[事件偵測]    2026-07-16: 0 篇 | T=0 D=0 R=0
[事件偵測]    2026-07-15: 0 篇 | T=0 D=0 R=0
[事件偵測]    2026-07-14: 0 篇 | T=0 D=0 R=0
[事件偵測]    2026-07-13: 0 篇 | T=0 D=0 R=0
[00:22:35]    事件偵測失敗: Expecting value: line 1 column 1 (char 0)
[00:22:35]    🪙 $TRUMP: $2.26 (+3.7%)
[00:22:35]    📊 Polymarket 快照: 420 個市場 (20 事件)
[00:22:35]    📊 Polymarket: 420 個市場已更新
[00:27:38]    📡 三源抓取: CNN:50 → 合計 50 篇
[00:27:38]    沒有新推文
[事件偵測] 掃描最近 5 天的信號模式...
[事件偵測]    最近 5 天的信號:
[事件偵測]    2026-07-17: 0 篇 | T=0 D=0 R=0
[事件偵測]    2026-07-16: 0 篇 | T=0 D=0 R=0
[事件偵測]    2026-07-15: 0 篇 | T=0 D=0 R=0
[事件偵測]    2026-07-14: 0 篇 | T=0 D=0 R=0
[事件偵測]    2026-07-13: 0 篇 | T=0 D=0 R=0
[00:27:38]    事件偵測失敗: Expecting value: line 1 column 1 (char 0)
[00:27:38]    🪙 $TRUMP: $2.26 (+2.5%)
[00:27:39]    📊 Polymarket 快照: 420 個市場 (20 事件)
[00:27:39]    📊 Polymarket: 420 個市場已更新
[00:32:41]    📡 三源抓取: CNN:50 → 合計 50 篇
[00:32:41]    沒有新推文
[事件偵測] 掃描最近 5 天的信號模式...
[事件偵測]    最近 5 天的信號:
[事件偵測]    2026-07-17: 0 篇 | T=0 D=0 R=0
[事件偵測]    2026-07-16: 0 篇 | T=0 D=0 R=0
[事件偵測]    2026-07-15: 0 篇 | T=0 D=0 R=0
[事件偵測]    2026-07-14: 0 篇 | T=0 D=0 R=0
[事件偵測]    2026-07-13: 0 篇 | T=0 D=0 R=0
[00:32:41]    事件偵測失敗: Expecting value: line 1 column 1 (char 0)
[00:32:42]    🪙 $TRUMP: $2.24 (+1.9%)
[00:32:42]    📊 Polymarket 快照: 420 個市場 (20 事件)
[00:32:42]    📊 Polymarket: 420 個市場已更新
[00:37:44]    📡 三源抓取: CNN:50 → 合計 50 篇
[00:37:44]    沒有新推文
[事件偵測] 掃描最近 5 天的信號模式...
[事件偵測]    最近 5 天的信號:
[事件偵測]    2026-07-17: 0 篇 | T=0 D=0 R=0
[事件偵測]    2026-07-16: 0 篇 | T=0 D=0 R=0
[事件偵測]    2026-07-15: 0 篇 | T=0 D=0 R=0
[事件偵測]    2026-07-14: 0 篇 | T=0 D=0 R=0
[事件偵測]    2026-07-13: 0 篇 | T=0 D=0 R=0
[00:37:44]    事件偵測失敗: Expecting value: line 1 column 1 (char 0)
[00:37:44]    🪙 $TRUMP: $2.24 (+0.8%)
[00:37:44]    📊 Polymarket 快照: 420 個市場 (20 事件)
[00:37:44]    📊 Polymarket: 420 個市場已更新
[00:42:46]    📡 三源抓取: CNN:50 → 合計 50 篇
[00:42:46]    沒有新推文
[事件偵測] 掃描最近 5 天的信號模式...
[事件偵測]    最近 5 天的信號:
[事件偵測]    2026-07-17: 0 篇 | T=0 D=0 R=0
[事件偵測]    2026-07-16: 0 篇 | T=0 D=0 R=0
[事件偵測]    2026-07-15: 0 篇 | T=0 D=0 R=0
[事件偵測]    2026-07-14: 0 篇 | T=0 D=0 R=0
[事件偵測]    2026-07-13: 0 篇 | T=0 D=0 R=0
[00:42:46]    事件偵測失敗: Expecting value: line 1 column 1 (char 0)
[00:42:47]    🪙 $TRUMP: $2.24 (+0.1%)
[00:42:47]    📊 Polymarket 快照: 420 個市場 (20 事件)
[00:42:47]    📊 Polymarket: 420 個市場已更新
[00:47:49]    📡 三源抓取: CNN:50 → 合計 50 篇
[00:47:49]    沒有新推文
[事件偵測] 掃描最近 5 天的信號模式...
[事件偵測]    最近 5 天的信號:
[事件偵測]    2026-07-17: 0 篇 | T=0 D=0 R=0
[事件偵測]    2026-07-16: 0 篇 | T=0 D=0 R=0
[事件偵測]    2026-07-15: 0 篇 | T=0 D=0 R=0
[事件偵測]    2026-07-14: 0 篇 | T=0 D=0 R=0
[事件偵測]    2026-07-13: 0 篇 | T=0 D=0 R=0
[00:47:49]    事件偵測失敗: Expecting value: line 1 column 1 (char 0)
[00:47:49]    🪙 $TRUMP: $2.23 (-1.1%)
[00:47:49]    📊 Polymarket 快照: 420 個市場 (20 事件)
[00:47:49]    📊 Polymarket: 420 個市場已更新
[00:52:51]    📡 三源抓取: CNN:50 → 合計 50 篇
[00:52:51]    沒有新推文
[事件偵測] 掃描最近 5 天的信號模式...
[事件偵測]    最近 5 天的信號:
[事件偵測]    2026-07-17: 0 篇 | T=0 D=0 R=0
[事件偵測]    2026-07-16: 0 篇 | T=0 D=0 R=0
[事件偵測]    2026-07-15: 0 篇 | T=0 D=0 R=0
[事件偵測]    2026-07-14: 0 篇 | T=0 D=0 R=0
[事件偵測]    2026-07-13: 0 篇 | T=0 D=0 R=0
[00:52:51]    事件偵測失敗: Expecting value: line 1 column 1 (char 0)
[00:52:52]    🪙 $TRUMP: $2.23 (-0.5%)
[00:52:52]    📊 Polymarket 快照: 420 個市場 (20 事件)
[00:52:52]    📊 Polymarket: 420 個市場已更新
[00:57:54]    📡 三源抓取: CNN:50 → 合計 50 篇
[00:57:54]    沒有新推文
[事件偵測] 掃描最近 5 天的信號模式...
[事件偵測]    最近 5 天的信號:
[事件偵測]    2026-07-17: 0 篇 | T=0 D=0 R=0
[事件偵測]    2026-07-16: 0 篇 | T=0 D=0 R=0
[事件偵測]    2026-07-15: 0 篇 | T=0 D=0 R=0
[事件偵測]    2026-07-14: 0 篇 | T=0 D=0 R=0
[事件偵測]    2026-07-13: 0 篇 | T=0 D=0 R=0
[00:57:54]    事件偵測失敗: Expecting value: line 1 column 1 (char 0)
[00:57:54]    🪙 $TRUMP: $2.23 (+0.2%)
[00:57:54]    📊 Polymarket 快照: 420 個市場 (20 事件)
[00:57:54]    📊 Polymarket: 420 個市場已更新
[01:02:56]    📡 三源抓取: CNN:50 → 合計 50 篇
[01:02:56]    沒有新推文
[事件偵測] 掃描最近 5 天的信號模式...
[事件偵測]    最近 5 天的信號:
[事件偵測]    2026-07-17: 0 篇 | T=0 D=0 R=0
[事件偵測]    2026-07-16: 0 篇 | T=0 D=0 R=0
[事件偵測]    2026-07-15: 0 篇 | T=0 D=0 R=0
[事件偵測]    2026-07-14: 0 篇 | T=0 D=0 R=0
[事件偵測]    2026-07-13: 0 篇 | T=0 D=0 R=0
[01:02:56]    事件偵測失敗: Expecting value: line 1 column 1 (char 0)
[01:02:57]    🪙 $TRUMP: $2.23 (+1.3%)
[01:02:57]    📊 Polymarket 快照: 420 個市場 (20 事件)
[01:02:57]    📊 Polymarket: 420 個市場已更新
[01:08:01]    📡 三源抓取: CNN:50 → 合計 50 篇
[01:08:01]    沒有新推文
[事件偵測] 掃描最近 5 天的信號模式...
[事件偵測]    最近 5 天的信號:
[事件偵測]    2026-07-17: 0 篇 | T=0 D=0 R=0
[事件偵測]    2026-07-16: 0 篇 | T=0 D=0 R=0
[事件偵測]    2026-07-15: 0 篇 | T=0 D=0 R=0
[事件偵測]    2026-07-14: 0 篇 | T=0 D=0 R=0
[事件偵測]    2026-07-13: 0 篇 | T=0 D=0 R=0
[01:08:01]    事件偵測失敗: Expecting value: line 1 column 1 (char 0)
[01:08:01]    🪙 $TRUMP: $2.24 (+1.3%)
[01:08:01]    📊 Polymarket 快照: 420 個市場 (20 事件)
[01:08:01]    📊 Polymarket: 420 個市場已更新
[01:13:04]    📡 三源抓取: CNN:50 → 合計 50 篇
[01:13:04]    沒有新推文
[事件偵測] 掃描最近 5 天的信號模式...
[事件偵測]    最近 5 天的信號:
[事件偵測]    2026-07-17: 0 篇 | T=0 D=0 R=0
[事件偵測]    2026-07-16: 0 篇 | T=0 D=0 R=0
[事件偵測]    2026-07-15: 0 篇 | T=0 D=0 R=0
[事件偵測]    2026-07-14: 0 篇 | T=0 D=0 R=0
[事件偵測]    2026-07-13: 0 篇 | T=0 D=0 R=0
[01:13:04]    事件偵測失敗: Expecting value: line 1 column 1 (char 0)
[01:13:04]    🪙 $TRUMP: $2.24 (+0.9%)
[01:13:04]    📊 Polymarket 快照: 420 個市場 (20 事件)
[01:13:04]    📊 Polymarket: 420 個市場已更新
[01:18:07]    📡 三源抓取: CNN:50 → 合計 50 篇
[01:18:07]    沒有新推文
[事件偵測] 掃描最近 5 天的信號模式...
[事件偵測]    最近 5 天的信號:
[事件偵測]    2026-07-17: 0 篇 | T=0 D=0 R=0
[事件偵測]    2026-07-16: 0 篇 | T=0 D=0 R=0
[事件偵測]    2026-07-15: 0 篇 | T=0 D=0 R=0
[事件偵測]    2026-07-14: 0 篇 | T=0 D=0 R=0
[事件偵測]    2026-07-13: 0 篇 | T=0 D=0 R=0
[01:18:07]    事件偵測失敗: Expecting value: line 1 column 1 (char 0)
[01:18:08]    🪙 $TRUMP: $2.25 (+1.5%)
[01:18:08]    📊 Polymarket 快照: 420 個市場 (20 事件)
[01:18:08]    📊 Polymarket: 420 個市場已更新
[01:23:11]    📡 三源抓取: CNN:50 → 合計 50 篇
[01:23:11]    沒有新推文
[事件偵測] 掃描最近 5 天的信號模式...
[事件偵測]    最近 5 天的信號:
[事件偵測]    2026-07-17: 0 篇 | T=0 D=0 R=0
[事件偵測]    2026-07-16: 0 篇 | T=0 D=0 R=0
[事件偵測]    2026-07-15: 0 篇 | T=0 D=0 R=0
[事件偵測]    2026-07-14: 0 篇 | T=0 D=0 R=0
[事件偵測]    2026-07-13: 0 篇 | T=0 D=0 R=0
[01:23:11]    事件偵測失敗: Expecting value: line 1 column 1 (char 0)
[01:23:11]    🪙 $TRUMP: $2.25 (+2.0%)
[01:23:11]    📊 Polymarket 快照: 420 個市場 (20 事件)
[01:23:11]    📊 Polymarket: 420 個市場已更新
[01:28:14]    📡 三源抓取: CNN:50 → 合計 50 篇
[01:28:14]    沒有新推文
[事件偵測] 掃描最近 5 天的信號模式...
[事件偵測]    最近 5 天的信號:
[事件偵測]    2026-07-17: 0 篇 | T=0 D=0 R=0
[事件偵測]    2026-07-16: 0 篇 | T=0 D=0 R=0
[事件偵測]    2026-07-15: 0 篇 | T=0 D=0 R=0
[事件偵測]    2026-07-14: 0 篇 | T=0 D=0 R=0
[事件偵測]    2026-07-13: 0 篇 | T=0 D=0 R=0
[01:28:14]    事件偵測失敗: Expecting value: line 1 column 1 (char 0)
[01:28:14]    🪙 $TRUMP: $2.24 (+1.9%)
[01:28:14]    📊 Polymarket 快照: 420 個市場 (20 事件)
[01:28:14]    📊 Polymarket: 420 個市場已更新
[01:33:17]    📡 三源抓取: CNN:50 → 合計 50 篇
[01:33:17]    沒有新推文
[事件偵測] 掃描最近 5 天的信號模式...
[事件偵測]    最近 5 天的信號:
[事件偵測]    2026-07-17: 0 篇 | T=0 D=0 R=0
[事件偵測]    2026-07-16: 0 篇 | T=0 D=0 R=0
[事件偵測]    2026-07-15: 0 篇 | T=0 D=0 R=0
[事件偵測]    2026-07-14: 0 篇 | T=0 D=0 R=0
[事件偵測]    2026-07-13: 0 篇 | T=0 D=0 R=0
[01:33:17]    事件偵測失敗: Expecting value: line 1 column 1 (char 0)
[01:33:17]    🪙 $TRUMP: $2.24 (+1.5%)
[01:33:18]    📊 Polymarket 快照: 420 個市場 (20 事件)
[01:33:18]    📊 Polymarket: 420 個市場已更新
[01:38:20]    📡 三源抓取: CNN:50 → 合計 50 篇
[01:38:20]    沒有新推文
[事件偵測] 掃描最近 5 天的信號模式...
[事件偵測]    最近 5 天的信號:
[事件偵測]    2026-07-17: 0 篇 | T=0 D=0 R=0
[事件偵測]    2026-07-16: 0 篇 | T=0 D=0 R=0
[事件偵測]    2026-07-15: 0 篇 | T=0 D=0 R=0
[事件偵測]    2026-07-14: 0 篇 | T=0 D=0 R=0
[事件偵測]    2026-07-13: 0 篇 | T=0 D=0 R=0
[01:38:20]    事件偵測失敗: Expecting value: line 1 column 1 (char 0)
[01:38:20]    🪙 $TRUMP: $2.23 (+1.1%)
[01:38:20]    📊 Polymarket 快照: 420 個市場 (20 事件)
[01:38:20]    📊 Polymarket: 420 個市場已更新
[01:43:23]    📡 三源抓取: CNN:50 → 合計 50 篇
[01:43:23]    沒有新推文
[事件偵測] 掃描最近 5 天的信號模式...
[事件偵測]    最近 5 天的信號:
[事件偵測]    2026-07-17: 0 篇 | T=0 D=0 R=0
[事件偵測]    2026-07-16: 0 篇 | T=0 D=0 R=0
[事件偵測]    2026-07-15: 0 篇 | T=0 D=0 R=0
[事件偵測]    2026-07-14: 0 篇 | T=0 D=0 R=0
[事件偵測]    2026-07-13: 0 篇 | T=0 D=0 R=0
[01:43:23]    事件偵測失敗: Expecting value: line 1 column 1 (char 0)
[01:43:23]    🪙 $TRUMP: $2.22 (+1.5%)
[01:43:24]    📊 Polymarket 快照: 420 個市場 (20 事件)
[01:43:24]    📊 Polymarket: 420 個市場已更新
[01:48:26]    📡 三源抓取: CNN:50 → 合計 50 篇
[01:48:26]    沒有新推文
[事件偵測] 掃描最近 5 天的信號模式...
[事件偵測]    最近 5 天的信號:
[事件偵測]    2026-07-17: 0 篇 | T=0 D=0 R=0
[事件偵測]    2026-07-16: 0 篇 | T=0 D=0 R=0
[事件偵測]    2026-07-15: 0 篇 | T=0 D=0 R=0
[事件偵測]    2026-07-14: 0 篇 | T=0 D=0 R=0
[事件偵測]    2026-07-13: 0 篇 | T=0 D=0 R=0
[01:48:26]    事件偵測失敗: Expecting value: line 1 column 1 (char 0)
[01:48:26]    🪙 $TRUMP: $2.22 (+1.3%)
[01:48:27]    📊 Polymarket 快照: 420 個市場 (20 事件)
[01:48:27]    📊 Polymarket: 420 個市場已更新
[01:53:30]    📡 三源抓取: CNN:50 → 合計 50 篇
[01:53:30]    沒有新推文
[事件偵測] 掃描最近 5 天的信號模式...
[事件偵測]    最近 5 天的信號:
[事件偵測]    2026-07-17: 0 篇 | T=0 D=0 R=0
[事件偵測]    2026-07-16: 0 篇 | T=0 D=0 R=0
[事件偵測]    2026-07-15: 0 篇 | T=0 D=0 R=0
[事件偵測]    2026-07-14: 0 篇 | T=0 D=0 R=0
[事件偵測]    2026-07-13: 0 篇 | T=0 D=0 R=0
[01:53:30]    事件偵測失敗: Expecting value: line 1 column 1 (char 0)
[01:53:30]    🪙 $TRUMP: $2.21 (+0.9%)
[01:53:30]    📊 Polymarket 快照: 420 個市場 (20 事件)
[01:53:30]    📊 Polymarket: 420 個市場已更新
[01:58:33]    📡 三源抓取: CNN:50 → 合計 50 篇
[01:58:38]    沒有新推文
[事件偵測] 掃描最近 5 天的信號模式...
[事件偵測]    最近 5 天的信號:
[事件偵測]    2026-07-17: 0 篇 | T=0 D=0 R=0
[事件偵測]    2026-07-16: 0 篇 | T=0 D=0 R=0
[事件偵測]    2026-07-15: 0 篇 | T=0 D=0 R=0
[事件偵測]    2026-07-14: 0 篇 | T=0 D=0 R=0
[事件偵測]    2026-07-13: 0 篇 | T=0 D=0 R=0
[01:58:38]    事件偵測失敗: Expecting value: line 1 column 1 (char 0)
[01:58:39]    🪙 $TRUMP: $2.20 (+0.5%)
[01:58:39]    📊 Polymarket 快照: 420 個市場 (20 事件)
[01:58:42]    📊 Polymarket: 420 個市場已更新
[02:03:45]    📡 三源抓取: CNN:50 → 合計 50 篇
[02:03:45]    沒有新推文
[事件偵測] 掃描最近 5 天的信號模式...
[事件偵測]    最近 5 天的信號:
[事件偵測]    2026-07-17: 0 篇 | T=0 D=0 R=0
[事件偵測]    2026-07-16: 0 篇 | T=0 D=0 R=0
[事件偵測]    2026-07-15: 0 篇 | T=0 D=0 R=0
[事件偵測]    2026-07-14: 0 篇 | T=0 D=0 R=0
[事件偵測]    2026-07-13: 0 篇 | T=0 D=0 R=0
[02:03:45]    事件偵測失敗: Expecting value: line 1 column 1 (char 0)
[02:03:45]    🪙 $TRUMP: $2.20 (+0.7%)
[02:03:46]    📊 Polymarket 快照: 420 個市場 (20 事件)
[02:03:46]    📊 Polymarket: 420 個市場已更新
[02:08:49]    📡 三源抓取: CNN:50 → 合計 50 篇
[02:08:49]    沒有新推文
[事件偵測] 掃描最近 5 天的信號模式...
[事件偵測]    最近 5 天的信號:
[事件偵測]    2026-07-17: 0 篇 | T=0 D=0 R=0
[事件偵測]    2026-07-16: 0 篇 | T=0 D=0 R=0
[事件偵測]    2026-07-15: 0 篇 | T=0 D=0 R=0
[事件偵測]    2026-07-14: 0 篇 | T=0 D=0 R=0
[事件偵測]    2026-07-13: 0 篇 | T=0 D=0 R=0
[02:08:49]    事件偵測失敗: Expecting value: line 1 column 1 (char 0)
[02:08:49]    🪙 $TRUMP: $2.19 (+0.4%)
[02:08:49]    📊 Polymarket 快照: 420 個市場 (20 事件)
[02:08:49]    📊 Polymarket: 420 個市場已更新
[02:13:52]    📡 三源抓取: CNN:50 → 合計 50 篇
[02:13:52]    沒有新推文
[事件偵測] 掃描最近 5 天的信號模式...
[事件偵測]    最近 5 天的信號:
[事件偵測]    2026-07-17: 0 篇 | T=0 D=0 R=0
[事件偵測]    2026-07-16: 0 篇 | T=0 D=0 R=0
[事件偵測]    2026-07-15: 0 篇 | T=0 D=0 R=0
[事件偵測]    2026-07-14: 0 篇 | T=0 D=0 R=0
[事件偵測]    2026-07-13: 0 篇 | T=0 D=0 R=0
[02:13:52]    事件偵測失敗: Expecting value: line 1 column 1 (char 0)
[02:13:53]    🪙 $TRUMP: $2.19 (+1.0%)
[02:13:53]    📊 Polymarket 快照: 420 個市場 (20 事件)
[02:13:53]    📊 Polymarket: 420 個市場已更新
[02:18:55]    📡 三源抓取: CNN:50 → 合計 50 篇
[02:18:55]    沒有新推文
[事件偵測] 掃描最近 5 天的信號模式...
[事件偵測]    最近 5 天的信號:
[事件偵測]    2026-07-17: 0 篇 | T=0 D=0 R=0
[事件偵測]    2026-07-16: 0 篇 | T=0 D=0 R=0
[事件偵測]    2026-07-15: 0 篇 | T=0 D=0 R=0
[事件偵測]    2026-07-14: 0 篇 | T=0 D=0 R=0
[事件偵測]    2026-07-13: 0 篇 | T=0 D=0 R=0
[02:18:55]    事件偵測失敗: Expecting value: line 1 column 1 (char 0)
[02:18:55]    🪙 $TRUMP: $2.20 (+1.4%)
[02:18:55]    📊 Polymarket 快照: 420 個市場 (20 事件)
[02:18:55]    📊 Polymarket: 420 個市場已更新
[02:23:58]    📡 三源抓取: CNN:50 → 合計 50 篇
[02:23:58]    沒有新推文
[事件偵測] 掃描最近 5 天的信號模式...
[事件偵測]    最近 5 天的信號:
[事件偵測]    2026-07-17: 0 篇 | T=0 D=0 R=0
[事件偵測]    2026-07-16: 0 篇 | T=0 D=0 R=0
[事件偵測]    2026-07-15: 0 篇 | T=0 D=0 R=0
[事件偵測]    2026-07-14: 0 篇 | T=0 D=0 R=0
[事件偵測]    2026-07-13: 0 篇 | T=0 D=0 R=0
[02:23:58]    事件偵測失敗: Expecting value: line 1 column 1 (char 0)
[02:23:58]    🪙 $TRUMP: $2.21 (+1.8%)
[02:23:58]    📊 Polymarket 快照: 420 個市場 (20 事件)
[02:23:58]    📊 Polymarket: 420 個市場已更新
[02:29:01]    📡 三源抓取: CNN:50 → 合計 50 篇
[02:29:01]    沒有新推文
[事件偵測] 掃描最近 5 天的信號模式...
[事件偵測]    最近 5 天的信號:
[事件偵測]    2026-07-17: 0 篇 | T=0 D=0 R=0
[事件偵測]    2026-07-16: 0 篇 | T=0 D=0 R=0
[事件偵測]    2026-07-15: 0 篇 | T=0 D=0 R=0
[事件偵測]    2026-07-14: 0 篇 | T=0 D=0 R=0
[事件偵測]    2026-07-13: 0 篇 | T=0 D=0 R=0
[02:29:01]    事件偵測失敗: Expecting value: line 1 column 1 (char 0)
[02:29:02]    🪙 $TRUMP: $2.21 (+1.1%)
[02:29:02]    📊 Polymarket 快照: 420 個市場 (20 事件)
[02:29:02]    📊 Polymarket: 420 個市場已更新
[02:34:04]    📡 三源抓取: CNN:50 → 合計 50 篇
[02:34:04]    沒有新推文
[事件偵測] 掃描最近 5 天的信號模式...
[事件偵測]    最近 5 天的信號:
[事件偵測]    2026-07-17: 0 篇 | T=0 D=0 R=0
[事件偵測]    2026-07-16: 0 篇 | T=0 D=0 R=0
[事件偵測]    2026-07-15: 0 篇 | T=0 D=0 R=0
[事件偵測]    2026-07-14: 0 篇 | T=0 D=0 R=0
[事件偵測]    2026-07-13: 0 篇 | T=0 D=0 R=0
[02:34:04]    事件偵測失敗: Expecting value: line 1 column 1 (char 0)
[02:34:04]    🪙 $TRUMP: $2.21 (+1.7%)
[02:34:04]    📊 Polymarket 快照: 420 個市場 (20 事件)
[02:34:04]    📊 Polymarket: 420 個市場已更新
[02:39:08]    📡 三源抓取: CNN:50 → 合計 50 篇
[02:39:08]    沒有新推文
[事件偵測] 掃描最近 5 天的信號模式...
[事件偵測]    最近 5 天的信號:
[事件偵測]    2026-07-17: 0 篇 | T=0 D=0 R=0
[事件偵測]    2026-07-16: 0 篇 | T=0 D=0 R=0
[事件偵測]    2026-07-15: 0 篇 | T=0 D=0 R=0
[事件偵測]    2026-07-14: 0 篇 | T=0 D=0 R=0
[事件偵測]    2026-07-13: 0 篇 | T=0 D=0 R=0
[02:39:08]    事件偵測失敗: Expecting value: line 1 column 1 (char 0)
[02:39:08]    🪙 $TRUMP: $2.21 (+1.1%)
[02:39:08]    📊 Polymarket 快照: 420 個市場 (20 事件)
[02:39:08]    📊 Polymarket: 420 個市場已更新
[02:44:11]    📡 三源抓取: CNN:50 → 合計 50 篇
[02:44:11]    沒有新推文
[事件偵測] 掃描最近 5 天的信號模式...
[事件偵測]    最近 5 天的信號:
[事件偵測]    2026-07-17: 0 篇 | T=0 D=0 R=0
[事件偵測]    2026-07-16: 0 篇 | T=0 D=0 R=0
[事件偵測]    2026-07-15: 0 篇 | T=0 D=0 R=0
[事件偵測]    2026-07-14: 0 篇 | T=0 D=0 R=0
[事件偵測]    2026-07-13: 0 篇 | T=0 D=0 R=0
[02:44:11]    事件偵測失敗: Expecting value: line 1 column 1 (char 0)
[02:44:11]    🪙 $TRUMP: $2.21 (+1.4%)
[02:44:12]    📊 Polymarket 快照: 440 個市場 (20 事件)
[02:44:12]    📊 Polymarket: 440 個市場已更新
[02:49:15]    📡 三源抓取: CNN:50 → 合計 50 篇
[02:49:15]    沒有新推文
[事件偵測] 掃描最近 5 天的信號模式...
[事件偵測]    最近 5 天的信號:
[事件偵測]    2026-07-17: 0 篇 | T=0 D=0 R=0
[事件偵測]    2026-07-16: 0 篇 | T=0 D=0 R=0
[事件偵測]    2026-07-15: 0 篇 | T=0 D=0 R=0
[事件偵測]    2026-07-14: 0 篇 | T=0 D=0 R=0
[事件偵測]    2026-07-13: 0 篇 | T=0 D=0 R=0
[02:49:15]    事件偵測失敗: Expecting value: line 1 column 1 (char 0)
[02:49:15]    🪙 $TRUMP: $2.22 (+1.8%)
[02:49:16]    📊 Polymarket 快照: 440 個市場 (20 事件)
[02:49:16]    📊 Polymarket: 440 個市場已更新
[02:54:18]    📡 三源抓取: CNN:50 → 合計 50 篇
[02:54:18]    沒有新推文
[事件偵測] 掃描最近 5 天的信號模式...
[事件偵測]    最近 5 天的信號:
[事件偵測]    2026-07-17: 0 篇 | T=0 D=0 R=0
[事件偵測]    2026-07-16: 0 篇 | T=0 D=0 R=0
[事件偵測]    2026-07-15: 0 篇 | T=0 D=0 R=0
[事件偵測]    2026-07-14: 0 篇 | T=0 D=0 R=0
[事件偵測]    2026-07-13: 0 篇 | T=0 D=0 R=0
[02:54:18]    事件偵測失敗: Expecting value: line 1 column 1 (char 0)
[02:54:18]    🪙 $TRUMP: $2.22 (+2.8%)
[02:54:18]    📊 Polymarket 快照: 440 個市場 (20 事件)
[02:54:18]    📊 Polymarket: 440 個市場已更新
[02:59:21]    📡 三源抓取: CNN:50 → 合計 50 篇
[02:59:21]    沒有新推文
[事件偵測] 掃描最近 5 天的信號模式...
[事件偵測]    最近 5 天的信號:
[事件偵測]    2026-07-17: 0 篇 | T=0 D=0 R=0
[事件偵測]    2026-07-16: 0 篇 | T=0 D=0 R=0
[事件偵測]    2026-07-15: 0 篇 | T=0 D=0 R=0
[事件偵測]    2026-07-14: 0 篇 | T=0 D=0 R=0
[事件偵測]    2026-07-13: 0 篇 | T=0 D=0 R=0
[02:59:21]    事件偵測失敗: Expecting value: line 1 column 1 (char 0)
[02:59:21]    🪙 $TRUMP: $2.22 (+3.2%)
[02:59:27]    📊 Polymarket 快照: 440 個市場 (20 事件)
[02:59:27]    📊 Polymarket: 440 個市場已更新
[03:04:29]    📡 三源抓取: CNN:50 → 合計 50 篇
[03:04:29]    沒有新推文
[事件偵測] 掃描最近 5 天的信號模式...
[事件偵測]    最近 5 天的信號:
[事件偵測]    2026-07-17: 0 篇 | T=0 D=0 R=0
[事件偵測]    2026-07-16: 0 篇 | T=0 D=0 R=0
[事件偵測]    2026-07-15: 0 篇 | T=0 D=0 R=0
[事件偵測]    2026-07-14: 0 篇 | T=0 D=0 R=0
[事件偵測]    2026-07-13: 0 篇 | T=0 D=0 R=0
[03:04:29]    事件偵測失敗: Expecting value: line 1 column 1 (char 0)
[03:04:29]    🪙 $TRUMP: $2.23 (+3.4%)
[03:04:30]    📊 Polymarket 快照: 440 個市場 (20 事件)
[03:04:30]    📊 Polymarket: 440 個市場已更新
[03:09:32]    📡 三源抓取: CNN:50 → 合計 50 篇
[03:09:32]    沒有新推文
[事件偵測] 掃描最近 5 天的信號模式...
[事件偵測]    最近 5 天的信號:
[事件偵測]    2026-07-17: 0 篇 | T=0 D=0 R=0
[事件偵測]    2026-07-16: 0 篇 | T=0 D=0 R=0
[事件偵測]    2026-07-15: 0 篇 | T=0 D=0 R=0
[事件偵測]    2026-07-14: 0 篇 | T=0 D=0 R=0
[事件偵測]    2026-07-13: 0 篇 | T=0 D=0 R=0
[03:09:32]    事件偵測失敗: Expecting value: line 1 column 1 (char 0)
[03:09:33]    🪙 $TRUMP: $2.22 (+3.3%)
[03:09:33]    📊 Polymarket 快照: 440 個市場 (20 事件)
[03:09:33]    📊 Polymarket: 440 個市場已更新
[03:14:36]    📡 三源抓取: CNN:50 → 合計 50 篇
[03:14:36]    沒有新推文
[事件偵測] 掃描最近 5 天的信號模式...
[事件偵測]    最近 5 天的信號:
[事件偵測]    2026-07-17: 0 篇 | T=0 D=0 R=0
[事件偵測]    2026-07-16: 0 篇 | T=0 D=0 R=0
[事件偵測]    2026-07-15: 0 篇 | T=0 D=0 R=0
[事件偵測]    2026-07-14: 0 篇 | T=0 D=0 R=0
[事件偵測]    2026-07-13: 0 篇 | T=0 D=0 R=0
[03:14:36]    事件偵測失敗: Expecting value: line 1 column 1 (char 0)
[03:14:36]    🪙 $TRUMP: $2.23 (+3.8%)
[03:14:36]    📊 Polymarket 快照: 362 個市場 (20 事件)
[03:14:42]    📊 Polymarket: 362 個市場已更新
[03:19:44]    📡 三源抓取: CNN:50 → 合計 50 篇
[03:19:44]    沒有新推文
[事件偵測] 掃描最近 5 天的信號模式...
[事件偵測]    最近 5 天的信號:
[事件偵測]    2026-07-17: 0 篇 | T=0 D=0 R=0
[事件偵測]    2026-07-16: 0 篇 | T=0 D=0 R=0
[事件偵測]    2026-07-15: 0 篇 | T=0 D=0 R=0
[事件偵測]    2026-07-14: 0 篇 | T=0 D=0 R=0
[事件偵測]    2026-07-13: 0 篇 | T=0 D=0 R=0
[03:19:44]    事件偵測失敗: Expecting value: line 1 column 1 (char 0)
[03:19:44]    🪙 $TRUMP: $2.23 (+3.9%)
[03:19:44]    📊 Polymarket 快照: 362 個市場 (20 事件)
[03:19:44]    📊 Polymarket: 362 個市場已更新
[03:24:47]    📡 三源抓取: CNN:50 → 合計 50 篇
[03:24:47]    沒有新推文
[事件偵測] 掃描最近 5 天的信號模式...
[事件偵測]    最近 5 天的信號:
[事件偵測]    2026-07-17: 0 篇 | T=0 D=0 R=0
[事件偵測]    2026-07-16: 0 篇 | T=0 D=0 R=0
[事件偵測]    2026-07-15: 0 篇 | T=0 D=0 R=0
[事件偵測]    2026-07-14: 0 篇 | T=0 D=0 R=0
[事件偵測]    2026-07-13: 0 篇 | T=0 D=0 R=0
[03:24:47]    事件偵測失敗: Expecting value: line 1 column 1 (char 0)
[03:24:47]    🪙 $TRUMP: $2.24 (+4.7%)
[03:24:47]    📊 Polymarket 快照: 362 個市場 (20 事件)
[03:24:47]    📊 Polymarket: 362 個市場已更新
[03:29:50]    📡 三源抓取: CNN:50 → 合計 50 篇
[03:29:50]    沒有新推文
[事件偵測] 掃描最近 5 天的信號模式...
[事件偵測]    最近 5 天的信號:
[事件偵測]    2026-07-17: 0 篇 | T=0 D=0 R=0
[事件偵測]    2026-07-16: 0 篇 | T=0 D=0 R=0
[事件偵測]    2026-07-15: 0 篇 | T=0 D=0 R=0
[事件偵測]    2026-07-14: 0 篇 | T=0 D=0 R=0
[事件偵測]    2026-07-13: 0 篇 | T=0 D=0 R=0
[03:29:50]    事件偵測失敗: Expecting value: line 1 column 1 (char 0)
[03:29:50]    🪙 $TRUMP: $2.24 (+3.4%)
[03:29:51]    📊 Polymarket 快照: 362 個市場 (20 事件)
[03:29:51]    📊 Polymarket: 362 個市場已更新
[03:34:53]    📡 三源抓取: CNN:50 → 合計 50 篇
[03:34:53]    沒有新推文
[事件偵測] 掃描最近 5 天的信號模式...
[事件偵測]    最近 5 天的信號:
[事件偵測]    2026-07-17: 0 篇 | T=0 D=0 R=0
[事件偵測]    2026-07-16: 0 篇 | T=0 D=0 R=0
[事件偵測]    2026-07-15: 0 篇 | T=0 D=0 R=0
[事件偵測]    2026-07-14: 0 篇 | T=0 D=0 R=0
[事件偵測]    2026-07-13: 0 篇 | T=0 D=0 R=0
[03:34:53]    事件偵測失敗: Expecting value: line 1 column 1 (char 0)
[03:34:53]    🪙 $TRUMP: $2.24 (+3.7%)
[03:34:54]    📊 Polymarket 快照: 362 個市場 (20 事件)
[03:34:54]    📊 Polymarket: 362 個市場已更新
[03:39:56]    📡 三源抓取: CNN:50 → 合計 50 篇
[03:39:56]    沒有新推文
[事件偵測] 掃描最近 5 天的信號模式...
[事件偵測]    最近 5 天的信號:
[事件偵測]    2026-07-17: 0 篇 | T=0 D=0 R=0
[事件偵測]    2026-07-16: 0 篇 | T=0 D=0 R=0
[事件偵測]    2026-07-15: 0 篇 | T=0 D=0 R=0
[事件偵測]    2026-07-14: 0 篇 | T=0 D=0 R=0
[事件偵測]    2026-07-13: 0 篇 | T=0 D=0 R=0
[03:39:56]    事件偵測失敗: Expecting value: line 1 column 1 (char 0)
[03:39:56]    🪙 $TRUMP: $2.24 (+3.8%)
[03:39:56]    📊 Polymarket 快照: 362 個市場 (20 事件)
[03:39:56]    📊 Polymarket: 362 個市場已更新
[03:44:59]    📡 三源抓取: CNN:50 → 合計 50 篇
[03:44:59]    沒有新推文
[事件偵測] 掃描最近 5 天的信號模式...
[事件偵測]    最近 5 天的信號:
[事件偵測]    2026-07-17: 0 篇 | T=0 D=0 R=0
[事件偵測]    2026-07-16: 0 篇 | T=0 D=0 R=0
[事件偵測]    2026-07-15: 0 篇 | T=0 D=0 R=0
[事件偵測]    2026-07-14: 0 篇 | T=0 D=0 R=0
[事件偵測]    2026-07-13: 0 篇 | T=0 D=0 R=0
[03:44:59]    事件偵測失敗: Expecting value: line 1 column 1 (char 0)
[03:44:59]    🪙 $TRUMP: $2.25 (+4.5%)
[03:44:59]    📊 Polymarket 快照: 362 個市場 (20 事件)
[03:44:59]    📊 Polymarket: 362 個市場已更新
[03:50:02]    📡 三源抓取: CNN:50 → 合計 50 篇
[03:50:02]    沒有新推文
[事件偵測] 掃描最近 5 天的信號模式...
[事件偵測]    最近 5 天的信號:
[事件偵測]    2026-07-17: 0 篇 | T=0 D=0 R=0
[事件偵測]    2026-07-16: 0 篇 | T=0 D=0 R=0
[事件偵測]    2026-07-15: 0 篇 | T=0 D=0 R=0
[事件偵測]    2026-07-14: 0 篇 | T=0 D=0 R=0
[事件偵測]    2026-07-13: 0 篇 | T=0 D=0 R=0
[03:50:02]    事件偵測失敗: Expecting value: line 1 column 1 (char 0)
[03:50:02]    🪙 $TRUMP: $2.25 (+4.7%)
[03:50:03]    📊 Polymarket 快照: 362 個市場 (20 事件)
[03:50:03]    📊 Polymarket: 362 個市場已更新
[03:55:05]    📡 三源抓取: CNN:50 → 合計 50 篇
[03:55:05]    沒有新推文
[事件偵測] 掃描最近 5 天的信號模式...
[事件偵測]    最近 5 天的信號:
[事件偵測]    2026-07-17: 0 篇 | T=0 D=0 R=0
[事件偵測]    2026-07-16: 0 篇 | T=0 D=0 R=0
[事件偵測]    2026-07-15: 0 篇 | T=0 D=0 R=0
[事件偵測]    2026-07-14: 0 篇 | T=0 D=0 R=0
[事件偵測]    2026-07-13: 0 篇 | T=0 D=0 R=0
[03:55:06]    事件偵測失敗: Expecting value: line 1 column 1 (char 0)
[03:55:06]    🪙 $TRUMP: $2.25 (+5.0%)
[03:55:06]    📊 Polymarket 快照: 362 個市場 (20 事件)
[03:55:06]    📊 Polymarket: 362 個市場已更新
[04:00:08]    📡 三源抓取: CNN:50 → 合計 50 篇
[04:00:08] 🆕 偵測到 1 篇新推文！
[04:00:10]    📥 寫入 1 篇新推文到 trump_posts_all.json（總計 46126 篇）
[04:00:10]    📊 Polymarket 快照: 362 個市場 (20 事件)
[04:00:10]    🪙 $TRUMP: $2.25 (+4.1%)
[04:00:10]    📝 [03:53] All of the SLEAZEBAGS, like Third Rate "Reporter," Kaitlan Collins, of Fake News...
[04:00:10]    🚀拉盤 劇本觸發: 他閉嘴（什麼都沒講）
[04:00:10]       歷史: +0.409% | 建議: LONG — 沉默是金
[事件偵測] 掃描最近 5 天的信號模式...
[事件偵測]    最近 5 天的信號:
[事件偵測]    2026-07-17: 0 篇 | T=0 D=0 R=0
[事件偵測]    2026-07-16: 0 篇 | T=0 D=0 R=0
[事件偵測]    2026-07-15: 0 篇 | T=0 D=0 R=0
[事件偵測]    2026-07-14: 0 篇 | T=0 D=0 R=0
[事件偵測]    2026-07-13: 0 篇 | T=0 D=0 R=0
[04:00:10]    事件偵測失敗: Expecting value: line 1 column 1 (char 0)
[04:00:10]    🪙 $TRUMP: $2.25 (+4.1%)
[04:00:11]    📊 Polymarket 快照: 362 個市場 (20 事件)
[04:00:11]    📊 Polymarket: 362 個市場已更新
[04:00:11] 📊 本輪: 1 新推文 | 0 預測 | 0 驗證
[04:05:13]    📡 三源抓取: CNN:50 → 合計 50 篇
[04:05:13]    沒有新推文
[事件偵測] 掃描最近 5 天的信號模式...
[事件偵測]    最近 5 天的信號:
[事件偵測]    2026-07-17: 0 篇 | T=0 D=0 R=0
[事件偵測]    2026-07-16: 0 篇 | T=0 D=0 R=0
[事件偵測]    2026-07-15: 0 篇 | T=0 D=0 R=0
[事件偵測]    2026-07-14: 0 篇 | T=0 D=0 R=0
[事件偵測]    2026-07-13: 0 篇 | T=0 D=0 R=0
[04:05:13]    事件偵測失敗: Expecting value: line 1 column 1 (char 0)
[04:05:13]    🪙 $TRUMP: $2.24 (+3.3%)
[04:05:16]    📊 Polymarket 快照: 362 個市場 (20 事件)
[04:05:16]    📊 Polymarket: 362 個市場已更新
[04:10:19]    📡 三源抓取: CNN:50 → 合計 50 篇
[04:10:19]    沒有新推文
[事件偵測] 掃描最近 5 天的信號模式...
[事件偵測]    最近 5 天的信號:
[事件偵測]    2026-07-17: 0 篇 | T=0 D=0 R=0
[事件偵測]    2026-07-16: 0 篇 | T=0 D=0 R=0
[事件偵測]    2026-07-15: 0 篇 | T=0 D=0 R=0
[事件偵測]    2026-07-14: 0 篇 | T=0 D=0 R=0
[事件偵測]    2026-07-13: 0 篇 | T=0 D=0 R=0
[04:10:19]    事件偵測失敗: Expecting value: line 1 column 1 (char 0)
[04:10:19]    🪙 $TRUMP: $2.24 (+2.8%)
[04:10:19]    📊 Polymarket 快照: 362 個市場 (20 事件)
[04:10:19]    📊 Polymarket: 362 個市場已更新
[04:15:21]    📡 三源抓取: CNN:50 → 合計 50 篇
[04:15:21]    沒有新推文
[事件偵測] 掃描最近 5 天的信號模式...
[事件偵測]    最近 5 天的信號:
[事件偵測]    2026-07-17: 0 篇 | T=0 D=0 R=0
[事件偵測]    2026-07-16: 0 篇 | T=0 D=0 R=0
[事件偵測]    2026-07-15: 0 篇 | T=0 D=0 R=0
[事件偵測]    2026-07-14: 0 篇 | T=0 D=0 R=0
[事件偵測]    2026-07-13: 0 篇 | T=0 D=0 R=0
[04:15:21]    事件偵測失敗: Expecting value: line 1 column 1 (char 0)
[04:15:22]    🪙 $TRUMP: $2.25 (+3.1%)
[04:15:22]    📊 Polymarket 快照: 362 個市場 (20 事件)
[04:15:22]    📊 Polymarket: 362 個市場已更新
[04:20:25]    📡 三源抓取: CNN:50 → 合計 50 篇
[04:20:25]    沒有新推文
[事件偵測] 掃描最近 5 天的信號模式...
[事件偵測]    最近 5 天的信號:
[事件偵測]    2026-07-17: 0 篇 | T=0 D=0 R=0
[事件偵測]    2026-07-16: 0 篇 | T=0 D=0 R=0
[事件偵測]    2026-07-15: 0 篇 | T=0 D=0 R=0
[事件偵測]    2026-07-14: 0 篇 | T=0 D=0 R=0
[事件偵測]    2026-07-13: 0 篇 | T=0 D=0 R=0
[04:20:25]    事件偵測失敗: Expecting value: line 1 column 1 (char 0)
[04:20:25]    🪙 $TRUMP: $2.25 (+3.0%)
[04:20:25]    📊 Polymarket 快照: 362 個市場 (20 事件)
[04:20:25]    📊 Polymarket: 362 個市場已更新
[04:25:27]    📡 三源抓取: CNN:50 → 合計 50 篇
[04:25:27] 🆕 偵測到 3 篇新推文！
[04:25:28]    📥 寫入 3 篇新推文到 trump_posts_all.json（總計 46129 篇）
[04:25:29]    📊 Polymarket 快照: 362 個市場 (20 事件)
[04:25:29]    🪙 $TRUMP: $2.25 (+3.0%)
[04:25:29]    📝 [04:04] Ruddy: 'A Rising Trump Lifts All Boats': https://www.newsmax.com/ruddy/ruddy-don...
[04:25:29]    📝 [04:04] Azerbaijan's Hajiyev to Newsmax: Trump Peacemaker, Iran Deal Possible: https://w...
[04:25:29]       信號: DEAL(65%)
[04:25:29]       預測: PM UP (65%) | 追蹤 5 個市場
[04:25:29]    📝 [04:04] Netanyahu Bloc Takes Lead in Latest Israeli Election Poll: https://www.newsmax.c...
[事件偵測] 掃描最近 5 天的信號模式...
[事件偵測]    最近 5 天的信號:
[事件偵測]    2026-07-17: 0 篇 | T=0 D=0 R=0
[事件偵測]    2026-07-16: 0 篇 | T=0 D=0 R=0
[事件偵測]    2026-07-15: 0 篇 | T=0 D=0 R=0
[事件偵測]    2026-07-14: 0 篇 | T=0 D=0 R=0
[事件偵測]    2026-07-13: 0 篇 | T=0 D=0 R=0
[04:25:29]    事件偵測失敗: Expecting value: line 1 column 1 (char 0)
[04:25:29]    🪙 $TRUMP: $2.25 (+3.0%)
[04:25:29]    📊 Polymarket 快照: 362 個市場 (20 事件)
[04:25:29]    📊 Polymarket: 362 個市場已更新
[04:25:29] 驗證 1 個即時預測...
[04:25:29] 📊 本輪: 3 新推文 | 1 預測 | 0 驗證
[04:30:31]    📡 三源抓取: CNN:50 → 合計 50 篇
[04:30:31]    沒有新推文
[事件偵測] 掃描最近 5 天的信號模式...
[事件偵測]    最近 5 天的信號:
[事件偵測]    2026-07-17: 0 篇 | T=0 D=0 R=0
[事件偵測]    2026-07-16: 0 篇 | T=0 D=0 R=0
[事件偵測]    2026-07-15: 0 篇 | T=0 D=0 R=0
[事件偵測]    2026-07-14: 0 篇 | T=0 D=0 R=0
[事件偵測]    2026-07-13: 0 篇 | T=0 D=0 R=0
[04:30:31]    事件偵測失敗: Expecting value: line 1 column 1 (char 0)
[04:30:32]    🪙 $TRUMP: $2.26 (+3.5%)
[04:30:32]    📊 Polymarket 快照: 362 個市場 (20 事件)
[04:30:32]    📊 Polymarket: 362 個市場已更新
[04:30:32] 驗證 1 個即時預測...
[04:35:35]    📡 三源抓取: CNN:50 → 合計 50 篇
[04:35:35]    沒有新推文
[事件偵測] 掃描最近 5 天的信號模式...
[事件偵測]    最近 5 天的信號:
[事件偵測]    2026-07-17: 0 篇 | T=0 D=0 R=0
[事件偵測]    2026-07-16: 0 篇 | T=0 D=0 R=0
[事件偵測]    2026-07-15: 0 篇 | T=0 D=0 R=0
[事件偵測]    2026-07-14: 0 篇 | T=0 D=0 R=0
[事件偵測]    2026-07-13: 0 篇 | T=0 D=0 R=0
[04:35:35]    事件偵測失敗: Expecting value: line 1 column 1 (char 0)
[04:35:35]    🪙 $TRUMP: $2.26 (+4.2%)
[04:35:35]    📊 Polymarket 快照: 362 個市場 (20 事件)
[04:35:35]    📊 Polymarket: 362 個市場已更新
[04:35:35] 驗證 1 個即時預測...
[04:40:38]    📡 三源抓取: CNN:50 → 合計 50 篇
[04:40:38]    沒有新推文
[事件偵測] 掃描最近 5 天的信號模式...
[事件偵測]    最近 5 天的信號:
[事件偵測]    2026-07-17: 0 篇 | T=0 D=0 R=0
[事件偵測]    2026-07-16: 0 篇 | T=0 D=0 R=0
[事件偵測]    2026-07-15: 0 篇 | T=0 D=0 R=0
[事件偵測]    2026-07-14: 0 篇 | T=0 D=0 R=0
[事件偵測]    2026-07-13: 0 篇 | T=0 D=0 R=0
[04:40:38]    事件偵測失敗: Expecting value: line 1 column 1 (char 0)
[04:40:38]    🪙 $TRUMP: $2.26 (+4.1%)
[04:40:39]    📊 Polymarket 快照: 362 個市場 (20 事件)
[04:40:39]    📊 Polymarket: 362 個市場已更新
[04:40:39] 驗證 1 個即時預測...
[04:45:41]    📡 三源抓取: CNN:50 → 合計 50 篇
[04:45:41]    沒有新推文
[事件偵測] 掃描最近 5 天的信號模式...
[事件偵測]    最近 5 天的信號:
[事件偵測]    2026-07-17: 0 篇 | T=0 D=0 R=0
[事件偵測]    2026-07-16: 0 篇 | T=0 D=0 R=0
[事件偵測]    2026-07-15: 0 篇 | T=0 D=0 R=0
[事件偵測]    2026-07-14: 0 篇 | T=0 D=0 R=0
[事件偵測]    2026-07-13: 0 篇 | T=0 D=0 R=0
[04:45:41]    事件偵測失敗: Expecting value: line 1 column 1 (char 0)
[04:45:41]    🪙 $TRUMP: $2.26 (+4.1%)
[04:45:42]    📊 Polymarket 快照: 362 個市場 (20 事件)
[04:45:42]    📊 Polymarket: 362 個市場已更新
[04:45:42] 驗證 1 個即時預測...
[04:50:44]    📡 三源抓取: CNN:50 → 合計 50 篇
[04:50:44]    沒有新推文
[事件偵測] 掃描最近 5 天的信號模式...
[事件偵測]    最近 5 天的信號:
[事件偵測]    2026-07-17: 0 篇 | T=0 D=0 R=0
[事件偵測]    2026-07-16: 0 篇 | T=0 D=0 R=0
[事件偵測]    2026-07-15: 0 篇 | T=0 D=0 R=0
[事件偵測]    2026-07-14: 0 篇 | T=0 D=0 R=0
[事件偵測]    2026-07-13: 0 篇 | T=0 D=0 R=0
[04:50:44]    事件偵測失敗: Expecting value: line 1 column 1 (char 0)
[04:50:44]    🪙 $TRUMP: $2.26 (+4.3%)
[04:50:45]    📊 Polymarket 快照: 362 個市場 (20 事件)
[04:50:45]    📊 Polymarket: 362 個市場已更新
[04:50:45] 驗證 1 個即時預測...
[04:55:47]    📡 三源抓取: CNN:50 → 合計 50 篇
[04:55:47]    沒有新推文
[事件偵測] 掃描最近 5 天的信號模式...
[事件偵測]    最近 5 天的信號:
[事件偵測]    2026-07-17: 0 篇 | T=0 D=0 R=0
[事件偵測]    2026-07-16: 0 篇 | T=0 D=0 R=0
[事件偵測]    2026-07-15: 0 篇 | T=0 D=0 R=0
[事件偵測]    2026-07-14: 0 篇 | T=0 D=0 R=0
[事件偵測]    2026-07-13: 0 篇 | T=0 D=0 R=0
[04:55:47]    事件偵測失敗: Expecting value: line 1 column 1 (char 0)
[04:55:48]    🪙 $TRUMP: $2.26 (+4.3%)
[04:55:48]    📊 Polymarket 快照: 362 個市場 (20 事件)
[04:55:48]    📊 Polymarket: 362 個市場已更新
[04:55:48] 驗證 1 個即時預測...
[05:00:50]    📡 三源抓取: CNN:50 → 合計 50 篇
[05:00:50]    沒有新推文
[事件偵測] 掃描最近 5 天的信號模式...
[事件偵測]    最近 5 天的信號:
[事件偵測]    2026-07-17: 0 篇 | T=0 D=0 R=0
[事件偵測]    2026-07-16: 0 篇 | T=0 D=0 R=0
[事件偵測]    2026-07-15: 0 篇 | T=0 D=0 R=0
[事件偵測]    2026-07-14: 0 篇 | T=0 D=0 R=0
[事件偵測]    2026-07-13: 0 篇 | T=0 D=0 R=0
[05:00:50]    事件偵測失敗: Expecting value: line 1 column 1 (char 0)
[05:00:50]    🪙 $TRUMP: $2.25 (+4.8%)
[05:00:51]    📊 Polymarket 快照: 362 個市場 (20 事件)
[05:00:51]    📊 Polymarket: 362 個市場已更新
[05:00:51] 驗證 1 個即時預測...
[05:05:53]    📡 三源抓取: CNN:50 → 合計 50 篇
[05:05:53]    沒有新推文
[事件偵測] 掃描最近 5 天的信號模式...
[事件偵測]    最近 5 天的信號:
[事件偵測]    2026-07-17: 0 篇 | T=0 D=0 R=0
[事件偵測]    2026-07-16: 0 篇 | T=0 D=0 R=0
[事件偵測]    2026-07-15: 0 篇 | T=0 D=0 R=0
[事件偵測]    2026-07-14: 0 篇 | T=0 D=0 R=0
[事件偵測]    2026-07-13: 0 篇 | T=0 D=0 R=0
[05:05:53]    事件偵測失敗: Expecting value: line 1 column 1 (char 0)
[05:05:53]    🪙 $TRUMP: $2.24 (+3.9%)
[05:05:54]    📊 Polymarket 快照: 362 個市場 (20 事件)
[05:05:54]    📊 Polymarket: 362 個市場已更新
[05:05:54] 驗證 1 個即時預測...
[05:10:56]    📡 三源抓取: CNN:50 → 合計 50 篇
[05:10:56]    沒有新推文
[事件偵測] 掃描最近 5 天的信號模式...
[事件偵測]    最近 5 天的信號:
[事件偵測]    2026-07-17: 0 篇 | T=0 D=0 R=0
[事件偵測]    2026-07-16: 0 篇 | T=0 D=0 R=0
[事件偵測]    2026-07-15: 0 篇 | T=0 D=0 R=0
[事件偵測]    2026-07-14: 0 篇 | T=0 D=0 R=0
[事件偵測]    2026-07-13: 0 篇 | T=0 D=0 R=0
[05:10:56]    事件偵測失敗: Expecting value: line 1 column 1 (char 0)
[05:10:57]    🪙 $TRUMP: $2.23 (+3.9%)
[05:10:57]    📊 Polymarket 快照: 362 個市場 (20 事件)
[05:10:57]    📊 Polymarket: 362 個市場已更新
[05:10:57] 驗證 1 個即時預測...
[05:16:05]    📡 三源抓取: CNN:50 → 合計 50 篇
[05:16:05]    沒有新推文
[事件偵測] 掃描最近 5 天的信號模式...
[事件偵測]    最近 5 天的信號:
[事件偵測]    2026-07-17: 0 篇 | T=0 D=0 R=0
[事件偵測]    2026-07-16: 0 篇 | T=0 D=0 R=0
[事件偵測]    2026-07-15: 0 篇 | T=0 D=0 R=0
[事件偵測]    2026-07-14: 0 篇 | T=0 D=0 R=0
[事件偵測]    2026-07-13: 0 篇 | T=0 D=0 R=0
[05:16:05]    事件偵測失敗: Expecting value: line 1 column 1 (char 0)
[05:16:05]    🪙 $TRUMP: $2.24 (+4.3%)
[05:16:06]    📊 Polymarket 快照: 362 個市場 (20 事件)
[05:16:06]    📊 Polymarket: 362 個市場已更新
[05:16:07] 驗證 1 個即時預測...
[05:21:10]    📡 三源抓取: CNN:50 → 合計 50 篇
[05:21:10]    沒有新推文
[事件偵測] 掃描最近 5 天的信號模式...
[事件偵測]    最近 5 天的信號:
[事件偵測]    2026-07-17: 0 篇 | T=0 D=0 R=0
[事件偵測]    2026-07-16: 0 篇 | T=0 D=0 R=0
[事件偵測]    2026-07-15: 0 篇 | T=0 D=0 R=0
[事件偵測]    2026-07-14: 0 篇 | T=0 D=0 R=0
[事件偵測]    2026-07-13: 0 篇 | T=0 D=0 R=0
[05:21:10]    事件偵測失敗: Expecting value: line 1 column 1 (char 0)
[05:21:10]    🪙 $TRUMP: $2.24 (+5.3%)
[05:21:10]    📊 Polymarket 快照: 362 個市場 (20 事件)
[05:21:10]    📊 Polymarket: 362 個市場已更新
[05:21:10] 驗證 1 個即時預測...
[05:26:13]    📡 三源抓取: CNN:50 → 合計 50 篇
[05:26:13]    沒有新推文
[事件偵測] 掃描最近 5 天的信號模式...
[事件偵測]    最近 5 天的信號:
[事件偵測]    2026-07-17: 0 篇 | T=0 D=0 R=0
[事件偵測]    2026-07-16: 0 篇 | T=0 D=0 R=0
[事件偵測]    2026-07-15: 0 篇 | T=0 D=0 R=0
[事件偵測]    2026-07-14: 0 篇 | T=0 D=0 R=0
[事件偵測]    2026-07-13: 0 篇 | T=0 D=0 R=0
[05:26:13]    事件偵測失敗: Expecting value: line 1 column 1 (char 0)
[05:26:13]    🪙 $TRUMP: $2.24 (+5.5%)
[05:26:14]    📊 Polymarket 快照: 362 個市場 (20 事件)
[05:26:14]    📊 Polymarket: 362 個市場已更新
[05:26:14] 驗證 1 個即時預測...
[05:31:18]    📡 三源抓取: CNN:50 → 合計 50 篇
[05:31:18]    沒有新推文
[事件偵測] 掃描最近 5 天的信號模式...
[事件偵測]    最近 5 天的信號:
[事件偵測]    2026-07-17: 0 篇 | T=0 D=0 R=0
[事件偵測]    2026-07-16: 0 篇 | T=0 D=0 R=0
[事件偵測]    2026-07-15: 0 篇 | T=0 D=0 R=0
[事件偵測]    2026-07-14: 0 篇 | T=0 D=0 R=0
[事件偵測]    2026-07-13: 0 篇 | T=0 D=0 R=0
[05:31:18]    事件偵測失敗: Expecting value: line 1 column 1 (char 0)
[05:31:18]    🪙 $TRUMP: $2.24 (+5.3%)
[05:31:18]    📊 Polymarket 快照: 362 個市場 (20 事件)
[05:31:18]    📊 Polymarket: 362 個市場已更新
[05:31:18] 驗證 1 個即時預測...
[05:36:21]    📡 三源抓取: CNN:50 → 合計 50 篇
[05:36:21]    沒有新推文
[事件偵測] 掃描最近 5 天的信號模式...
[事件偵測]    最近 5 天的信號:
[事件偵測]    2026-07-17: 0 篇 | T=0 D=0 R=0
[事件偵測]    2026-07-16: 0 篇 | T=0 D=0 R=0
[事件偵測]    2026-07-15: 0 篇 | T=0 D=0 R=0
[事件偵測]    2026-07-14: 0 篇 | T=0 D=0 R=0
[事件偵測]    2026-07-13: 0 篇 | T=0 D=0 R=0
[05:36:21]    事件偵測失敗: Expecting value: line 1 column 1 (char 0)
[05:36:21]    🪙 $TRUMP: $2.24 (+5.3%)
[05:36:22]    📊 Polymarket 快照: 362 個市場 (20 事件)
[05:36:22]    📊 Polymarket: 362 個市場已更新
[05:36:22] 驗證 1 個即時預測...
[05:41:24]    📡 三源抓取: CNN:50 → 合計 50 篇
[05:41:24]    沒有新推文
[事件偵測] 掃描最近 5 天的信號模式...
[事件偵測]    最近 5 天的信號:
[事件偵測]    2026-07-17: 0 篇 | T=0 D=0 R=0
[事件偵測]    2026-07-16: 0 篇 | T=0 D=0 R=0
[事件偵測]    2026-07-15: 0 篇 | T=0 D=0 R=0
[事件偵測]    2026-07-14: 0 篇 | T=0 D=0 R=0
[事件偵測]    2026-07-13: 0 篇 | T=0 D=0 R=0
[05:41:24]    事件偵測失敗: Expecting value: line 1 column 1 (char 0)
[05:41:25]    🪙 $TRUMP: $2.24 (+4.5%)
[05:41:25]    📊 Polymarket 快照: 362 個市場 (20 事件)
[05:41:25]    📊 Polymarket: 362 個市場已更新
[05:41:25] 驗證 1 個即時預測...
[05:46:29]    📡 三源抓取: CNN:50 → 合計 50 篇
[05:46:29]    沒有新推文
[事件偵測] 掃描最近 5 天的信號模式...
[事件偵測]    最近 5 天的信號:
[事件偵測]    2026-07-17: 0 篇 | T=0 D=0 R=0
[事件偵測]    2026-07-16: 0 篇 | T=0 D=0 R=0
[事件偵測]    2026-07-15: 0 篇 | T=0 D=0 R=0
[事件偵測]    2026-07-14: 0 篇 | T=0 D=0 R=0
[事件偵測]    2026-07-13: 0 篇 | T=0 D=0 R=0
[05:46:29]    事件偵測失敗: Expecting value: line 1 column 1 (char 0)
[05:46:29]    🪙 $TRUMP: $2.24 (+4.4%)
[05:46:29]    📊 Polymarket 快照: 362 個市場 (20 事件)
[05:46:29]    📊 Polymarket: 362 個市場已更新
[05:46:29] 驗證 1 個即時預測...
[05:51:34]    📡 三源抓取: CNN:50 → 合計 50 篇
[05:51:34]    沒有新推文
[事件偵測] 掃描最近 5 天的信號模式...
[事件偵測]    最近 5 天的信號:
[事件偵測]    2026-07-17: 0 篇 | T=0 D=0 R=0
[事件偵測]    2026-07-16: 0 篇 | T=0 D=0 R=0
[事件偵測]    2026-07-15: 0 篇 | T=0 D=0 R=0
[事件偵測]    2026-07-14: 0 篇 | T=0 D=0 R=0
[事件偵測]    2026-07-13: 0 篇 | T=0 D=0 R=0
[05:51:34]    事件偵測失敗: Expecting value: line 1 column 1 (char 0)
[05:51:34]    🪙 $TRUMP: $2.24 (+4.0%)
[05:51:34]    📊 Polymarket 快照: 362 個市場 (20 事件)
[05:51:34]    📊 Polymarket: 362 個市場已更新
[05:51:34] 驗證 1 個即時預測...
[05:56:38]    📡 三源抓取: CNN:50 → 合計 50 篇
[05:56:38]    沒有新推文
[事件偵測] 掃描最近 5 天的信號模式...
[事件偵測]    最近 5 天的信號:
[事件偵測]    2026-07-17: 0 篇 | T=0 D=0 R=0
[事件偵測]    2026-07-16: 0 篇 | T=0 D=0 R=0
[事件偵測]    2026-07-15: 0 篇 | T=0 D=0 R=0
[事件偵測]    2026-07-14: 0 篇 | T=0 D=0 R=0
[事件偵測]    2026-07-13: 0 篇 | T=0 D=0 R=0
[05:56:38]    事件偵測失敗: Expecting value: line 1 column 1 (char 0)
[05:56:38]    🪙 $TRUMP: $2.22 (+3.1%)
[05:56:39]    📊 Polymarket 快照: 362 個市場 (20 事件)
[05:56:39]    📊 Polymarket: 362 個市場已更新
[05:56:39] 驗證 1 個即時預測...
[06:01:42]    📡 三源抓取: CNN:50 → 合計 50 篇
[06:01:42]    沒有新推文
[事件偵測] 掃描最近 5 天的信號模式...
[事件偵測]    最近 5 天的信號:
[事件偵測]    2026-07-17: 0 篇 | T=0 D=0 R=0
[事件偵測]    2026-07-16: 0 篇 | T=0 D=0 R=0
[事件偵測]    2026-07-15: 0 篇 | T=0 D=0 R=0
[事件偵測]    2026-07-14: 0 篇 | T=0 D=0 R=0
[事件偵測]    2026-07-13: 0 篇 | T=0 D=0 R=0
[06:01:42]    事件偵測失敗: Expecting value: line 1 column 1 (char 0)
[06:01:42]    🪙 $TRUMP: $2.22 (+3.1%)
[06:01:43]    📊 Polymarket 快照: 362 個市場 (20 事件)
[06:01:43]    📊 Polymarket: 362 個市場已更新
[06:01:43] 驗證 1 個即時預測...
[06:06:46]    📡 三源抓取: CNN:50 → 合計 50 篇
[06:06:46]    沒有新推文
[事件偵測] 掃描最近 5 天的信號模式...
[事件偵測]    最近 5 天的信號:
[事件偵測]    2026-07-17: 0 篇 | T=0 D=0 R=0
[事件偵測]    2026-07-16: 0 篇 | T=0 D=0 R=0
[事件偵測]    2026-07-15: 0 篇 | T=0 D=0 R=0
[事件偵測]    2026-07-14: 0 篇 | T=0 D=0 R=0
[事件偵測]    2026-07-13: 0 篇 | T=0 D=0 R=0
[06:06:46]    事件偵測失敗: Expecting value: line 1 column 1 (char 0)
[06:06:46]    🪙 $TRUMP: $2.24 (+4.3%)
[06:06:46]    📊 Polymarket 快照: 362 個市場 (20 事件)
[06:06:46]    📊 Polymarket: 362 個市場已更新
[06:06:46] 驗證 1 個即時預測...
[06:11:50]    📡 三源抓取: CNN:50 → 合計 50 篇
[06:11:50]    沒有新推文
[事件偵測] 掃描最近 5 天的信號模式...
[事件偵測]    最近 5 天的信號:
[事件偵測]    2026-07-17: 0 篇 | T=0 D=0 R=0
[事件偵測]    2026-07-16: 0 篇 | T=0 D=0 R=0
[事件偵測]    2026-07-15: 0 篇 | T=0 D=0 R=0
[事件偵測]    2026-07-14: 0 篇 | T=0 D=0 R=0
[事件偵測]    2026-07-13: 0 篇 | T=0 D=0 R=0
[06:11:50]    事件偵測失敗: Expecting value: line 1 column 1 (char 0)
[06:11:50]    🪙 $TRUMP: $2.25 (+4.8%)
[06:11:50]    📊 Polymarket 快照: 362 個市場 (20 事件)
[06:11:50]    📊 Polymarket: 362 個市場已更新
[06:11:50] 驗證 1 個即時預測...
[06:16:53]    📡 三源抓取: CNN:50 → 合計 50 篇
[06:16:53]    沒有新推文
[事件偵測] 掃描最近 5 天的信號模式...
[事件偵測]    最近 5 天的信號:
[事件偵測]    2026-07-17: 0 篇 | T=0 D=0 R=0
[事件偵測]    2026-07-16: 0 篇 | T=0 D=0 R=0
[事件偵測]    2026-07-15: 0 篇 | T=0 D=0 R=0
[事件偵測]    2026-07-14: 0 篇 | T=0 D=0 R=0
[事件偵測]    2026-07-13: 0 篇 | T=0 D=0 R=0
[06:16:53]    事件偵測失敗: Expecting value: line 1 column 1 (char 0)
[06:16:53]    🪙 $TRUMP: $2.25 (+4.9%)
[06:16:53]    📊 Polymarket 快照: 362 個市場 (20 事件)
[06:16:53]    📊 Polymarket: 362 個市場已更新
[06:16:53] 驗證 1 個即時預測...
[06:21:57]    📡 三源抓取: CNN:50 → 合計 50 篇
[06:21:57]    沒有新推文
[事件偵測] 掃描最近 5 天的信號模式...
[事件偵測]    最近 5 天的信號:
[事件偵測]    2026-07-17: 0 篇 | T=0 D=0 R=0
[事件偵測]    2026-07-16: 0 篇 | T=0 D=0 R=0
[事件偵測]    2026-07-15: 0 篇 | T=0 D=0 R=0
[事件偵測]    2026-07-14: 0 篇 | T=0 D=0 R=0
[事件偵測]    2026-07-13: 0 篇 | T=0 D=0 R=0
[06:21:57]    事件偵測失敗: Expecting value: line 1 column 1 (char 0)
[06:21:57]    🪙 $TRUMP: $2.25 (+5.2%)
[06:21:58]    📊 Polymarket 快照: 362 個市場 (20 事件)
[06:21:58]    📊 Polymarket: 362 個市場已更新
[06:21:58] 驗證 1 個即時預測...
[06:27:02]    📡 三源抓取: CNN:50 → 合計 50 篇
[06:27:02]    沒有新推文
[事件偵測] 掃描最近 5 天的信號模式...
[事件偵測]    最近 5 天的信號:
[事件偵測]    2026-07-17: 0 篇 | T=0 D=0 R=0
[事件偵測]    2026-07-16: 0 篇 | T=0 D=0 R=0
[事件偵測]    2026-07-15: 0 篇 | T=0 D=0 R=0
[事件偵測]    2026-07-14: 0 篇 | T=0 D=0 R=0
[事件偵測]    2026-07-13: 0 篇 | T=0 D=0 R=0
[06:27:02]    事件偵測失敗: Expecting value: line 1 column 1 (char 0)
[06:27:02]    🪙 $TRUMP: $2.25 (+5.1%)
[06:27:02]    📊 Polymarket 快照: 362 個市場 (20 事件)
[06:27:02]    📊 Polymarket: 362 個市場已更新
[06:27:02] 驗證 1 個即時預測...
[06:32:05]    📡 三源抓取: CNN:50 → 合計 50 篇
[06:32:05]    沒有新推文
[事件偵測] 掃描最近 5 天的信號模式...
[事件偵測]    最近 5 天的信號:
[事件偵測]    2026-07-17: 0 篇 | T=0 D=0 R=0
[事件偵測]    2026-07-16: 0 篇 | T=0 D=0 R=0
[事件偵測]    2026-07-15: 0 篇 | T=0 D=0 R=0
[事件偵測]    2026-07-14: 0 篇 | T=0 D=0 R=0
[事件偵測]    2026-07-13: 0 篇 | T=0 D=0 R=0
[06:32:05]    事件偵測失敗: Expecting value: line 1 column 1 (char 0)
[06:32:05]    🪙 $TRUMP: $2.25 (+4.9%)
[06:32:06]    📊 Polymarket 快照: 362 個市場 (20 事件)
[06:32:06]    📊 Polymarket: 362 個市場已更新
[06:32:06] 驗證 1 個即時預測...
[06:37:08]    📡 三源抓取: CNN:50 → 合計 50 篇
[06:37:08]    沒有新推文
[事件偵測] 掃描最近 5 天的信號模式...
[事件偵測]    最近 5 天的信號:
[事件偵測]    2026-07-17: 0 篇 | T=0 D=0 R=0
[事件偵測]    2026-07-16: 0 篇 | T=0 D=0 R=0
[事件偵測]    2026-07-15: 0 篇 | T=0 D=0 R=0
[事件偵測]    2026-07-14: 0 篇 | T=0 D=0 R=0
[事件偵測]    2026-07-13: 0 篇 | T=0 D=0 R=0
[06:37:08]    事件偵測失敗: Expecting value: line 1 column 1 (char 0)
[06:37:09]    🪙 $TRUMP: $2.25 (+5.0%)
[06:37:09]    📊 Polymarket 快照: 362 個市場 (20 事件)
[06:37:09]    📊 Polymarket: 362 個市場已更新
[06:37:09] 驗證 1 個即時預測...
[06:42:12]    📡 三源抓取: CNN:50 → 合計 50 篇
[06:42:12]    沒有新推文
[事件偵測] 掃描最近 5 天的信號模式...
[事件偵測]    最近 5 天的信號:
[事件偵測]    2026-07-17: 0 篇 | T=0 D=0 R=0
[事件偵測]    2026-07-16: 0 篇 | T=0 D=0 R=0
[事件偵測]    2026-07-15: 0 篇 | T=0 D=0 R=0
[事件偵測]    2026-07-14: 0 篇 | T=0 D=0 R=0
[事件偵測]    2026-07-13: 0 篇 | T=0 D=0 R=0
[06:42:12]    事件偵測失敗: Expecting value: line 1 column 1 (char 0)
[06:42:12]    🪙 $TRUMP: $2.27 (+5.7%)
[06:42:13]    📊 Polymarket 快照: 362 個市場 (20 事件)
[06:42:13]    📊 Polymarket: 362 個市場已更新
[06:42:13] 驗證 1 個即時預測...
[06:47:15]    📡 三源抓取: CNN:50 → 合計 50 篇
[06:47:15]    沒有新推文
[事件偵測] 掃描最近 5 天的信號模式...
[事件偵測]    最近 5 天的信號:
[事件偵測]    2026-07-17: 0 篇 | T=0 D=0 R=0
[事件偵測]    2026-07-16: 0 篇 | T=0 D=0 R=0
[事件偵測]    2026-07-15: 0 篇 | T=0 D=0 R=0
[事件偵測]    2026-07-14: 0 篇 | T=0 D=0 R=0
[事件偵測]    2026-07-13: 0 篇 | T=0 D=0 R=0
[06:47:15]    事件偵測失敗: Expecting value: line 1 column 1 (char 0)
[06:47:16]    🪙 $TRUMP: $2.28 (+6.0%)
[06:47:16]    📊 Polymarket 快照: 362 個市場 (20 事件)
[06:47:16]    📊 Polymarket: 362 個市場已更新
[06:47:16] 驗證 1 個即時預測...
[06:52:19]    📡 三源抓取: CNN:50 → 合計 50 篇
[06:52:19]    沒有新推文
[事件偵測] 掃描最近 5 天的信號模式...
[事件偵測]    最近 5 天的信號:
[事件偵測]    2026-07-17: 0 篇 | T=0 D=0 R=0
[事件偵測]    2026-07-16: 0 篇 | T=0 D=0 R=0
[事件偵測]    2026-07-15: 0 篇 | T=0 D=0 R=0
[事件偵測]    2026-07-14: 0 篇 | T=0 D=0 R=0
[事件偵測]    2026-07-13: 0 篇 | T=0 D=0 R=0
[06:52:19]    事件偵測失敗: Expecting value: line 1 column 1 (char 0)
[06:52:19]    🪙 $TRUMP: $2.27 (+5.7%)
[06:52:19]    📊 Polymarket 快照: 362 個市場 (20 事件)
[06:52:19]    📊 Polymarket: 362 個市場已更新
[06:52:19] 驗證 1 個即時預測...
[06:57:22]    📡 三源抓取: CNN:50 → 合計 50 篇
[06:57:22]    沒有新推文
[事件偵測] 掃描最近 5 天的信號模式...
[事件偵測]    最近 5 天的信號:
[事件偵測]    2026-07-17: 0 篇 | T=0 D=0 R=0
[事件偵測]    2026-07-16: 0 篇 | T=0 D=0 R=0
[事件偵測]    2026-07-15: 0 篇 | T=0 D=0 R=0
[事件偵測]    2026-07-14: 0 篇 | T=0 D=0 R=0
[事件偵測]    2026-07-13: 0 篇 | T=0 D=0 R=0
[06:57:22]    事件偵測失敗: Expecting value: line 1 column 1 (char 0)
[06:57:23]    🪙 $TRUMP: $2.26 (+5.4%)
[06:57:23]    📊 Polymarket 快照: 362 個市場 (20 事件)
[06:57:23]    📊 Polymarket: 362 個市場已更新
[06:57:23] 驗證 1 個即時預測...
[07:02:26]    📡 三源抓取: CNN:50 → 合計 50 篇
[07:02:26]    沒有新推文
[事件偵測] 掃描最近 5 天的信號模式...
[事件偵測]    最近 5 天的信號:
[事件偵測]    2026-07-17: 0 篇 | T=0 D=0 R=0
[事件偵測]    2026-07-16: 0 篇 | T=0 D=0 R=0
[事件偵測]    2026-07-15: 0 篇 | T=0 D=0 R=0
[事件偵測]    2026-07-14: 0 篇 | T=0 D=0 R=0
[事件偵測]    2026-07-13: 0 篇 | T=0 D=0 R=0
[07:02:26]    事件偵測失敗: Expecting value: line 1 column 1 (char 0)
[07:02:26]    🪙 $TRUMP: $2.27 (+5.9%)
[07:02:26]    📊 Polymarket 快照: 362 個市場 (20 事件)
[07:02:26]    📊 Polymarket: 362 個市場已更新
[07:02:26] 驗證 1 個即時預測...
[07:07:29]    📡 三源抓取: CNN:50 → 合計 50 篇
[07:07:29]    沒有新推文
[事件偵測] 掃描最近 5 天的信號模式...
[事件偵測]    最近 5 天的信號:
[事件偵測]    2026-07-17: 0 篇 | T=0 D=0 R=0
[事件偵測]    2026-07-16: 0 篇 | T=0 D=0 R=0
[事件偵測]    2026-07-15: 0 篇 | T=0 D=0 R=0
[事件偵測]    2026-07-14: 0 篇 | T=0 D=0 R=0
[事件偵測]    2026-07-13: 0 篇 | T=0 D=0 R=0
[07:07:29]    事件偵測失敗: Expecting value: line 1 column 1 (char 0)
[07:07:29]    🪙 $TRUMP: $2.26 (+5.7%)
[07:07:29]    📊 Polymarket 快照: 362 個市場 (20 事件)
[07:07:29]    📊 Polymarket: 362 個市場已更新
[07:07:29] 驗證 1 個即時預測...
[07:12:35]    📡 三源抓取: CNN:50 → 合計 50 篇
[07:12:35]    沒有新推文
[事件偵測] 掃描最近 5 天的信號模式...
[事件偵測]    最近 5 天的信號:
[事件偵測]    2026-07-17: 0 篇 | T=0 D=0 R=0
[事件偵測]    2026-07-16: 0 篇 | T=0 D=0 R=0
[事件偵測]    2026-07-15: 0 篇 | T=0 D=0 R=0
[事件偵測]    2026-07-14: 0 篇 | T=0 D=0 R=0
[事件偵測]    2026-07-13: 0 篇 | T=0 D=0 R=0
[07:12:35]    事件偵測失敗: Expecting value: line 1 column 1 (char 0)
[07:12:35]    🪙 $TRUMP: $2.25 (+4.5%)
[07:12:36]    📊 Polymarket 快照: 362 個市場 (20 事件)
[07:12:36]    📊 Polymarket: 362 個市場已更新
[07:12:36] 驗證 1 個即時預測...
[07:17:39]    📡 三源抓取: CNN:50 → 合計 50 篇
[07:17:39]    沒有新推文
[事件偵測] 掃描最近 5 天的信號模式...
[事件偵測]    最近 5 天的信號:
[事件偵測]    2026-07-17: 0 篇 | T=0 D=0 R=0
[事件偵測]    2026-07-16: 0 篇 | T=0 D=0 R=0
[事件偵測]    2026-07-15: 0 篇 | T=0 D=0 R=0
[事件偵測]    2026-07-14: 0 篇 | T=0 D=0 R=0
[事件偵測]    2026-07-13: 0 篇 | T=0 D=0 R=0
[07:17:39]    事件偵測失敗: Expecting value: line 1 column 1 (char 0)
[07:17:39]    🪙 $TRUMP: $2.26 (+4.6%)
[07:17:40]    📊 Polymarket 快照: 362 個市場 (20 事件)
[07:17:40]    📊 Polymarket: 362 個市場已更新
[07:17:40] 驗證 1 個即時預測...
[07:22:43]    📡 三源抓取: CNN:50 → 合計 50 篇
[07:22:43]    沒有新推文
[事件偵測] 掃描最近 5 天的信號模式...
[事件偵測]    最近 5 天的信號:
[事件偵測]    2026-07-17: 0 篇 | T=0 D=0 R=0
[事件偵測]    2026-07-16: 0 篇 | T=0 D=0 R=0
[事件偵測]    2026-07-15: 0 篇 | T=0 D=0 R=0
[事件偵測]    2026-07-14: 0 篇 | T=0 D=0 R=0
[事件偵測]    2026-07-13: 0 篇 | T=0 D=0 R=0
[07:22:43]    事件偵測失敗: Expecting value: line 1 column 1 (char 0)
[07:22:43]    🪙 $TRUMP: $2.26 (+5.5%)
[07:22:44]    📊 Polymarket 快照: 362 個市場 (20 事件)
[07:22:44]    📊 Polymarket: 362 個市場已更新
[07:22:44] 驗證 1 個即時預測...
[07:27:48]    📡 三源抓取: CNN:50 → 合計 50 篇
[07:27:48]    沒有新推文
[事件偵測] 掃描最近 5 天的信號模式...
[事件偵測]    最近 5 天的信號:
[事件偵測]    2026-07-17: 0 篇 | T=0 D=0 R=0
[事件偵測]    2026-07-16: 0 篇 | T=0 D=0 R=0
[事件偵測]    2026-07-15: 0 篇 | T=0 D=0 R=0
[事件偵測]    2026-07-14: 0 篇 | T=0 D=0 R=0
[事件偵測]    2026-07-13: 0 篇 | T=0 D=0 R=0
[07:27:48]    事件偵測失敗: Expecting value: line 1 column 1 (char 0)
[07:27:48]    🪙 $TRUMP: $2.25 (+5.1%)
[07:27:48]    📊 Polymarket 快照: 404 個市場 (20 事件)
[07:27:48]    📊 Polymarket: 404 個市場已更新
[07:27:49] 驗證 1 個即時預測...
[07:32:52]    📡 三源抓取: CNN:50 → 合計 50 篇
[07:32:54]    沒有新推文
[事件偵測] 掃描最近 5 天的信號模式...
[事件偵測]    最近 5 天的信號:
[事件偵測]    2026-07-17: 0 篇 | T=0 D=0 R=0
[事件偵測]    2026-07-16: 0 篇 | T=0 D=0 R=0
[事件偵測]    2026-07-15: 0 篇 | T=0 D=0 R=0
[事件偵測]    2026-07-14: 0 篇 | T=0 D=0 R=0
[事件偵測]    2026-07-13: 0 篇 | T=0 D=0 R=0
[07:32:54]    事件偵測失敗: Expecting value: line 1 column 1 (char 0)
[07:32:55]    🪙 $TRUMP: $2.25 (+4.9%)
[07:32:55]    📊 Polymarket 快照: 404 個市場 (20 事件)
[07:32:55]    📊 Polymarket: 404 個市場已更新
[07:32:55] 驗證 1 個即時預測...
[07:37:58]    📡 三源抓取: CNN:50 → 合計 50 篇
[07:37:58]    沒有新推文
[事件偵測] 掃描最近 5 天的信號模式...
[事件偵測]    最近 5 天的信號:
[事件偵測]    2026-07-17: 0 篇 | T=0 D=0 R=0
[事件偵測]    2026-07-16: 0 篇 | T=0 D=0 R=0
[事件偵測]    2026-07-15: 0 篇 | T=0 D=0 R=0
[事件偵測]    2026-07-14: 0 篇 | T=0 D=0 R=0
[事件偵測]    2026-07-13: 0 篇 | T=0 D=0 R=0
[07:37:58]    事件偵測失敗: Expecting value: line 1 column 1 (char 0)
[07:37:59]    🪙 $TRUMP: $2.22 (+4.0%)
[07:37:59]    📊 Polymarket 快照: 404 個市場 (20 事件)
[07:37:59]    📊 Polymarket: 404 個市場已更新
[07:37:59] 驗證 1 個即時預測...
[07:43:03]    📡 三源抓取: CNN:50 → 合計 50 篇
[07:43:03]    沒有新推文
[事件偵測] 掃描最近 5 天的信號模式...
[事件偵測]    最近 5 天的信號:
[事件偵測]    2026-07-17: 0 篇 | T=0 D=0 R=0
[事件偵測]    2026-07-16: 0 篇 | T=0 D=0 R=0
[事件偵測]    2026-07-15: 0 篇 | T=0 D=0 R=0
[事件偵測]    2026-07-14: 0 篇 | T=0 D=0 R=0
[事件偵測]    2026-07-13: 0 篇 | T=0 D=0 R=0
[07:43:03]    事件偵測失敗: Expecting value: line 1 column 1 (char 0)
[07:43:03]    🪙 $TRUMP: $2.22 (+3.6%)
[07:43:04]    📊 Polymarket 快照: 404 個市場 (20 事件)
[07:43:04]    📊 Polymarket: 404 個市場已更新
[07:43:04] 驗證 1 個即時預測...
[07:48:07]    📡 三源抓取: CNN:50 → 合計 50 篇
[07:48:07]    沒有新推文
[事件偵測] 掃描最近 5 天的信號模式...
[事件偵測]    最近 5 天的信號:
[事件偵測]    2026-07-17: 0 篇 | T=0 D=0 R=0
[事件偵測]    2026-07-16: 0 篇 | T=0 D=0 R=0
[事件偵測]    2026-07-15: 0 篇 | T=0 D=0 R=0
[事件偵測]    2026-07-14: 0 篇 | T=0 D=0 R=0
[事件偵測]    2026-07-13: 0 篇 | T=0 D=0 R=0
[07:48:07]    事件偵測失敗: Expecting value: line 1 column 1 (char 0)
[07:48:07]    🪙 $TRUMP: $2.22 (+3.3%)
[07:48:07]    📊 Polymarket 快照: 404 個市場 (20 事件)
[07:48:07]    📊 Polymarket: 404 個市場已更新
[07:48:07] 驗證 1 個即時預測...
[07:53:10]    📡 三源抓取: CNN:50 → 合計 50 篇
[07:53:10]    沒有新推文
[事件偵測] 掃描最近 5 天的信號模式...
[事件偵測]    最近 5 天的信號:
[事件偵測]    2026-07-17: 0 篇 | T=0 D=0 R=0
[事件偵測]    2026-07-16: 0 篇 | T=0 D=0 R=0
[事件偵測]    2026-07-15: 0 篇 | T=0 D=0 R=0
[事件偵測]    2026-07-14: 0 篇 | T=0 D=0 R=0
[事件偵測]    2026-07-13: 0 篇 | T=0 D=0 R=0
[07:53:10]    事件偵測失敗: Expecting value: line 1 column 1 (char 0)
[07:53:11]    🪙 $TRUMP: $2.22 (+3.4%)
[07:53:11]    📊 Polymarket 快照: 404 個市場 (20 事件)
[07:53:11]    📊 Polymarket: 404 個市場已更新
[07:53:11] 驗證 1 個即時預測...
[07:58:14]    📡 三源抓取: CNN:50 → 合計 50 篇
[07:58:14]    沒有新推文
[事件偵測] 掃描最近 5 天的信號模式...
[事件偵測]    最近 5 天的信號:
[事件偵測]    2026-07-17: 0 篇 | T=0 D=0 R=0
[事件偵測]    2026-07-16: 0 篇 | T=0 D=0 R=0
[事件偵測]    2026-07-15: 0 篇 | T=0 D=0 R=0
[事件偵測]    2026-07-14: 0 篇 | T=0 D=0 R=0
[事件偵測]    2026-07-13: 0 篇 | T=0 D=0 R=0
[07:58:14]    事件偵測失敗: Expecting value: line 1 column 1 (char 0)
[07:58:15]    🪙 $TRUMP: $2.22 (+3.4%)
[07:58:15]    📊 Polymarket 快照: 404 個市場 (20 事件)
[07:58:15]    📊 Polymarket: 404 個市場已更新
[07:58:15] 驗證 1 個即時預測...
[08:03:18]    📡 三源抓取: CNN:50 → 合計 50 篇
[08:03:18]    沒有新推文
[事件偵測] 掃描最近 5 天的信號模式...
[事件偵測]    最近 5 天的信號:
[事件偵測]    2026-07-17: 0 篇 | T=0 D=0 R=0
[事件偵測]    2026-07-16: 0 篇 | T=0 D=0 R=0
[事件偵測]    2026-07-15: 0 篇 | T=0 D=0 R=0
[事件偵測]    2026-07-14: 0 篇 | T=0 D=0 R=0
[事件偵測]    2026-07-13: 0 篇 | T=0 D=0 R=0
[08:03:18]    事件偵測失敗: Expecting value: line 1 column 1 (char 0)
[08:03:18]    🪙 $TRUMP: $2.22 (+3.3%)
[08:03:19]    📊 Polymarket 快照: 404 個市場 (20 事件)
[08:03:19]    📊 Polymarket: 404 個市場已更新
[08:03:19] 驗證 1 個即時預測...
[08:08:22]    📡 三源抓取: CNN:50 → 合計 50 篇
[08:08:22]    沒有新推文
[事件偵測] 掃描最近 5 天的信號模式...
[事件偵測]    最近 5 天的信號:
[事件偵測]    2026-07-17: 0 篇 | T=0 D=0 R=0
[事件偵測]    2026-07-16: 0 篇 | T=0 D=0 R=0
[事件偵測]    2026-07-15: 0 篇 | T=0 D=0 R=0
[事件偵測]    2026-07-14: 0 篇 | T=0 D=0 R=0
[事件偵測]    2026-07-13: 0 篇 | T=0 D=0 R=0
[08:08:22]    事件偵測失敗: Expecting value: line 1 column 1 (char 0)
[08:08:22]    🪙 $TRUMP: $2.20 (+2.2%)
[08:08:22]    📊 Polymarket 快照: 404 個市場 (20 事件)
[08:08:22]    📊 Polymarket: 404 個市場已更新
[08:08:22] 驗證 1 個即時預測...
[08:13:26]    📡 三源抓取: CNN:50 → 合計 50 篇
[08:13:26]    沒有新推文
[事件偵測] 掃描最近 5 天的信號模式...
[事件偵測]    最近 5 天的信號:
[事件偵測]    2026-07-17: 0 篇 | T=0 D=0 R=0
[事件偵測]    2026-07-16: 0 篇 | T=0 D=0 R=0
[事件偵測]    2026-07-15: 0 篇 | T=0 D=0 R=0
[事件偵測]    2026-07-14: 0 篇 | T=0 D=0 R=0
[事件偵測]    2026-07-13: 0 篇 | T=0 D=0 R=0
[08:13:26]    事件偵測失敗: Expecting value: line 1 column 1 (char 0)
[08:13:27]    🪙 $TRUMP: $2.21 (+2.5%)
[08:13:27]    📊 Polymarket 快照: 404 個市場 (20 事件)
[08:13:27]    📊 Polymarket: 404 個市場已更新
[08:13:27] 驗證 1 個即時預測...
[08:18:30]    📡 三源抓取: CNN:50 → 合計 50 篇
[08:18:30]    沒有新推文
[事件偵測] 掃描最近 5 天的信號模式...
[事件偵測]    最近 5 天的信號:
[事件偵測]    2026-07-17: 0 篇 | T=0 D=0 R=0
[事件偵測]    2026-07-16: 0 篇 | T=0 D=0 R=0
[事件偵測]    2026-07-15: 0 篇 | T=0 D=0 R=0
[事件偵測]    2026-07-14: 0 篇 | T=0 D=0 R=0
[事件偵測]    2026-07-13: 0 篇 | T=0 D=0 R=0
[08:18:30]    事件偵測失敗: Expecting value: line 1 column 1 (char 0)
[08:18:30]    🪙 $TRUMP: $2.22 (+3.3%)
[08:18:31]    📊 Polymarket 快照: 404 個市場 (20 事件)
[08:18:31]    📊 Polymarket: 404 個市場已更新
[08:18:31] 驗證 1 個即時預測...
[08:23:34]    📡 三源抓取: CNN:50 → 合計 50 篇
[08:23:34]    沒有新推文
[事件偵測] 掃描最近 5 天的信號模式...
[事件偵測]    最近 5 天的信號:
[事件偵測]    2026-07-17: 0 篇 | T=0 D=0 R=0
[事件偵測]    2026-07-16: 0 篇 | T=0 D=0 R=0
[事件偵測]    2026-07-15: 0 篇 | T=0 D=0 R=0
[事件偵測]    2026-07-14: 0 篇 | T=0 D=0 R=0
[事件偵測]    2026-07-13: 0 篇 | T=0 D=0 R=0
[08:23:34]    事件偵測失敗: Expecting value: line 1 column 1 (char 0)
[08:23:34]    🪙 $TRUMP: $2.24 (+4.1%)
[08:23:34]    📊 Polymarket 快照: 404 個市場 (20 事件)
[08:23:34]    📊 Polymarket: 404 個市場已更新
[08:23:34] 驗證 1 個即時預測...
[08:28:38]    📡 三源抓取: CNN:50 → 合計 50 篇
[08:28:38]    沒有新推文
[事件偵測] 掃描最近 5 天的信號模式...
[事件偵測]    最近 5 天的信號:
[事件偵測]    2026-07-17: 0 篇 | T=0 D=0 R=0
[事件偵測]    2026-07-16: 0 篇 | T=0 D=0 R=0
[事件偵測]    2026-07-15: 0 篇 | T=0 D=0 R=0
[事件偵測]    2026-07-14: 0 篇 | T=0 D=0 R=0
[事件偵測]    2026-07-13: 0 篇 | T=0 D=0 R=0
[08:28:38]    事件偵測失敗: Expecting value: line 1 column 1 (char 0)
[08:28:38]    🪙 $TRUMP: $2.23 (+4.1%)
[08:28:38]    📊 Polymarket 快照: 404 個市場 (20 事件)
[08:28:38]    📊 Polymarket: 404 個市場已更新
[08:28:38] 驗證 1 個即時預測...
[08:33:41]    📡 三源抓取: CNN:50 → 合計 50 篇
[08:33:41]    沒有新推文
[事件偵測] 掃描最近 5 天的信號模式...
[事件偵測]    最近 5 天的信號:
[事件偵測]    2026-07-17: 0 篇 | T=0 D=0 R=0
[事件偵測]    2026-07-16: 0 篇 | T=0 D=0 R=0
[事件偵測]    2026-07-15: 0 篇 | T=0 D=0 R=0
[事件偵測]    2026-07-14: 0 篇 | T=0 D=0 R=0
[事件偵測]    2026-07-13: 0 篇 | T=0 D=0 R=0
[08:33:41]    事件偵測失敗: Expecting value: line 1 column 1 (char 0)
[08:33:41]    🪙 $TRUMP: $2.23 (+3.3%)
[08:33:42]    📊 Polymarket 快照: 404 個市場 (20 事件)
[08:33:42]    📊 Polymarket: 404 個市場已更新
[08:33:42] 驗證 1 個即時預測...
[08:38:45]    📡 三源抓取: CNN:50 → 合計 50 篇
[08:38:45]    沒有新推文
[事件偵測] 掃描最近 5 天的信號模式...
[事件偵測]    最近 5 天的信號:
[事件偵測]    2026-07-17: 0 篇 | T=0 D=0 R=0
[事件偵測]    2026-07-16: 0 篇 | T=0 D=0 R=0
[事件偵測]    2026-07-15: 0 篇 | T=0 D=0 R=0
[事件偵測]    2026-07-14: 0 篇 | T=0 D=0 R=0
[事件偵測]    2026-07-13: 0 篇 | T=0 D=0 R=0
[08:38:45]    事件偵測失敗: Expecting value: line 1 column 1 (char 0)
[08:38:45]    🪙 $TRUMP: $2.23 (+2.7%)
[08:38:46]    📊 Polymarket 快照: 404 個市場 (20 事件)
[08:38:46]    📊 Polymarket: 404 個市場已更新
[08:38:46] 驗證 1 個即時預測...
[08:43:48]    📡 三源抓取: CNN:50 → 合計 50 篇
[08:43:48]    沒有新推文
[事件偵測] 掃描最近 5 天的信號模式...
[事件偵測]    最近 5 天的信號:
[事件偵測]    2026-07-17: 0 篇 | T=0 D=0 R=0
[事件偵測]    2026-07-16: 0 篇 | T=0 D=0 R=0
[事件偵測]    2026-07-15: 0 篇 | T=0 D=0 R=0
[事件偵測]    2026-07-14: 0 篇 | T=0 D=0 R=0
[事件偵測]    2026-07-13: 0 篇 | T=0 D=0 R=0
[08:43:48]    事件偵測失敗: Expecting value: line 1 column 1 (char 0)
[08:43:49]    🪙 $TRUMP: $2.23 (+2.6%)
[08:43:49]    📊 Polymarket 快照: 384 個市場 (20 事件)
[08:43:49]    📊 Polymarket: 384 個市場已更新
[08:43:49] 驗證 1 個即時預測...
[08:48:51]    📡 三源抓取: CNN:50 → 合計 50 篇
[08:48:51]    沒有新推文
[事件偵測] 掃描最近 5 天的信號模式...
[事件偵測]    最近 5 天的信號:
[事件偵測]    2026-07-17: 0 篇 | T=0 D=0 R=0
[事件偵測]    2026-07-16: 0 篇 | T=0 D=0 R=0
[事件偵測]    2026-07-15: 0 篇 | T=0 D=0 R=0
[事件偵測]    2026-07-14: 0 篇 | T=0 D=0 R=0
[事件偵測]    2026-07-13: 0 篇 | T=0 D=0 R=0
[08:48:51]    事件偵測失敗: Expecting value: line 1 column 1 (char 0)
[08:48:52]    🪙 $TRUMP: $2.22 (+2.3%)
[08:48:52]    📊 Polymarket 快照: 384 個市場 (20 事件)
[08:48:52]    📊 Polymarket: 384 個市場已更新
[08:48:52] 驗證 1 個即時預測...
[08:53:54]    📡 三源抓取: CNN:50 → 合計 50 篇
[08:53:54]    沒有新推文
[事件偵測] 掃描最近 5 天的信號模式...
[事件偵測]    最近 5 天的信號:
[事件偵測]    2026-07-17: 0 篇 | T=0 D=0 R=0
[事件偵測]    2026-07-16: 0 篇 | T=0 D=0 R=0
[事件偵測]    2026-07-15: 0 篇 | T=0 D=0 R=0
[事件偵測]    2026-07-14: 0 篇 | T=0 D=0 R=0
[事件偵測]    2026-07-13: 0 篇 | T=0 D=0 R=0
[08:53:54]    事件偵測失敗: Expecting value: line 1 column 1 (char 0)
[08:53:55]    🪙 $TRUMP: $2.19 (+0.5%)
[08:53:55]    📊 Polymarket 快照: 384 個市場 (20 事件)
[08:53:55]    📊 Polymarket: 384 個市場已更新
[08:53:55] 驗證 1 個即時預測...
[08:58:58]    📡 三源抓取: CNN:50 → 合計 50 篇
[08:58:58]    沒有新推文
[事件偵測] 掃描最近 5 天的信號模式...
[事件偵測]    最近 5 天的信號:
[事件偵測]    2026-07-17: 0 篇 | T=0 D=0 R=0
[事件偵測]    2026-07-16: 0 篇 | T=0 D=0 R=0
[事件偵測]    2026-07-15: 0 篇 | T=0 D=0 R=0
[事件偵測]    2026-07-14: 0 篇 | T=0 D=0 R=0
[事件偵測]    2026-07-13: 0 篇 | T=0 D=0 R=0
[08:58:58]    事件偵測失敗: Expecting value: line 1 column 1 (char 0)
[08:58:58]    🪙 $TRUMP: $2.19 (+0.5%)
[08:58:59]    📊 Polymarket 快照: 384 個市場 (20 事件)
[08:58:59]    📊 Polymarket: 384 個市場已更新
[08:58:59] 驗證 1 個即時預測...
[09:04:02]    📡 三源抓取: CNN:50 → 合計 50 篇
[09:04:02]    沒有新推文
[事件偵測] 掃描最近 5 天的信號模式...
[事件偵測]    最近 5 天的信號:
[事件偵測]    2026-07-17: 0 篇 | T=0 D=0 R=0
[事件偵測]    2026-07-16: 0 篇 | T=0 D=0 R=0
[事件偵測]    2026-07-15: 0 篇 | T=0 D=0 R=0
[事件偵測]    2026-07-14: 0 篇 | T=0 D=0 R=0
[事件偵測]    2026-07-13: 0 篇 | T=0 D=0 R=0
[09:04:02]    事件偵測失敗: Expecting value: line 1 column 1 (char 0)
[09:04:02]    🪙 $TRUMP: $2.20 (+1.4%)
[09:04:02]    📊 Polymarket 快照: 384 個市場 (20 事件)
[09:04:02]    📊 Polymarket: 384 個市場已更新
[09:04:02] 驗證 1 個即時預測...
[09:09:06]    📡 三源抓取: CNN:50 → 合計 50 篇
[09:09:06]    沒有新推文
[事件偵測] 掃描最近 5 天的信號模式...
[事件偵測]    最近 5 天的信號:
[事件偵測]    2026-07-17: 0 篇 | T=0 D=0 R=0
[事件偵測]    2026-07-16: 0 篇 | T=0 D=0 R=0
[事件偵測]    2026-07-15: 0 篇 | T=0 D=0 R=0
[事件偵測]    2026-07-14: 0 篇 | T=0 D=0 R=0
[事件偵測]    2026-07-13: 0 篇 | T=0 D=0 R=0
[09:09:06]    事件偵測失敗: Expecting value: line 1 column 1 (char 0)
[09:09:06]    🪙 $TRUMP: $2.20 (+2.5%)
[09:09:06]    📊 Polymarket 快照: 384 個市場 (20 事件)
[09:09:06]    📊 Polymarket: 384 個市場已更新
[09:09:06] 驗證 1 個即時預測...
[09:14:10]    📡 三源抓取: CNN:50 → 合計 50 篇
[09:14:10]    沒有新推文
[事件偵測] 掃描最近 5 天的信號模式...
[事件偵測]    最近 5 天的信號:
[事件偵測]    2026-07-17: 0 篇 | T=0 D=0 R=0
[事件偵測]    2026-07-16: 0 篇 | T=0 D=0 R=0
[事件偵測]    2026-07-15: 0 篇 | T=0 D=0 R=0
[事件偵測]    2026-07-14: 0 篇 | T=0 D=0 R=0
[事件偵測]    2026-07-13: 0 篇 | T=0 D=0 R=0
[09:14:10]    事件偵測失敗: Expecting value: line 1 column 1 (char 0)
[09:14:10]    🪙 $TRUMP: $2.21 (+2.8%)
[09:14:10]    📊 Polymarket 快照: 384 個市場 (20 事件)
[09:14:10]    📊 Polymarket: 384 個市場已更新
[09:14:10] 驗證 1 個即時預測...
[09:19:14]    📡 三源抓取: CNN:50 → 合計 50 篇
[09:19:14]    沒有新推文
[事件偵測] 掃描最近 5 天的信號模式...
[事件偵測]    最近 5 天的信號:
[事件偵測]    2026-07-17: 0 篇 | T=0 D=0 R=0
[事件偵測]    2026-07-16: 0 篇 | T=0 D=0 R=0
[事件偵測]    2026-07-15: 0 篇 | T=0 D=0 R=0
[事件偵測]    2026-07-14: 0 篇 | T=0 D=0 R=0
[事件偵測]    2026-07-13: 0 篇 | T=0 D=0 R=0
[09:19:14]    事件偵測失敗: Expecting value: line 1 column 1 (char 0)
[09:19:14]    🪙 $TRUMP: $2.21 (+2.8%)
[09:19:14]    📊 Polymarket 快照: 384 個市場 (20 事件)
[09:19:14]    📊 Polymarket: 384 個市場已更新
[09:19:14] 驗證 1 個即時預測...
[09:24:18]    📡 三源抓取: CNN:50 → 合計 50 篇
[09:24:18]    沒有新推文
[事件偵測] 掃描最近 5 天的信號模式...
[事件偵測]    最近 5 天的信號:
[事件偵測]    2026-07-17: 0 篇 | T=0 D=0 R=0
[事件偵測]    2026-07-16: 0 篇 | T=0 D=0 R=0
[事件偵測]    2026-07-15: 0 篇 | T=0 D=0 R=0
[事件偵測]    2026-07-14: 0 篇 | T=0 D=0 R=0
[事件偵測]    2026-07-13: 0 篇 | T=0 D=0 R=0
[09:24:18]    事件偵測失敗: Expecting value: line 1 column 1 (char 0)
[09:24:18]    🪙 $TRUMP: $2.21 (+3.0%)
[09:24:18]    📊 Polymarket 快照: 384 個市場 (20 事件)
[09:24:18]    📊 Polymarket: 384 個市場已更新
[09:24:18] 驗證 1 個即時預測...
[09:29:23]    📡 三源抓取: CNN:50 → 合計 50 篇
[09:29:23]    沒有新推文
[事件偵測] 掃描最近 5 天的信號模式...
[事件偵測]    最近 5 天的信號:
[事件偵測]    2026-07-17: 0 篇 | T=0 D=0 R=0
[事件偵測]    2026-07-16: 0 篇 | T=0 D=0 R=0
[事件偵測]    2026-07-15: 0 篇 | T=0 D=0 R=0
[事件偵測]    2026-07-14: 0 篇 | T=0 D=0 R=0
[事件偵測]    2026-07-13: 0 篇 | T=0 D=0 R=0
[09:29:23]    事件偵測失敗: Expecting value: line 1 column 1 (char 0)
[09:29:23]    🪙 $TRUMP: $2.22 (+3.4%)
[09:29:23]    📊 Polymarket 快照: 380 個市場 (20 事件)
[09:29:23]    📊 Polymarket: 380 個市場已更新
[09:29:23] 驗證 1 個即時預測...
[09:34:27]    📡 三源抓取: CNN:50 → 合計 50 篇
[09:34:27]    沒有新推文
[事件偵測] 掃描最近 5 天的信號模式...
[事件偵測]    最近 5 天的信號:
[事件偵測]    2026-07-17: 0 篇 | T=0 D=0 R=0
[事件偵測]    2026-07-16: 0 篇 | T=0 D=0 R=0
[事件偵測]    2026-07-15: 0 篇 | T=0 D=0 R=0
[事件偵測]    2026-07-14: 0 篇 | T=0 D=0 R=0
[事件偵測]    2026-07-13: 0 篇 | T=0 D=0 R=0
[09:34:27]    事件偵測失敗: Expecting value: line 1 column 1 (char 0)
[09:34:27]    🪙 $TRUMP: $2.21 (+2.6%)
[09:34:27]    📊 Polymarket 快照: 380 個市場 (20 事件)
[09:34:27]    📊 Polymarket: 380 個市場已更新
[09:34:27] 驗證 1 個即時預測...
[09:39:31]    📡 三源抓取: CNN:50 → 合計 50 篇
[09:39:31]    沒有新推文
[事件偵測] 掃描最近 5 天的信號模式...
[事件偵測]    最近 5 天的信號:
[事件偵測]    2026-07-17: 0 篇 | T=0 D=0 R=0
[事件偵測]    2026-07-16: 0 篇 | T=0 D=0 R=0
[事件偵測]    2026-07-15: 0 篇 | T=0 D=0 R=0
[事件偵測]    2026-07-14: 0 篇 | T=0 D=0 R=0
[事件偵測]    2026-07-13: 0 篇 | T=0 D=0 R=0
[09:39:31]    事件偵測失敗: Expecting value: line 1 column 1 (char 0)
[09:39:31]    🪙 $TRUMP: $2.20 (+2.3%)
[09:39:31]    📊 Polymarket 快照: 380 個市場 (20 事件)
[09:39:31]    📊 Polymarket: 380 個市場已更新
[09:39:31] 驗證 1 個即時預測...
[09:44:35]    📡 三源抓取: CNN:50 → 合計 50 篇
[09:44:35]    沒有新推文
[事件偵測] 掃描最近 5 天的信號模式...
[事件偵測]    最近 5 天的信號:
[事件偵測]    2026-07-17: 0 篇 | T=0 D=0 R=0
[事件偵測]    2026-07-16: 0 篇 | T=0 D=0 R=0
[事件偵測]    2026-07-15: 0 篇 | T=0 D=0 R=0
[事件偵測]    2026-07-14: 0 篇 | T=0 D=0 R=0
[事件偵測]    2026-07-13: 0 篇 | T=0 D=0 R=0
[09:44:35]    事件偵測失敗: Expecting value: line 1 column 1 (char 0)
[09:44:36]    🪙 $TRUMP: $2.20 (+2.2%)
[09:44:36]    📊 Polymarket 快照: 380 個市場 (20 事件)
[09:44:36]    📊 Polymarket: 380 個市場已更新
[09:44:36] 驗證 1 個即時預測...
[09:49:40]    📡 三源抓取: CNN:50 → 合計 50 篇
[09:49:40]    沒有新推文
[事件偵測] 掃描最近 5 天的信號模式...
[事件偵測]    最近 5 天的信號:
[事件偵測]    2026-07-17: 0 篇 | T=0 D=0 R=0
[事件偵測]    2026-07-16: 0 篇 | T=0 D=0 R=0
[事件偵測]    2026-07-15: 0 篇 | T=0 D=0 R=0
[事件偵測]    2026-07-14: 0 篇 | T=0 D=0 R=0
[事件偵測]    2026-07-13: 0 篇 | T=0 D=0 R=0
[09:49:40]    事件偵測失敗: Expecting value: line 1 column 1 (char 0)
[09:49:40]    🪙 $TRUMP: $2.20 (+2.1%)
[09:49:40]    📊 Polymarket 快照: 380 個市場 (20 事件)
[09:49:40]    📊 Polymarket: 380 個市場已更新
[09:49:40] 驗證 1 個即時預測...
[09:54:44]    📡 三源抓取: CNN:50 → 合計 50 篇
[09:54:44]    沒有新推文
[事件偵測] 掃描最近 5 天的信號模式...
[事件偵測]    最近 5 天的信號:
[事件偵測]    2026-07-17: 0 篇 | T=0 D=0 R=0
[事件偵測]    2026-07-16: 0 篇 | T=0 D=0 R=0
[事件偵測]    2026-07-15: 0 篇 | T=0 D=0 R=0
[事件偵測]    2026-07-14: 0 篇 | T=0 D=0 R=0
[事件偵測]    2026-07-13: 0 篇 | T=0 D=0 R=0
[09:54:44]    事件偵測失敗: Expecting value: line 1 column 1 (char 0)
[09:54:44]    🪙 $TRUMP: $2.20 (+1.6%)
[09:54:45]    📊 Polymarket 快照: 342 個市場 (20 事件)
[09:54:45]    📊 Polymarket: 342 個市場已更新
[09:54:45] 驗證 1 個即時預測...
[09:59:49]    📡 三源抓取: CNN:50 → 合計 50 篇
[09:59:49]    沒有新推文
[事件偵測] 掃描最近 5 天的信號模式...
[事件偵測]    最近 5 天的信號:
[事件偵測]    2026-07-17: 0 篇 | T=0 D=0 R=0
[事件偵測]    2026-07-16: 0 篇 | T=0 D=0 R=0
[事件偵測]    2026-07-15: 0 篇 | T=0 D=0 R=0
[事件偵測]    2026-07-14: 0 篇 | T=0 D=0 R=0
[事件偵測]    2026-07-13: 0 篇 | T=0 D=0 R=0
[09:59:49]    事件偵測失敗: Expecting value: line 1 column 1 (char 0)
[09:59:49]    🪙 $TRUMP: $2.20 (+1.8%)
[09:59:49]    📊 Polymarket 快照: 342 個市場 (20 事件)
[09:59:49]    📊 Polymarket: 342 個市場已更新
[09:59:49] 驗證 1 個即時預測...
[10:04:54]    📡 三源抓取: CNN:50 → 合計 50 篇
[10:04:54]    沒有新推文
[事件偵測] 掃描最近 5 天的信號模式...
[事件偵測]    最近 5 天的信號:
[事件偵測]    2026-07-17: 0 篇 | T=0 D=0 R=0
[事件偵測]    2026-07-16: 0 篇 | T=0 D=0 R=0
[事件偵測]    2026-07-15: 0 篇 | T=0 D=0 R=0
[事件偵測]    2026-07-14: 0 篇 | T=0 D=0 R=0
[事件偵測]    2026-07-13: 0 篇 | T=0 D=0 R=0
[10:04:54]    事件偵測失敗: Expecting value: line 1 column 1 (char 0)
[10:04:54]    🪙 $TRUMP: $2.20 (+2.1%)
[10:04:55]    📊 Polymarket 快照: 342 個市場 (20 事件)
[10:04:55]    📊 Polymarket: 342 個市場已更新
[10:04:55] 驗證 1 個即時預測...
[10:09:57]    📡 三源抓取: CNN:50 → 合計 50 篇
[10:09:57]    沒有新推文
[事件偵測] 掃描最近 5 天的信號模式...
[事件偵測]    最近 5 天的信號:
[事件偵測]    2026-07-17: 0 篇 | T=0 D=0 R=0
[事件偵測]    2026-07-16: 0 篇 | T=0 D=0 R=0
[事件偵測]    2026-07-15: 0 篇 | T=0 D=0 R=0
[事件偵測]    2026-07-14: 0 篇 | T=0 D=0 R=0
[事件偵測]    2026-07-13: 0 篇 | T=0 D=0 R=0
[10:09:57]    事件偵測失敗: Expecting value: line 1 column 1 (char 0)
[10:09:58]    🪙 $TRUMP: $2.19 (+2.1%)
[10:09:58]    📊 Polymarket 快照: 342 個市場 (20 事件)
[10:09:58]    📊 Polymarket: 342 個市場已更新
[10:09:58] 驗證 1 個即時預測...
[10:15:02]    📡 三源抓取: CNN:50 → 合計 50 篇
[10:15:02]    沒有新推文
[事件偵測] 掃描最近 5 天的信號模式...
[事件偵測]    最近 5 天的信號:
[事件偵測]    2026-07-17: 0 篇 | T=0 D=0 R=0
[事件偵測]    2026-07-16: 0 篇 | T=0 D=0 R=0
[事件偵測]    2026-07-15: 0 篇 | T=0 D=0 R=0
[事件偵測]    2026-07-14: 0 篇 | T=0 D=0 R=0
[事件偵測]    2026-07-13: 0 篇 | T=0 D=0 R=0
[10:15:02]    事件偵測失敗: Expecting value: line 1 column 1 (char 0)
[10:15:02]    🪙 $TRUMP: $2.19 (+2.1%)
[10:15:02]    📊 Polymarket 快照: 358 個市場 (20 事件)
[10:15:02]    📊 Polymarket: 358 個市場已更新
[10:15:02] 驗證 1 個即時預測...
[10:20:05]    📡 三源抓取: CNN:50 → 合計 50 篇
[10:20:05]    沒有新推文
[事件偵測] 掃描最近 5 天的信號模式...
[事件偵測]    最近 5 天的信號:
[事件偵測]    2026-07-17: 0 篇 | T=0 D=0 R=0
[事件偵測]    2026-07-16: 0 篇 | T=0 D=0 R=0
[事件偵測]    2026-07-15: 0 篇 | T=0 D=0 R=0
[事件偵測]    2026-07-14: 0 篇 | T=0 D=0 R=0
[事件偵測]    2026-07-13: 0 篇 | T=0 D=0 R=0
[10:20:05]    事件偵測失敗: Expecting value: line 1 column 1 (char 0)
[10:20:05]    🪙 $TRUMP: $2.18 (+1.8%)
[10:20:06]    📊 Polymarket 快照: 358 個市場 (20 事件)
[10:20:06]    📊 Polymarket: 358 個市場已更新
[10:20:06] 驗證 1 個即時預測...
[10:25:09]    📡 三源抓取: CNN:50 → 合計 50 篇
[10:25:09]    沒有新推文
[事件偵測] 掃描最近 5 天的信號模式...
[事件偵測]    最近 5 天的信號:
[事件偵測]    2026-07-17: 0 篇 | T=0 D=0 R=0
[事件偵測]    2026-07-16: 0 篇 | T=0 D=0 R=0
[事件偵測]    2026-07-15: 0 篇 | T=0 D=0 R=0
[事件偵測]    2026-07-14: 0 篇 | T=0 D=0 R=0
[事件偵測]    2026-07-13: 0 篇 | T=0 D=0 R=0
[10:25:09]    事件偵測失敗: Expecting value: line 1 column 1 (char 0)
[10:25:09]    🪙 $TRUMP: $2.17 (+2.0%)
[10:25:09]    📊 Polymarket 快照: 358 個市場 (20 事件)
[10:25:09]    📊 Polymarket: 358 個市場已更新
[10:25:09] 驗證 1 個即時預測...
[10:30:12]    📡 三源抓取: CNN:50 → 合計 50 篇
[10:30:12]    沒有新推文
[事件偵測] 掃描最近 5 天的信號模式...
[事件偵測]    最近 5 天的信號:
[事件偵測]    2026-07-17: 0 篇 | T=0 D=0 R=0
[事件偵測]    2026-07-16: 0 篇 | T=0 D=0 R=0
[事件偵測]    2026-07-15: 0 篇 | T=0 D=0 R=0
[事件偵測]    2026-07-14: 0 篇 | T=0 D=0 R=0
[事件偵測]    2026-07-13: 0 篇 | T=0 D=0 R=0
[10:30:12]    事件偵測失敗: Expecting value: line 1 column 1 (char 0)
[10:30:12]    🪙 $TRUMP: $2.18 (+2.2%)
[10:30:13]    📊 Polymarket 快照: 358 個市場 (20 事件)
[10:30:13]    📊 Polymarket: 358 個市場已更新
[10:30:13] 驗證 1 個即時預測...
[10:35:16]    📡 三源抓取: CNN:50 → 合計 50 篇
[10:35:16]    沒有新推文
[事件偵測] 掃描最近 5 天的信號模式...
[事件偵測]    最近 5 天的信號:
[事件偵測]    2026-07-17: 0 篇 | T=0 D=0 R=0
[事件偵測]    2026-07-16: 0 篇 | T=0 D=0 R=0
[事件偵測]    2026-07-15: 0 篇 | T=0 D=0 R=0
[事件偵測]    2026-07-14: 0 篇 | T=0 D=0 R=0
[事件偵測]    2026-07-13: 0 篇 | T=0 D=0 R=0
[10:35:16]    事件偵測失敗: Expecting value: line 1 column 1 (char 0)
[10:35:17]    🪙 $TRUMP: $2.18 (+2.2%)
[10:35:17]    📊 Polymarket 快照: 358 個市場 (20 事件)
[10:35:17]    📊 Polymarket: 358 個市場已更新
[10:35:17] 驗證 1 個即時預測...
[10:40:20]    📡 三源抓取: CNN:50 → 合計 50 篇
[10:40:20]    沒有新推文
[事件偵測] 掃描最近 5 天的信號模式...
[事件偵測]    最近 5 天的信號:
[事件偵測]    2026-07-17: 0 篇 | T=0 D=0 R=0
[事件偵測]    2026-07-16: 0 篇 | T=0 D=0 R=0
[事件偵測]    2026-07-15: 0 篇 | T=0 D=0 R=0
[事件偵測]    2026-07-14: 0 篇 | T=0 D=0 R=0
[事件偵測]    2026-07-13: 0 篇 | T=0 D=0 R=0
[10:40:20]    事件偵測失敗: Expecting value: line 1 column 1 (char 0)
[10:40:20]    🪙 $TRUMP: $2.18 (+1.7%)
[10:40:20]    📊 Polymarket 快照: 358 個市場 (20 事件)
[10:40:20]    📊 Polymarket: 358 個市場已更新
[10:40:20] 驗證 1 個即時預測...
[10:45:24]    📡 三源抓取: CNN:50 → 合計 50 篇
[10:45:24]    沒有新推文
[事件偵測] 掃描最近 5 天的信號模式...
[事件偵測]    最近 5 天的信號:
[事件偵測]    2026-07-17: 0 篇 | T=0 D=0 R=0
[事件偵測]    2026-07-16: 0 篇 | T=0 D=0 R=0
[事件偵測]    2026-07-15: 0 篇 | T=0 D=0 R=0
[事件偵測]    2026-07-14: 0 篇 | T=0 D=0 R=0
[事件偵測]    2026-07-13: 0 篇 | T=0 D=0 R=0
[10:45:24]    事件偵測失敗: Expecting value: line 1 column 1 (char 0)
[10:45:24]    🪙 $TRUMP: $2.19 (+2.1%)
[10:45:24]    📊 Polymarket 快照: 358 個市場 (20 事件)
[10:45:24]    📊 Polymarket: 358 個市場已更新
[10:45:24] 驗證 1 個即時預測...
[10:50:27]    📡 三源抓取: CNN:50 → 合計 50 篇
[10:50:27]    沒有新推文
[事件偵測] 掃描最近 5 天的信號模式...
[事件偵測]    最近 5 天的信號:
[事件偵測]    2026-07-17: 0 篇 | T=0 D=0 R=0
[事件偵測]    2026-07-16: 0 篇 | T=0 D=0 R=0
[事件偵測]    2026-07-15: 0 篇 | T=0 D=0 R=0
[事件偵測]    2026-07-14: 0 篇 | T=0 D=0 R=0
[事件偵測]    2026-07-13: 0 篇 | T=0 D=0 R=0
[10:50:27]    事件偵測失敗: Expecting value: line 1 column 1 (char 0)
[10:50:27]    🪙 $TRUMP: $2.19 (+2.1%)
[10:50:28]    📊 Polymarket 快照: 358 個市場 (20 事件)
[10:50:28]    📊 Polymarket: 358 個市場已更新
[10:50:28] 驗證 1 個即時預測...
[10:55:31]    📡 三源抓取: CNN:50 → 合計 50 篇
[10:55:31]    沒有新推文
[事件偵測] 掃描最近 5 天的信號模式...
[事件偵測]    最近 5 天的信號:
[事件偵測]    2026-07-17: 0 篇 | T=0 D=0 R=0
[事件偵測]    2026-07-16: 0 篇 | T=0 D=0 R=0
[事件偵測]    2026-07-15: 0 篇 | T=0 D=0 R=0
[事件偵測]    2026-07-14: 0 篇 | T=0 D=0 R=0
[事件偵測]    2026-07-13: 0 篇 | T=0 D=0 R=0
[10:55:31]    事件偵測失敗: Expecting value: line 1 column 1 (char 0)
[10:55:32]    🪙 $TRUMP: $2.19 (+2.0%)
[10:55:32]    📊 Polymarket 快照: 358 個市場 (20 事件)
[10:55:32]    📊 Polymarket: 358 個市場已更新
[10:55:32] 驗證 1 個即時預測...
[11:00:36]    📡 三源抓取: CNN:50 → 合計 50 篇
[11:00:36]    沒有新推文
[事件偵測] 掃描最近 5 天的信號模式...
[事件偵測]    最近 5 天的信號:
[事件偵測]    2026-07-17: 0 篇 | T=0 D=0 R=0
[事件偵測]    2026-07-16: 0 篇 | T=0 D=0 R=0
[事件偵測]    2026-07-15: 0 篇 | T=0 D=0 R=0
[事件偵測]    2026-07-14: 0 篇 | T=0 D=0 R=0
[事件偵測]    2026-07-13: 0 篇 | T=0 D=0 R=0
[11:00:36]    事件偵測失敗: Expecting value: line 1 column 1 (char 0)
[11:00:36]    🪙 $TRUMP: $2.19 (+2.1%)
[11:00:37]    📊 Polymarket 快照: 358 個市場 (20 事件)
[11:00:37]    📊 Polymarket: 358 個市場已更新
[11:00:37] 驗證 1 個即時預測...
[11:05:40]    📡 三源抓取: CNN:50 → 合計 50 篇
[11:05:40]    沒有新推文
[事件偵測] 掃描最近 5 天的信號模式...
[事件偵測]    最近 5 天的信號:
[事件偵測]    2026-07-17: 0 篇 | T=0 D=0 R=0
[事件偵測]    2026-07-16: 0 篇 | T=0 D=0 R=0
[事件偵測]    2026-07-15: 0 篇 | T=0 D=0 R=0
[事件偵測]    2026-07-14: 0 篇 | T=0 D=0 R=0
[事件偵測]    2026-07-13: 0 篇 | T=0 D=0 R=0
[11:05:40]    事件偵測失敗: Expecting value: line 1 column 1 (char 0)
[11:05:40]    🪙 $TRUMP: $2.19 (+2.0%)
[11:05:41]    📊 Polymarket 快照: 358 個市場 (20 事件)
[11:05:41]    📊 Polymarket: 358 個市場已更新
[11:05:41] 驗證 1 個即時預測...
[11:10:44]    📡 三源抓取: CNN:50 → 合計 50 篇
[11:10:44]    沒有新推文
[事件偵測] 掃描最近 5 天的信號模式...
[事件偵測]    最近 5 天的信號:
[事件偵測]    2026-07-17: 0 篇 | T=0 D=0 R=0
[事件偵測]    2026-07-16: 0 篇 | T=0 D=0 R=0
[事件偵測]    2026-07-15: 0 篇 | T=0 D=0 R=0
[事件偵測]    2026-07-14: 0 篇 | T=0 D=0 R=0
[事件偵測]    2026-07-13: 0 篇 | T=0 D=0 R=0
[11:10:44]    事件偵測失敗: Expecting value: line 1 column 1 (char 0)
[11:10:44]    🪙 $TRUMP: $2.19 (+2.5%)
[11:10:45]    📊 Polymarket 快照: 400 個市場 (20 事件)
[11:10:45]    📊 Polymarket: 400 個市場已更新
[11:10:45] 驗證 1 個即時預測...
[11:15:48]    📡 三源抓取: CNN:50 → 合計 50 篇
[11:15:48]    沒有新推文
[事件偵測] 掃描最近 5 天的信號模式...
[事件偵測]    最近 5 天的信號:
[事件偵測]    2026-07-17: 0 篇 | T=0 D=0 R=0
[事件偵測]    2026-07-16: 0 篇 | T=0 D=0 R=0
[事件偵測]    2026-07-15: 0 篇 | T=0 D=0 R=0
[事件偵測]    2026-07-14: 0 篇 | T=0 D=0 R=0
[事件偵測]    2026-07-13: 0 篇 | T=0 D=0 R=0
[11:15:48]    事件偵測失敗: Expecting value: line 1 column 1 (char 0)
[11:15:48]    🪙 $TRUMP: $2.18 (+1.8%)
[11:15:48]    📊 Polymarket 快照: 400 個市場 (20 事件)
[11:15:48]    📊 Polymarket: 400 個市場已更新
[11:15:48] 驗證 1 個即時預測...
[11:20:52]    📡 三源抓取: CNN:50 → 合計 50 篇
[11:20:52]    沒有新推文
[事件偵測] 掃描最近 5 天的信號模式...
[事件偵測]    最近 5 天的信號:
[事件偵測]    2026-07-17: 0 篇 | T=0 D=0 R=0
[事件偵測]    2026-07-16: 0 篇 | T=0 D=0 R=0
[事件偵測]    2026-07-15: 0 篇 | T=0 D=0 R=0
[事件偵測]    2026-07-14: 0 篇 | T=0 D=0 R=0
[事件偵測]    2026-07-13: 0 篇 | T=0 D=0 R=0
[11:20:52]    事件偵測失敗: Expecting value: line 1 column 1 (char 0)
[11:20:52]    🪙 $TRUMP: $2.18 (+1.3%)
[11:20:52]    📊 Polymarket 快照: 400 個市場 (20 事件)
[11:20:52]    📊 Polymarket: 400 個市場已更新
[11:20:52] 驗證 1 個即時預測...
[11:25:55]    📡 三源抓取: CNN:50 → 合計 50 篇
[11:25:55]    沒有新推文
[事件偵測] 掃描最近 5 天的信號模式...
[事件偵測]    最近 5 天的信號:
[事件偵測]    2026-07-17: 0 篇 | T=0 D=0 R=0
[事件偵測]    2026-07-16: 0 篇 | T=0 D=0 R=0
[事件偵測]    2026-07-15: 0 篇 | T=0 D=0 R=0
[事件偵測]    2026-07-14: 0 篇 | T=0 D=0 R=0
[事件偵測]    2026-07-13: 0 篇 | T=0 D=0 R=0
[11:25:55]    事件偵測失敗: Expecting value: line 1 column 1 (char 0)
[11:25:55]    🪙 $TRUMP: $2.16 (+0.6%)
[11:25:56]    📊 Polymarket 快照: 400 個市場 (20 事件)
[11:25:56]    📊 Polymarket: 400 個市場已更新
[11:25:56] 驗證 1 個即時預測...
[11:30:59]    📡 三源抓取: CNN:50 → 合計 50 篇
[11:30:59]    沒有新推文
[事件偵測] 掃描最近 5 天的信號模式...
[事件偵測]    最近 5 天的信號:
[事件偵測]    2026-07-17: 0 篇 | T=0 D=0 R=0
[事件偵測]    2026-07-16: 0 篇 | T=0 D=0 R=0
[事件偵測]    2026-07-15: 0 篇 | T=0 D=0 R=0
[事件偵測]    2026-07-14: 0 篇 | T=0 D=0 R=0
[事件偵測]    2026-07-13: 0 篇 | T=0 D=0 R=0
[11:30:59]    事件偵測失敗: Expecting value: line 1 column 1 (char 0)
[11:30:59]    🪙 $TRUMP: $2.16 (+0.7%)
[11:30:59]    📊 Polymarket 快照: 358 個市場 (20 事件)
[11:30:59]    📊 Polymarket: 358 個市場已更新
[11:30:59] 驗證 1 個即時預測...
[11:36:03]    📡 三源抓取: CNN:50 → 合計 50 篇
[11:36:03]    沒有新推文
[事件偵測] 掃描最近 5 天的信號模式...
[事件偵測]    最近 5 天的信號:
[事件偵測]    2026-07-17: 0 篇 | T=0 D=0 R=0
[事件偵測]    2026-07-16: 0 篇 | T=0 D=0 R=0
[事件偵測]    2026-07-15: 0 篇 | T=0 D=0 R=0
[事件偵測]    2026-07-14: 0 篇 | T=0 D=0 R=0
[事件偵測]    2026-07-13: 0 篇 | T=0 D=0 R=0
[11:36:03]    事件偵測失敗: Expecting value: line 1 column 1 (char 0)
[11:36:03]    🪙 $TRUMP: $2.16 (+0.9%)
[11:36:04]    📊 Polymarket 快照: 358 個市場 (20 事件)
[11:36:04]    📊 Polymarket: 358 個市場已更新
[11:36:04] 驗證 1 個即時預測...
[11:41:07]    📡 三源抓取: CNN:50 → 合計 50 篇
[11:41:07]    沒有新推文
[事件偵測] 掃描最近 5 天的信號模式...
[事件偵測]    最近 5 天的信號:
[事件偵測]    2026-07-17: 0 篇 | T=0 D=0 R=0
[事件偵測]    2026-07-16: 0 篇 | T=0 D=0 R=0
[事件偵測]    2026-07-15: 0 篇 | T=0 D=0 R=0
[事件偵測]    2026-07-14: 0 篇 | T=0 D=0 R=0
[事件偵測]    2026-07-13: 0 篇 | T=0 D=0 R=0
[11:41:07]    事件偵測失敗: Expecting value: line 1 column 1 (char 0)
[11:41:08]    🪙 $TRUMP: $2.15 (+0.1%)
[11:41:08]    📊 Polymarket 快照: 358 個市場 (20 事件)
[11:41:08]    📊 Polymarket: 358 個市場已更新
[11:41:08] 驗證 1 個即時預測...
[11:46:11]    📡 三源抓取: CNN:50 → 合計 50 篇
[11:46:11]    沒有新推文
[事件偵測] 掃描最近 5 天的信號模式...
[事件偵測]    最近 5 天的信號:
[事件偵測]    2026-07-17: 0 篇 | T=0 D=0 R=0
[事件偵測]    2026-07-16: 0 篇 | T=0 D=0 R=0
[事件偵測]    2026-07-15: 0 篇 | T=0 D=0 R=0
[事件偵測]    2026-07-14: 0 篇 | T=0 D=0 R=0
[事件偵測]    2026-07-13: 0 篇 | T=0 D=0 R=0
[11:46:11]    事件偵測失敗: Expecting value: line 1 column 1 (char 0)
[11:46:11]    🪙 $TRUMP: $2.15 (-0.0%)
[11:46:11]    📊 Polymarket 快照: 358 個市場 (20 事件)
[11:46:11]    📊 Polymarket: 358 個市場已更新
[11:46:11] 驗證 1 個即時預測...
[11:51:15]    📡 三源抓取: CNN:50 → 合計 50 篇
[11:51:15]    沒有新推文
[事件偵測] 掃描最近 5 天的信號模式...
[事件偵測]    最近 5 天的信號:
[事件偵測]    2026-07-17: 0 篇 | T=0 D=0 R=0
[事件偵測]    2026-07-16: 0 篇 | T=0 D=0 R=0
[事件偵測]    2026-07-15: 0 篇 | T=0 D=0 R=0
[事件偵測]    2026-07-14: 0 篇 | T=0 D=0 R=0
[事件偵測]    2026-07-13: 0 篇 | T=0 D=0 R=0
[11:51:15]    事件偵測失敗: Expecting value: line 1 column 1 (char 0)
[11:51:15]    🪙 $TRUMP: $2.17 (+0.7%)
[11:51:16]    📊 Polymarket 快照: 358 個市場 (20 事件)
[11:51:16]    📊 Polymarket: 358 個市場已更新
[11:51:16] 驗證 1 個即時預測...
[11:56:19]    📡 三源抓取: CNN:50 → 合計 50 篇
[11:56:19]    沒有新推文
[事件偵測] 掃描最近 5 天的信號模式...
[事件偵測]    最近 5 天的信號:
[事件偵測]    2026-07-17: 0 篇 | T=0 D=0 R=0
[事件偵測]    2026-07-16: 0 篇 | T=0 D=0 R=0
[事件偵測]    2026-07-15: 0 篇 | T=0 D=0 R=0
[事件偵測]    2026-07-14: 0 篇 | T=0 D=0 R=0
[事件偵測]    2026-07-13: 0 篇 | T=0 D=0 R=0
[11:56:19]    事件偵測失敗: Expecting value: line 1 column 1 (char 0)
[11:56:20]    🪙 $TRUMP: $2.17 (+0.8%)
[11:56:20]    📊 Polymarket 快照: 358 個市場 (20 事件)
[11:56:20]    📊 Polymarket: 358 個市場已更新
[11:56:20] 驗證 1 個即時預測...
[12:01:23]    📡 三源抓取: CNN:50 → 合計 50 篇
[12:01:23]    沒有新推文
[事件偵測] 掃描最近 5 天的信號模式...
[事件偵測]    最近 5 天的信號:
[事件偵測]    2026-07-17: 0 篇 | T=0 D=0 R=0
[事件偵測]    2026-07-16: 0 篇 | T=0 D=0 R=0
[事件偵測]    2026-07-15: 0 篇 | T=0 D=0 R=0
[事件偵測]    2026-07-14: 0 篇 | T=0 D=0 R=0
[事件偵測]    2026-07-13: 0 篇 | T=0 D=0 R=0
[12:01:23]    事件偵測失敗: Expecting value: line 1 column 1 (char 0)
[12:01:23]    🪙 $TRUMP: $2.17 (+0.8%)
[12:01:23]    📊 Polymarket 快照: 358 個市場 (20 事件)
[12:01:23]    📊 Polymarket: 358 個市場已更新
[12:01:23] 驗證 1 個即時預測...
[12:06:27]    📡 三源抓取: CNN:50 → 合計 50 篇
[12:06:27]    沒有新推文
[事件偵測] 掃描最近 5 天的信號模式...
[事件偵測]    最近 5 天的信號:
[事件偵測]    2026-07-17: 0 篇 | T=0 D=0 R=0
[事件偵測]    2026-07-16: 0 篇 | T=0 D=0 R=0
[事件偵測]    2026-07-15: 0 篇 | T=0 D=0 R=0
[事件偵測]    2026-07-14: 0 篇 | T=0 D=0 R=0
[事件偵測]    2026-07-13: 0 篇 | T=0 D=0 R=0
[12:06:27]    事件偵測失敗: Expecting value: line 1 column 1 (char 0)
[12:06:27]    🪙 $TRUMP: $2.15 (+0.2%)
[12:06:27]    📊 Polymarket 快照: 358 個市場 (20 事件)
[12:06:28]    📊 Polymarket: 358 個市場已更新
[12:06:28] 驗證 1 個即時預測...
[12:11:30]    📡 三源抓取: CNN:50 → 合計 50 篇
[12:11:30]    沒有新推文
[事件偵測] 掃描最近 5 天的信號模式...
[事件偵測]    最近 5 天的信號:
[事件偵測]    2026-07-17: 0 篇 | T=0 D=0 R=0
[事件偵測]    2026-07-16: 0 篇 | T=0 D=0 R=0
[事件偵測]    2026-07-15: 0 篇 | T=0 D=0 R=0
[事件偵測]    2026-07-14: 0 篇 | T=0 D=0 R=0
[事件偵測]    2026-07-13: 0 篇 | T=0 D=0 R=0
[12:11:30]    事件偵測失敗: Expecting value: line 1 column 1 (char 0)
[12:11:31]    🪙 $TRUMP: $2.17 (+1.1%)
[12:11:31]    📊 Polymarket 快照: 358 個市場 (20 事件)
[12:11:31]    📊 Polymarket: 358 個市場已更新
[12:11:31] 驗證 1 個即時預測...
[12:16:35]    📡 三源抓取: CNN:50 → 合計 50 篇
[12:16:35]    沒有新推文
[事件偵測] 掃描最近 5 天的信號模式...
[事件偵測]    最近 5 天的信號:
[事件偵測]    2026-07-17: 0 篇 | T=0 D=0 R=0
[事件偵測]    2026-07-16: 0 篇 | T=0 D=0 R=0
[事件偵測]    2026-07-15: 0 篇 | T=0 D=0 R=0
[事件偵測]    2026-07-14: 0 篇 | T=0 D=0 R=0
[事件偵測]    2026-07-13: 0 篇 | T=0 D=0 R=0
[12:16:35]    事件偵測失敗: Expecting value: line 1 column 1 (char 0)
[12:16:35]    🪙 $TRUMP: $2.16 (+1.1%)
[12:16:35]    📊 Polymarket 快照: 358 個市場 (20 事件)
[12:16:35]    📊 Polymarket: 358 個市場已更新
[12:16:35] 驗證 1 個即時預測...
[12:21:39]    📡 三源抓取: CNN:50 → 合計 50 篇
[12:21:39]    沒有新推文
[事件偵測] 掃描最近 5 天的信號模式...
[事件偵測]    最近 5 天的信號:
[事件偵測]    2026-07-17: 0 篇 | T=0 D=0 R=0
[事件偵測]    2026-07-16: 0 篇 | T=0 D=0 R=0
[事件偵測]    2026-07-15: 0 篇 | T=0 D=0 R=0
[事件偵測]    2026-07-14: 0 篇 | T=0 D=0 R=0
[事件偵測]    2026-07-13: 0 篇 | T=0 D=0 R=0
[12:21:39]    事件偵測失敗: Expecting value: line 1 column 1 (char 0)
[12:21:39]    🪙 $TRUMP: $2.16 (+0.2%)
[12:21:39]    📊 Polymarket 快照: 358 個市場 (20 事件)
[12:21:39]    📊 Polymarket: 358 個市場已更新
[12:21:39] 驗證 1 個即時預測...
[12:26:43]    📡 三源抓取: CNN:50 → 合計 50 篇
[12:26:43]    沒有新推文
[事件偵測] 掃描最近 5 天的信號模式...
[事件偵測]    最近 5 天的信號:
[事件偵測]    2026-07-17: 0 篇 | T=0 D=0 R=0
[事件偵測]    2026-07-16: 0 篇 | T=0 D=0 R=0
[事件偵測]    2026-07-15: 0 篇 | T=0 D=0 R=0
[事件偵測]    2026-07-14: 0 篇 | T=0 D=0 R=0
[事件偵測]    2026-07-13: 0 篇 | T=0 D=0 R=0
[12:26:43]    事件偵測失敗: Expecting value: line 1 column 1 (char 0)
[12:26:43]    🪙 $TRUMP: $2.16 (+0.6%)
[12:26:44]    📊 Polymarket 快照: 358 個市場 (20 事件)
[12:26:44]    📊 Polymarket: 358 個市場已更新
[12:26:44] 驗證 1 個即時預測...
[12:31:46]    📡 三源抓取: CNN:50 → 合計 50 篇
[12:31:46]    沒有新推文
[事件偵測] 掃描最近 5 天的信號模式...
[事件偵測]    最近 5 天的信號:
[事件偵測]    2026-07-17: 0 篇 | T=0 D=0 R=0
[事件偵測]    2026-07-16: 0 篇 | T=0 D=0 R=0
[事件偵測]    2026-07-15: 0 篇 | T=0 D=0 R=0
[事件偵測]    2026-07-14: 0 篇 | T=0 D=0 R=0
[事件偵測]    2026-07-13: 0 篇 | T=0 D=0 R=0
[12:31:46]    事件偵測失敗: Expecting value: line 1 column 1 (char 0)
[12:31:47]    🪙 $TRUMP: $2.16 (+0.1%)
[12:31:47]    📊 Polymarket 快照: 358 個市場 (20 事件)
[12:31:47]    📊 Polymarket: 358 個市場已更新
[12:31:47] 驗證 1 個即時預測...
[12:36:51]    📡 三源抓取: CNN:50 → 合計 50 篇
[12:36:51]    沒有新推文
[事件偵測] 掃描最近 5 天的信號模式...
[事件偵測]    最近 5 天的信號:
[事件偵測]    2026-07-17: 0 篇 | T=0 D=0 R=0
[事件偵測]    2026-07-16: 0 篇 | T=0 D=0 R=0
[事件偵測]    2026-07-15: 0 篇 | T=0 D=0 R=0
[事件偵測]    2026-07-14: 0 篇 | T=0 D=0 R=0
[事件偵測]    2026-07-13: 0 篇 | T=0 D=0 R=0
[12:36:51]    事件偵測失敗: Expecting value: line 1 column 1 (char 0)
[12:36:51]    🪙 $TRUMP: $2.16 (+0.4%)
[12:36:51]    📊 Polymarket 快照: 358 個市場 (20 事件)
[12:36:51]    📊 Polymarket: 358 個市場已更新
[12:36:51] 驗證 1 個即時預測...
[12:41:54]    📡 三源抓取: CNN:50 → 合計 50 篇
[12:41:54] 🆕 偵測到 1 篇新推文！
[12:41:55]    📥 寫入 1 篇新推文到 trump_posts_all.json（總計 46130 篇）
[12:41:55]    📊 Polymarket 快照: 380 個市場 (20 事件)
[12:41:56]    🪙 $TRUMP: $2.17 (+0.3%)
[12:41:56]    📝 [12:36] Thank you to the Great Robert Greenway and Jesse — They get it! President DONALD...
[12:41:56]    🚀拉盤 劇本觸發: 他閉嘴（什麼都沒講）
[12:41:56]       歷史: +0.409% | 建議: LONG — 沉默是金
[事件偵測] 掃描最近 5 天的信號模式...
[事件偵測]    最近 5 天的信號:
[事件偵測]    2026-07-17: 0 篇 | T=0 D=0 R=0
[事件偵測]    2026-07-16: 0 篇 | T=0 D=0 R=0
[事件偵測]    2026-07-15: 0 篇 | T=0 D=0 R=0
[事件偵測]    2026-07-14: 0 篇 | T=0 D=0 R=0
[事件偵測]    2026-07-13: 0 篇 | T=0 D=0 R=0
[12:41:56]    事件偵測失敗: Expecting value: line 1 column 1 (char 0)
[12:41:56]    🪙 $TRUMP: $2.17 (+0.3%)
[12:41:56]    📊 Polymarket 快照: 380 個市場 (20 事件)
[12:41:56]    📊 Polymarket: 380 個市場已更新
[12:41:56] 驗證 1 個即時預測...
[12:41:57] 📊 本輪: 1 新推文 | 0 預測 | 0 驗證
[12:47:00]    📡 三源抓取: CNN:50 → 合計 50 篇
[12:47:00]    沒有新推文
[事件偵測] 掃描最近 5 天的信號模式...
[事件偵測]    最近 5 天的信號:
[事件偵測]    2026-07-17: 0 篇 | T=0 D=0 R=0
[事件偵測]    2026-07-16: 0 篇 | T=0 D=0 R=0
[事件偵測]    2026-07-15: 0 篇 | T=0 D=0 R=0
[事件偵測]    2026-07-14: 0 篇 | T=0 D=0 R=0
[事件偵測]    2026-07-13: 0 篇 | T=0 D=0 R=0
[12:47:00]    事件偵測失敗: Expecting value: line 1 column 1 (char 0)
[12:47:00]    🪙 $TRUMP: $2.16 (-0.1%)
[12:47:00]    📊 Polymarket 快照: 380 個市場 (20 事件)
[12:47:00]    📊 Polymarket: 380 個市場已更新
[12:47:00] 驗證 1 個即時預測...
[12:52:04]    📡 三源抓取: CNN:50 → 合計 50 篇
[12:52:04]    沒有新推文
[事件偵測] 掃描最近 5 天的信號模式...
[事件偵測]    最近 5 天的信號:
[事件偵測]    2026-07-17: 0 篇 | T=0 D=0 R=0
[事件偵測]    2026-07-16: 0 篇 | T=0 D=0 R=0
[事件偵測]    2026-07-15: 0 篇 | T=0 D=0 R=0
[事件偵測]    2026-07-14: 0 篇 | T=0 D=0 R=0
[事件偵測]    2026-07-13: 0 篇 | T=0 D=0 R=0
[12:52:04]    事件偵測失敗: Expecting value: line 1 column 1 (char 0)
[12:52:05]    🪙 $TRUMP: $2.16 (-0.8%)
[12:52:05]    📊 Polymarket 快照: 380 個市場 (20 事件)
[12:52:05]    📊 Polymarket: 380 個市場已更新
[12:52:05] 驗證 1 個即時預測...
[12:57:10]    📡 三源抓取: CNN:50 → 合計 50 篇
[12:57:10]    沒有新推文
[事件偵測] 掃描最近 5 天的信號模式...
[事件偵測]    最近 5 天的信號:
[事件偵測]    2026-07-17: 0 篇 | T=0 D=0 R=0
[事件偵測]    2026-07-16: 0 篇 | T=0 D=0 R=0
[事件偵測]    2026-07-15: 0 篇 | T=0 D=0 R=0
[事件偵測]    2026-07-14: 0 篇 | T=0 D=0 R=0
[事件偵測]    2026-07-13: 0 篇 | T=0 D=0 R=0
[12:57:10]    事件偵測失敗: Expecting value: line 1 column 1 (char 0)
[12:57:10]    🪙 $TRUMP: $2.15 (-1.4%)
[12:57:10]    📊 Polymarket 快照: 380 個市場 (20 事件)
[12:57:10]    📊 Polymarket: 380 個市場已更新
[12:57:10] 驗證 1 個即時預測...
[13:02:13]    📡 三源抓取: CNN:50 → 合計 50 篇
[13:02:13]    沒有新推文
[事件偵測] 掃描最近 5 天的信號模式...
[事件偵測]    最近 5 天的信號:
[事件偵測]    2026-07-17: 0 篇 | T=0 D=0 R=0
[事件偵測]    2026-07-16: 0 篇 | T=0 D=0 R=0
[事件偵測]    2026-07-15: 0 篇 | T=0 D=0 R=0
[事件偵測]    2026-07-14: 0 篇 | T=0 D=0 R=0
[事件偵測]    2026-07-13: 0 篇 | T=0 D=0 R=0
[13:02:13]    事件偵測失敗: Expecting value: line 1 column 1 (char 0)
[13:02:14]    🪙 $TRUMP: $2.15 (-1.9%)
[13:02:14]    📊 Polymarket 快照: 380 個市場 (20 事件)
[13:02:14]    📊 Polymarket: 380 個市場已更新
[13:02:14] 驗證 1 個即時預測...
[13:07:18]    📡 三源抓取: CNN:50 → 合計 50 篇
[13:07:18]    沒有新推文
[事件偵測] 掃描最近 5 天的信號模式...
[事件偵測]    最近 5 天的信號:
[事件偵測]    2026-07-17: 0 篇 | T=0 D=0 R=0
[事件偵測]    2026-07-16: 0 篇 | T=0 D=0 R=0
[事件偵測]    2026-07-15: 0 篇 | T=0 D=0 R=0
[事件偵測]    2026-07-14: 0 篇 | T=0 D=0 R=0
[事件偵測]    2026-07-13: 0 篇 | T=0 D=0 R=0
[13:07:18]    事件偵測失敗: Expecting value: line 1 column 1 (char 0)
[13:07:18]    🪙 $TRUMP: $2.14 (-3.7%)
[13:07:19]    📊 Polymarket 快照: 380 個市場 (20 事件)
[13:07:19]    📊 Polymarket: 380 個市場已更新
[13:07:19] 驗證 1 個即時預測...
[13:12:22]    📡 三源抓取: CNN:50 → 合計 50 篇
[13:12:22] 🆕 偵測到 1 篇新推文！
[13:12:23]    📥 寫入 1 篇新推文到 trump_posts_all.json（總計 46131 篇）
[13:12:23]    📊 Polymarket 快照: 380 個市場 (20 事件)
[13:12:24]    🪙 $TRUMP: $2.13 (-4.0%)
[13:12:24]    📝 [13:08] Canada is destroying itself by allowing millions and millions of people into the...
[13:12:24]    🚀拉盤 劇本觸發: 他閉嘴（什麼都沒講）
[13:12:24]       歷史: +0.409% | 建議: LONG — 沉默是金
[事件偵測] 掃描最近 5 天的信號模式...
[事件偵測]    最近 5 天的信號:
[事件偵測]    2026-07-17: 0 篇 | T=0 D=0 R=0
[事件偵測]    2026-07-16: 0 篇 | T=0 D=0 R=0
[事件偵測]    2026-07-15: 0 篇 | T=0 D=0 R=0
[事件偵測]    2026-07-14: 0 篇 | T=0 D=0 R=0
[事件偵測]    2026-07-13: 0 篇 | T=0 D=0 R=0
[13:12:24]    事件偵測失敗: Expecting value: line 1 column 1 (char 0)
[13:12:24]    🪙 $TRUMP: $2.13 (-4.0%)
[13:12:24]    📊 Polymarket 快照: 380 個市場 (20 事件)
[13:12:24]    📊 Polymarket: 380 個市場已更新
[13:12:24] 驗證 1 個即時預測...
[13:12:25] 📊 本輪: 1 新推文 | 0 預測 | 0 驗證
[13:17:28]    📡 三源抓取: CNN:50 → 合計 50 篇
[13:17:28]    沒有新推文
[事件偵測] 掃描最近 5 天的信號模式...
[事件偵測]    最近 5 天的信號:
[事件偵測]    2026-07-17: 0 篇 | T=0 D=0 R=0
[事件偵測]    2026-07-16: 0 篇 | T=0 D=0 R=0
[事件偵測]    2026-07-15: 0 篇 | T=0 D=0 R=0
[事件偵測]    2026-07-14: 0 篇 | T=0 D=0 R=0
[事件偵測]    2026-07-13: 0 篇 | T=0 D=0 R=0
[13:17:28]    事件偵測失敗: Expecting value: line 1 column 1 (char 0)
[13:17:28]    🪙 $TRUMP: $2.14 (-3.4%)
[13:17:28]    📊 Polymarket 快照: 380 個市場 (20 事件)
[13:17:28]    📊 Polymarket: 380 個市場已更新
[13:17:28] 驗證 1 個即時預測...
[13:22:32]    📡 三源抓取: CNN:50 → 合計 50 篇
[13:22:32]    沒有新推文
[事件偵測] 掃描最近 5 天的信號模式...
[事件偵測]    最近 5 天的信號:
[事件偵測]    2026-07-17: 0 篇 | T=0 D=0 R=0
[事件偵測]    2026-07-16: 0 篇 | T=0 D=0 R=0
[事件偵測]    2026-07-15: 0 篇 | T=0 D=0 R=0
[事件偵測]    2026-07-14: 0 篇 | T=0 D=0 R=0
[事件偵測]    2026-07-13: 0 篇 | T=0 D=0 R=0
[13:22:32]    事件偵測失敗: Expecting value: line 1 column 1 (char 0)
[13:22:32]    🪙 $TRUMP: $2.14 (-3.0%)
[13:22:32]    📊 Polymarket 快照: 380 個市場 (20 事件)
[13:22:33]    📊 Polymarket: 380 個市場已更新
[13:22:33] 驗證 1 個即時預測...
[13:27:36]    📡 三源抓取: CNN:50 → 合計 50 篇
[13:27:36]    沒有新推文
[事件偵測] 掃描最近 5 天的信號模式...
[事件偵測]    最近 5 天的信號:
[事件偵測]    2026-07-17: 0 篇 | T=0 D=0 R=0
[事件偵測]    2026-07-16: 0 篇 | T=0 D=0 R=0
[事件偵測]    2026-07-15: 0 篇 | T=0 D=0 R=0
[事件偵測]    2026-07-14: 0 篇 | T=0 D=0 R=0
[事件偵測]    2026-07-13: 0 篇 | T=0 D=0 R=0
[13:27:36]    事件偵測失敗: Expecting value: line 1 column 1 (char 0)
[13:27:36]    🪙 $TRUMP: $2.14 (-1.9%)
[13:27:36]    📊 Polymarket 快照: 380 個市場 (20 事件)
[13:27:36]    📊 Polymarket: 380 個市場已更新
[13:27:36] 驗證 1 個即時預測...
[13:32:40]    📡 三源抓取: CNN:50 → 合計 50 篇
[13:32:40]    沒有新推文
[事件偵測] 掃描最近 5 天的信號模式...
[事件偵測]    最近 5 天的信號:
[事件偵測]    2026-07-17: 0 篇 | T=0 D=0 R=0
[事件偵測]    2026-07-16: 0 篇 | T=0 D=0 R=0
[事件偵測]    2026-07-15: 0 篇 | T=0 D=0 R=0
[事件偵測]    2026-07-14: 0 篇 | T=0 D=0 R=0
[事件偵測]    2026-07-13: 0 篇 | T=0 D=0 R=0
[13:32:40]    事件偵測失敗: Expecting value: line 1 column 1 (char 0)
[13:32:40]    🪙 $TRUMP: $2.15 (-2.3%)
[13:32:40]    📊 Polymarket 快照: 380 個市場 (20 事件)
[13:32:41]    📊 Polymarket: 380 個市場已更新
[13:32:41] 驗證 1 個即時預測...
[13:37:45]    📡 三源抓取: CNN:50 → 合計 50 篇
[13:37:45]    沒有新推文
[事件偵測] 掃描最近 5 天的信號模式...
[事件偵測]    最近 5 天的信號:
[事件偵測]    2026-07-17: 0 篇 | T=0 D=0 R=0
[事件偵測]    2026-07-16: 0 篇 | T=0 D=0 R=0
[事件偵測]    2026-07-15: 0 篇 | T=0 D=0 R=0
[事件偵測]    2026-07-14: 0 篇 | T=0 D=0 R=0
[事件偵測]    2026-07-13: 0 篇 | T=0 D=0 R=0
[13:37:45]    事件偵測失敗: Expecting value: line 1 column 1 (char 0)
[13:37:45]    🪙 $TRUMP: $2.14 (-2.2%)
[13:37:45]    📊 Polymarket 快照: 380 個市場 (20 事件)
[13:37:45]    📊 Polymarket: 380 個市場已更新
[13:37:45] 驗證 1 個即時預測...
[13:42:48]    📡 三源抓取: CNN:50 → 合計 50 篇
[13:42:48] 🆕 偵測到 1 篇新推文！
[13:42:49]    📥 寫入 1 篇新推文到 trump_posts_all.json（總計 46132 篇）
[13:42:49]    📊 Polymarket 快照: 380 個市場 (20 事件)
[13:42:50]    🪙 $TRUMP: $2.15 (-1.7%)
[13:42:50]    📝 [13:26] Victor Davis Hanson on Canada — A MUST SEE! President DONALD J. TRUMP...
[13:42:50]    🚀拉盤 劇本觸發: 他閉嘴（什麼都沒講）
[13:42:50]       歷史: +0.409% | 建議: LONG — 沉默是金
[事件偵測] 掃描最近 5 天的信號模式...
[事件偵測]    最近 5 天的信號:
[事件偵測]    2026-07-17: 0 篇 | T=0 D=0 R=0
[事件偵測]    2026-07-16: 0 篇 | T=0 D=0 R=0
[事件偵測]    2026-07-15: 0 篇 | T=0 D=0 R=0
[事件偵測]    2026-07-14: 0 篇 | T=0 D=0 R=0
[事件偵測]    2026-07-13: 0 篇 | T=0 D=0 R=0
[13:42:50]    事件偵測失敗: Expecting value: line 1 column 1 (char 0)
[13:42:50]    🪙 $TRUMP: $2.15 (-1.7%)
[13:42:50]    📊 Polymarket 快照: 380 個市場 (20 事件)
[13:42:50]    📊 Polymarket: 380 個市場已更新
[13:42:50] 驗證 1 個即時預測...
[13:42:50] 📊 本輪: 1 新推文 | 0 預測 | 0 驗證
[13:47:53]    📡 三源抓取: CNN:50 → 合計 50 篇
[13:47:53]    沒有新推文
[事件偵測] 掃描最近 5 天的信號模式...
[事件偵測]    最近 5 天的信號:
[事件偵測]    2026-07-17: 0 篇 | T=0 D=0 R=0
[事件偵測]    2026-07-16: 0 篇 | T=0 D=0 R=0
[事件偵測]    2026-07-15: 0 篇 | T=0 D=0 R=0
[事件偵測]    2026-07-14: 0 篇 | T=0 D=0 R=0
[事件偵測]    2026-07-13: 0 篇 | T=0 D=0 R=0
[13:47:53]    事件偵測失敗: Expecting value: line 1 column 1 (char 0)
[13:47:53]    🪙 $TRUMP: $2.15 (-2.2%)
[13:47:53]    📊 Polymarket 快照: 380 個市場 (20 事件)
[13:47:53]    📊 Polymarket: 380 個市場已更新
[13:47:53] 驗證 1 個即時預測...
[13:52:56]    📡 三源抓取: CNN:50 → 合計 50 篇
[13:52:56]    沒有新推文
[事件偵測] 掃描最近 5 天的信號模式...
[事件偵測]    最近 5 天的信號:
[事件偵測]    2026-07-17: 0 篇 | T=0 D=0 R=0
[事件偵測]    2026-07-16: 0 篇 | T=0 D=0 R=0
[事件偵測]    2026-07-15: 0 篇 | T=0 D=0 R=0
[事件偵測]    2026-07-14: 0 篇 | T=0 D=0 R=0
[事件偵測]    2026-07-13: 0 篇 | T=0 D=0 R=0
[13:52:56]    事件偵測失敗: Expecting value: line 1 column 1 (char 0)
[13:52:57]    🪙 $TRUMP: $2.14 (-2.8%)
[13:52:57]    📊 Polymarket 快照: 380 個市場 (20 事件)
[13:52:57]    📊 Polymarket: 380 個市場已更新
[13:52:57] 驗證 1 個即時預測...
[13:58:01]    📡 三源抓取: CNN:50 → 合計 50 篇
[13:58:01]    沒有新推文
[事件偵測] 掃描最近 5 天的信號模式...
[事件偵測]    最近 5 天的信號:
[事件偵測]    2026-07-17: 0 篇 | T=0 D=0 R=0
[事件偵測]    2026-07-16: 0 篇 | T=0 D=0 R=0
[事件偵測]    2026-07-15: 0 篇 | T=0 D=0 R=0
[事件偵測]    2026-07-14: 0 篇 | T=0 D=0 R=0
[事件偵測]    2026-07-13: 0 篇 | T=0 D=0 R=0
[13:58:01]    事件偵測失敗: Expecting value: line 1 column 1 (char 0)
[13:58:01]    🪙 $TRUMP: $2.14 (-3.6%)
[13:58:01]    📊 Polymarket 快照: 380 個市場 (20 事件)
[13:58:01]    📊 Polymarket: 380 個市場已更新
[13:58:01] 驗證 1 個即時預測...
[14:03:05]    📡 三源抓取: CNN:50 → 合計 50 篇
[14:03:05]    沒有新推文
[事件偵測] 掃描最近 5 天的信號模式...
[事件偵測]    最近 5 天的信號:
[事件偵測]    2026-07-17: 0 篇 | T=0 D=0 R=0
[事件偵測]    2026-07-16: 0 篇 | T=0 D=0 R=0
[事件偵測]    2026-07-15: 0 篇 | T=0 D=0 R=0
[事件偵測]    2026-07-14: 0 篇 | T=0 D=0 R=0
[事件偵測]    2026-07-13: 0 篇 | T=0 D=0 R=0
[14:03:05]    事件偵測失敗: Expecting value: line 1 column 1 (char 0)
[14:03:06]    🪙 $TRUMP: $2.14 (-3.3%)
[14:03:06]    📊 Polymarket 快照: 380 個市場 (20 事件)
[14:03:06]    📊 Polymarket: 380 個市場已更新
[14:03:06] 驗證 1 個即時預測...
[14:08:10]    📡 三源抓取: CNN:50 → 合計 50 篇
[14:08:10]    沒有新推文
[事件偵測] 掃描最近 5 天的信號模式...
[事件偵測]    最近 5 天的信號:
[事件偵測]    2026-07-17: 0 篇 | T=0 D=0 R=0
[事件偵測]    2026-07-16: 0 篇 | T=0 D=0 R=0
[事件偵測]    2026-07-15: 0 篇 | T=0 D=0 R=0
[事件偵測]    2026-07-14: 0 篇 | T=0 D=0 R=0
[事件偵測]    2026-07-13: 0 篇 | T=0 D=0 R=0
[14:08:10]    事件偵測失敗: Expecting value: line 1 column 1 (char 0)
[14:08:10]    🪙 $TRUMP: $2.14 (-3.2%)
[14:08:10]    📊 Polymarket 快照: 380 個市場 (20 事件)
[14:08:10]    📊 Polymarket: 380 個市場已更新
[14:08:10] 驗證 1 個即時預測...
[14:13:13]    📡 三源抓取: CNN:50 → 合計 50 篇
[14:13:13]    沒有新推文
[事件偵測] 掃描最近 5 天的信號模式...
[事件偵測]    最近 5 天的信號:
[事件偵測]    2026-07-17: 0 篇 | T=0 D=0 R=0
[事件偵測]    2026-07-16: 0 篇 | T=0 D=0 R=0
[事件偵測]    2026-07-15: 0 篇 | T=0 D=0 R=0
[事件偵測]    2026-07-14: 0 篇 | T=0 D=0 R=0
[事件偵測]    2026-07-13: 0 篇 | T=0 D=0 R=0
[14:13:13]    事件偵測失敗: Expecting value: line 1 column 1 (char 0)
[14:13:13]    🪙 $TRUMP: $2.02 (-9.0%)
[14:13:13]    📊 Polymarket 快照: 380 個市場 (20 事件)
[14:13:13]    📊 Polymarket: 380 個市場已更新
[14:13:13] 驗證 1 個即時預測...
[14:18:16]    📡 三源抓取: CNN:50 → 合計 50 篇
[14:18:16]    沒有新推文
[事件偵測] 掃描最近 5 天的信號模式...
[事件偵測]    最近 5 天的信號:
[事件偵測]    2026-07-17: 0 篇 | T=0 D=0 R=0
[事件偵測]    2026-07-16: 0 篇 | T=0 D=0 R=0
[事件偵測]    2026-07-15: 0 篇 | T=0 D=0 R=0
[事件偵測]    2026-07-14: 0 篇 | T=0 D=0 R=0
[事件偵測]    2026-07-13: 0 篇 | T=0 D=0 R=0
[14:18:16]    事件偵測失敗: Expecting value: line 1 column 1 (char 0)
[14:18:16]    🪙 $TRUMP: $2.02 (-8.6%)
[14:18:16]    📊 Polymarket 快照: 380 個市場 (20 事件)
[14:18:16]    📊 Polymarket: 380 個市場已更新
[14:18:16] 驗證 1 個即時預測...
[14:23:20]    📡 三源抓取: CNN:50 → 合計 50 篇
[14:23:20]    沒有新推文
[事件偵測] 掃描最近 5 天的信號模式...
[事件偵測]    最近 5 天的信號:
[事件偵測]    2026-07-17: 0 篇 | T=0 D=0 R=0
[事件偵測]    2026-07-16: 0 篇 | T=0 D=0 R=0
[事件偵測]    2026-07-15: 0 篇 | T=0 D=0 R=0
[事件偵測]    2026-07-14: 0 篇 | T=0 D=0 R=0
[事件偵測]    2026-07-13: 0 篇 | T=0 D=0 R=0
[14:23:20]    事件偵測失敗: Expecting value: line 1 column 1 (char 0)
[14:23:20]    🪙 $TRUMP: $2.01 (-8.5%)
[14:23:20]    📊 Polymarket 快照: 380 個市場 (20 事件)
[14:23:20]    📊 Polymarket: 380 個市場已更新
[14:23:20] 驗證 1 個即時預測...
[14:28:23]    📡 三源抓取: CNN:50 → 合計 50 篇
[14:28:23]    沒有新推文
[事件偵測] 掃描最近 5 天的信號模式...
[事件偵測]    最近 5 天的信號:
[事件偵測]    2026-07-17: 0 篇 | T=0 D=0 R=0
[事件偵測]    2026-07-16: 0 篇 | T=0 D=0 R=0
[事件偵測]    2026-07-15: 0 篇 | T=0 D=0 R=0
[事件偵測]    2026-07-14: 0 篇 | T=0 D=0 R=0
[事件偵測]    2026-07-13: 0 篇 | T=0 D=0 R=0
[14:28:23]    事件偵測失敗: Expecting value: line 1 column 1 (char 0)
[14:28:23]    🪙 $TRUMP: $2.01 (-8.1%)
[14:28:24]    📊 Polymarket 快照: 380 個市場 (20 事件)
[14:28:24]    📊 Polymarket: 380 個市場已更新
[14:28:24] 驗證 1 個即時預測...
[14:33:29]    📡 三源抓取: CNN:50 → 合計 50 篇
[14:33:29]    沒有新推文
[事件偵測] 掃描最近 5 天的信號模式...
[事件偵測]    最近 5 天的信號:
[事件偵測]    2026-07-17: 0 篇 | T=0 D=0 R=0
[事件偵測]    2026-07-16: 0 篇 | T=0 D=0 R=0
[事件偵測]    2026-07-15: 0 篇 | T=0 D=0 R=0
[事件偵測]    2026-07-14: 0 篇 | T=0 D=0 R=0
[事件偵測]    2026-07-13: 0 篇 | T=0 D=0 R=0
[14:33:29]    事件偵測失敗: Expecting value: line 1 column 1 (char 0)
[14:33:30]    🪙 $TRUMP: $2.00 (-7.2%)
[14:33:30]    📊 Polymarket 快照: 380 個市場 (20 事件)
[14:33:30]    📊 Polymarket: 380 個市場已更新
[14:33:30] 驗證 1 個即時預測...
[14:38:34]    📡 三源抓取: CNN:50 → 合計 50 篇
[14:38:34]    沒有新推文
[事件偵測] 掃描最近 5 天的信號模式...
[事件偵測]    最近 5 天的信號:
[事件偵測]    2026-07-17: 0 篇 | T=0 D=0 R=0
[事件偵測]    2026-07-16: 0 篇 | T=0 D=0 R=0
[事件偵測]    2026-07-15: 0 篇 | T=0 D=0 R=0
[事件偵測]    2026-07-14: 0 篇 | T=0 D=0 R=0
[事件偵測]    2026-07-13: 0 篇 | T=0 D=0 R=0
[14:38:34]    事件偵測失敗: Expecting value: line 1 column 1 (char 0)
[14:38:34]    🪙 $TRUMP: $2.02 (-5.9%)
[14:38:35]    📊 Polymarket 快照: 380 個市場 (20 事件)
[14:38:35]    📊 Polymarket: 380 個市場已更新
[14:38:35] 驗證 1 個即時預測...
[14:43:38]    📡 三源抓取: CNN:50 → 合計 50 篇
[14:43:38]    沒有新推文
[事件偵測] 掃描最近 5 天的信號模式...
[事件偵測]    最近 5 天的信號:
[事件偵測]    2026-07-17: 0 篇 | T=0 D=0 R=0
[事件偵測]    2026-07-16: 0 篇 | T=0 D=0 R=0
[事件偵測]    2026-07-15: 0 篇 | T=0 D=0 R=0
[事件偵測]    2026-07-14: 0 篇 | T=0 D=0 R=0
[事件偵測]    2026-07-13: 0 篇 | T=0 D=0 R=0
[14:43:38]    事件偵測失敗: Expecting value: line 1 column 1 (char 0)
[14:43:38]    🪙 $TRUMP: $2.02 (-6.0%)
[14:43:39]    📊 Polymarket 快照: 380 個市場 (20 事件)
[14:43:39]    📊 Polymarket: 380 個市場已更新
[14:43:39] 驗證 1 個即時預測...
[14:48:42]    📡 三源抓取: CNN:50 → 合計 50 篇
[14:48:42]    沒有新推文
[事件偵測] 掃描最近 5 天的信號模式...
[事件偵測]    最近 5 天的信號:
[事件偵測]    2026-07-17: 0 篇 | T=0 D=0 R=0
[事件偵測]    2026-07-16: 0 篇 | T=0 D=0 R=0
[事件偵測]    2026-07-15: 0 篇 | T=0 D=0 R=0
[事件偵測]    2026-07-14: 0 篇 | T=0 D=0 R=0
[事件偵測]    2026-07-13: 0 篇 | T=0 D=0 R=0
[14:48:42]    事件偵測失敗: Expecting value: line 1 column 1 (char 0)
[14:48:43]    🪙 $TRUMP: $2.01 (-7.3%)
[14:48:43]    📊 Polymarket 快照: 380 個市場 (20 事件)
[14:48:43]    📊 Polymarket: 380 個市場已更新
[14:48:43] 驗證 1 個即時預測...
[14:53:50]    📡 三源抓取: CNN:50 → 合計 50 篇
[14:53:50]    沒有新推文
[事件偵測] 掃描最近 5 天的信號模式...
[事件偵測]    最近 5 天的信號:
[事件偵測]    2026-07-17: 0 篇 | T=0 D=0 R=0
[事件偵測]    2026-07-16: 0 篇 | T=0 D=0 R=0
[事件偵測]    2026-07-15: 0 篇 | T=0 D=0 R=0
[事件偵測]    2026-07-14: 0 篇 | T=0 D=0 R=0
[事件偵測]    2026-07-13: 0 篇 | T=0 D=0 R=0
[14:53:50]    事件偵測失敗: Expecting value: line 1 column 1 (char 0)
[14:53:50]    🪙 $TRUMP: $2.01 (-7.1%)
[14:53:50]    📊 Polymarket 快照: 380 個市場 (20 事件)
[14:53:50]    📊 Polymarket: 380 個市場已更新
[14:53:50] 驗證 1 個即時預測...
[14:58:54]    📡 三源抓取: CNN:50 → 合計 50 篇
[14:58:54]    沒有新推文
[事件偵測] 掃描最近 5 天的信號模式...
[事件偵測]    最近 5 天的信號:
[事件偵測]    2026-07-17: 0 篇 | T=0 D=0 R=0
[事件偵測]    2026-07-16: 0 篇 | T=0 D=0 R=0
[事件偵測]    2026-07-15: 0 篇 | T=0 D=0 R=0
[事件偵測]    2026-07-14: 0 篇 | T=0 D=0 R=0
[事件偵測]    2026-07-13: 0 篇 | T=0 D=0 R=0
[14:58:54]    事件偵測失敗: Expecting value: line 1 column 1 (char 0)
[14:58:55]    🪙 $TRUMP: $2.02 (-6.9%)
[14:58:55]    📊 Polymarket 快照: 380 個市場 (20 事件)
[14:58:55]    📊 Polymarket: 380 個市場已更新
[14:58:55] 驗證 1 個即時預測...
[15:03:58]    📡 三源抓取: CNN:50 → 合計 50 篇
[15:03:58]    沒有新推文
[事件偵測] 掃描最近 5 天的信號模式...
[事件偵測]    最近 5 天的信號:
[事件偵測]    2026-07-17: 0 篇 | T=0 D=0 R=0
[事件偵測]    2026-07-16: 0 篇 | T=0 D=0 R=0
[事件偵測]    2026-07-15: 0 篇 | T=0 D=0 R=0
[事件偵測]    2026-07-14: 0 篇 | T=0 D=0 R=0
[事件偵測]    2026-07-13: 0 篇 | T=0 D=0 R=0
[15:03:58]    事件偵測失敗: Expecting value: line 1 column 1 (char 0)
[15:03:59]    🪙 $TRUMP: $2.02 (-7.6%)
[15:03:59]    📊 Polymarket 快照: 380 個市場 (20 事件)
[15:03:59]    📊 Polymarket: 380 個市場已更新
[15:03:59] 驗證 1 個即時預測...
[15:09:03]    📡 三源抓取: CNN:50 → 合計 50 篇
[15:09:03]    沒有新推文
[事件偵測] 掃描最近 5 天的信號模式...
[事件偵測]    最近 5 天的信號:
[事件偵測]    2026-07-17: 0 篇 | T=0 D=0 R=0
[事件偵測]    2026-07-16: 0 篇 | T=0 D=0 R=0
[事件偵測]    2026-07-15: 0 篇 | T=0 D=0 R=0
[事件偵測]    2026-07-14: 0 篇 | T=0 D=0 R=0
[事件偵測]    2026-07-13: 0 篇 | T=0 D=0 R=0
[15:09:03]    事件偵測失敗: Expecting value: line 1 column 1 (char 0)
[15:09:03]    🪙 $TRUMP: $2.02 (-7.9%)
[15:09:03]    📊 Polymarket 快照: 380 個市場 (20 事件)
[15:09:03]    📊 Polymarket: 380 個市場已更新
[15:09:03] 驗證 1 個即時預測...
[15:14:06]    📡 三源抓取: CNN:50 → 合計 50 篇
[15:14:06]    沒有新推文
[事件偵測] 掃描最近 5 天的信號模式...
[事件偵測]    最近 5 天的信號:
[事件偵測]    2026-07-17: 0 篇 | T=0 D=0 R=0
[事件偵測]    2026-07-16: 0 篇 | T=0 D=0 R=0
[事件偵測]    2026-07-15: 0 篇 | T=0 D=0 R=0
[事件偵測]    2026-07-14: 0 篇 | T=0 D=0 R=0
[事件偵測]    2026-07-13: 0 篇 | T=0 D=0 R=0
[15:14:06]    事件偵測失敗: Expecting value: line 1 column 1 (char 0)
[15:14:07]    🪙 $TRUMP: $2.02 (-7.9%)
[15:14:07]    📊 Polymarket 快照: 364 個市場 (20 事件)
[15:14:07]    📊 Polymarket: 364 個市場已更新
[15:14:07] 驗證 1 個即時預測...
[15:19:10]    📡 三源抓取: CNN:50 → 合計 50 篇
[15:19:10]    沒有新推文
[事件偵測] 掃描最近 5 天的信號模式...
[事件偵測]    最近 5 天的信號:
[事件偵測]    2026-07-17: 0 篇 | T=0 D=0 R=0
[事件偵測]    2026-07-16: 0 篇 | T=0 D=0 R=0
[事件偵測]    2026-07-15: 0 篇 | T=0 D=0 R=0
[事件偵測]    2026-07-14: 0 篇 | T=0 D=0 R=0
[事件偵測]    2026-07-13: 0 篇 | T=0 D=0 R=0
[15:19:10]    事件偵測失敗: Expecting value: line 1 column 1 (char 0)
[15:19:10]    🪙 $TRUMP: $2.01 (-7.5%)
[15:19:10]    📊 Polymarket 快照: 364 個市場 (20 事件)
[15:19:10]    📊 Polymarket: 364 個市場已更新
[15:19:10] 驗證 1 個即時預測...
[15:24:13]    📡 三源抓取: CNN:50 → 合計 50 篇
[15:24:13]    沒有新推文
[事件偵測] 掃描最近 5 天的信號模式...
[事件偵測]    最近 5 天的信號:
[事件偵測]    2026-07-17: 0 篇 | T=0 D=0 R=0
[事件偵測]    2026-07-16: 0 篇 | T=0 D=0 R=0
[事件偵測]    2026-07-15: 0 篇 | T=0 D=0 R=0
[事件偵測]    2026-07-14: 0 篇 | T=0 D=0 R=0
[事件偵測]    2026-07-13: 0 篇 | T=0 D=0 R=0
[15:24:13]    事件偵測失敗: Expecting value: line 1 column 1 (char 0)
[15:24:13]    🪙 $TRUMP: $2.01 (-8.4%)
[15:24:14]    📊 Polymarket 快照: 364 個市場 (20 事件)
[15:24:14]    📊 Polymarket: 364 個市場已更新
[15:24:14] 驗證 1 個即時預測...
[15:29:17]    📡 三源抓取: CNN:50 → 合計 50 篇
[15:29:17]    沒有新推文
[事件偵測] 掃描最近 5 天的信號模式...
[事件偵測]    最近 5 天的信號:
[事件偵測]    2026-07-17: 0 篇 | T=0 D=0 R=0
[事件偵測]    2026-07-16: 0 篇 | T=0 D=0 R=0
[事件偵測]    2026-07-15: 0 篇 | T=0 D=0 R=0
[事件偵測]    2026-07-14: 0 篇 | T=0 D=0 R=0
[事件偵測]    2026-07-13: 0 篇 | T=0 D=0 R=0
[15:29:17]    事件偵測失敗: Expecting value: line 1 column 1 (char 0)
[15:29:17]    🪙 $TRUMP: $2.01 (-8.7%)
[15:29:17]    📊 Polymarket 快照: 364 個市場 (20 事件)
[15:29:17]    📊 Polymarket: 364 個市場已更新
[15:29:17] 驗證 1 個即時預測...
[15:34:20]    📡 三源抓取: CNN:50 → 合計 50 篇
[15:34:20]    沒有新推文
[事件偵測] 掃描最近 5 天的信號模式...
[事件偵測]    最近 5 天的信號:
[事件偵測]    2026-07-17: 0 篇 | T=0 D=0 R=0
[事件偵測]    2026-07-16: 0 篇 | T=0 D=0 R=0
[事件偵測]    2026-07-15: 0 篇 | T=0 D=0 R=0
[事件偵測]    2026-07-14: 0 篇 | T=0 D=0 R=0
[事件偵測]    2026-07-13: 0 篇 | T=0 D=0 R=0
[15:34:20]    事件偵測失敗: Expecting value: line 1 column 1 (char 0)
[15:34:21]    🪙 $TRUMP: $2.00 (-8.9%)
[15:34:21]    📊 Polymarket 快照: 364 個市場 (20 事件)
[15:34:21]    📊 Polymarket: 364 個市場已更新
[15:34:21] 驗證 1 個即時預測...
[15:39:25]    📡 三源抓取: CNN:50 → 合計 50 篇
[15:39:25]    沒有新推文
[事件偵測] 掃描最近 5 天的信號模式...
[事件偵測]    最近 5 天的信號:
[事件偵測]    2026-07-17: 0 篇 | T=0 D=0 R=0
[事件偵測]    2026-07-16: 0 篇 | T=0 D=0 R=0
[事件偵測]    2026-07-15: 0 篇 | T=0 D=0 R=0
[事件偵測]    2026-07-14: 0 篇 | T=0 D=0 R=0
[事件偵測]    2026-07-13: 0 篇 | T=0 D=0 R=0
[15:39:25]    事件偵測失敗: Expecting value: line 1 column 1 (char 0)
[15:39:25]    🪙 $TRUMP: $2.00 (-8.9%)
[15:39:25]    📊 Polymarket 快照: 364 個市場 (20 事件)
[15:39:25]    📊 Polymarket: 364 個市場已更新
[15:39:25] 驗證 1 個即時預測...
[15:44:28]    📡 三源抓取: CNN:50 → 合計 50 篇
[15:44:28]    沒有新推文
[事件偵測] 掃描最近 5 天的信號模式...
[事件偵測]    最近 5 天的信號:
[事件偵測]    2026-07-17: 0 篇 | T=0 D=0 R=0
[事件偵測]    2026-07-16: 0 篇 | T=0 D=0 R=0
[事件偵測]    2026-07-15: 0 篇 | T=0 D=0 R=0
[事件偵測]    2026-07-14: 0 篇 | T=0 D=0 R=0
[事件偵測]    2026-07-13: 0 篇 | T=0 D=0 R=0
[15:44:28]    事件偵測失敗: Expecting value: line 1 column 1 (char 0)
[15:44:28]    🪙 $TRUMP: $1.99 (-9.1%)
[15:44:28]    📊 Polymarket 快照: 334 個市場 (20 事件)
[15:44:28]    📊 Polymarket: 334 個市場已更新
[15:44:28] 驗證 1 個即時預測...
[15:49:31]    📡 三源抓取: CNN:50 → 合計 50 篇
[15:49:31]    沒有新推文
[事件偵測] 掃描最近 5 天的信號模式...
[事件偵測]    最近 5 天的信號:
[事件偵測]    2026-07-17: 0 篇 | T=0 D=0 R=0
[事件偵測]    2026-07-16: 0 篇 | T=0 D=0 R=0
[事件偵測]    2026-07-15: 0 篇 | T=0 D=0 R=0
[事件偵測]    2026-07-14: 0 篇 | T=0 D=0 R=0
[事件偵測]    2026-07-13: 0 篇 | T=0 D=0 R=0
[15:49:31]    事件偵測失敗: Expecting value: line 1 column 1 (char 0)
[15:49:31]    🪙 $TRUMP: $1.99 (-9.2%)
[15:49:32]    📊 Polymarket 快照: 334 個市場 (20 事件)
[15:49:32]    📊 Polymarket: 334 個市場已更新
[15:49:32] 驗證 1 個即時預測...
[15:54:35]    📡 三源抓取: CNN:50 → 合計 50 篇
[15:54:35]    沒有新推文
[事件偵測] 掃描最近 5 天的信號模式...
[事件偵測]    最近 5 天的信號:
[事件偵測]    2026-07-17: 0 篇 | T=0 D=0 R=0
[事件偵測]    2026-07-16: 0 篇 | T=0 D=0 R=0
[事件偵測]    2026-07-15: 0 篇 | T=0 D=0 R=0
[事件偵測]    2026-07-14: 0 篇 | T=0 D=0 R=0
[事件偵測]    2026-07-13: 0 篇 | T=0 D=0 R=0
[15:54:35]    事件偵測失敗: Expecting value: line 1 column 1 (char 0)
[15:54:35]    🪙 $TRUMP: $1.98 (-9.4%)
[15:54:36]    📊 Polymarket 快照: 334 個市場 (20 事件)
[15:54:36]    📊 Polymarket: 334 個市場已更新
[15:54:36] 驗證 1 個即時預測...
[15:59:39]    📡 三源抓取: CNN:50 → 合計 50 篇
[15:59:39]    沒有新推文
[事件偵測] 掃描最近 5 天的信號模式...
[事件偵測]    最近 5 天的信號:
[事件偵測]    2026-07-17: 0 篇 | T=0 D=0 R=0
[事件偵測]    2026-07-16: 0 篇 | T=0 D=0 R=0
[事件偵測]    2026-07-15: 0 篇 | T=0 D=0 R=0
[事件偵測]    2026-07-14: 0 篇 | T=0 D=0 R=0
[事件偵測]    2026-07-13: 0 篇 | T=0 D=0 R=0
[15:59:39]    事件偵測失敗: Expecting value: line 1 column 1 (char 0)
[15:59:39]    🪙 $TRUMP: $1.98 (-9.2%)
[15:59:39]    📊 Polymarket 快照: 332 個市場 (20 事件)
[15:59:39]    📊 Polymarket: 332 個市場已更新
[15:59:39] 驗證 1 個即時預測...
[16:04:42]    📡 三源抓取: CNN:50 → 合計 50 篇
[16:04:42]    沒有新推文
[事件偵測] 掃描最近 5 天的信號模式...
[事件偵測]    最近 5 天的信號:
[事件偵測]    2026-07-17: 0 篇 | T=0 D=0 R=0
[事件偵測]    2026-07-16: 0 篇 | T=0 D=0 R=0
[事件偵測]    2026-07-15: 0 篇 | T=0 D=0 R=0
[事件偵測]    2026-07-14: 0 篇 | T=0 D=0 R=0
[事件偵測]    2026-07-13: 0 篇 | T=0 D=0 R=0
[16:04:42]    事件偵測失敗: Expecting value: line 1 column 1 (char 0)
[16:04:42]    🪙 $TRUMP: $1.98 (-9.2%)
[16:04:43]    📊 Polymarket 快照: 304 個市場 (20 事件)
[16:04:43]    📊 Polymarket: 304 個市場已更新
[16:04:43] 驗證 1 個即時預測...
[16:09:46]    📡 三源抓取: CNN:50 → 合計 50 篇
[16:09:46]    沒有新推文
[事件偵測] 掃描最近 5 天的信號模式...
[事件偵測]    最近 5 天的信號:
[事件偵測]    2026-07-17: 0 篇 | T=0 D=0 R=0
[事件偵測]    2026-07-16: 0 篇 | T=0 D=0 R=0
[事件偵測]    2026-07-15: 0 篇 | T=0 D=0 R=0
[事件偵測]    2026-07-14: 0 篇 | T=0 D=0 R=0
[事件偵測]    2026-07-13: 0 篇 | T=0 D=0 R=0
[16:09:46]    事件偵測失敗: Expecting value: line 1 column 1 (char 0)
[16:09:46]    🪙 $TRUMP: $1.99 (-8.2%)
[16:09:47]    📊 Polymarket 快照: 304 個市場 (20 事件)
[16:09:47]    📊 Polymarket: 304 個市場已更新
[16:09:47] 驗證 1 個即時預測...
[16:14:50]    📡 三源抓取: CNN:50 → 合計 50 篇
[16:14:50]    沒有新推文
[事件偵測] 掃描最近 5 天的信號模式...
[事件偵測]    最近 5 天的信號:
[事件偵測]    2026-07-17: 0 篇 | T=0 D=0 R=0
[事件偵測]    2026-07-16: 0 篇 | T=0 D=0 R=0
[事件偵測]    2026-07-15: 0 篇 | T=0 D=0 R=0
[事件偵測]    2026-07-14: 0 篇 | T=0 D=0 R=0
[事件偵測]    2026-07-13: 0 篇 | T=0 D=0 R=0
[16:14:50]    事件偵測失敗: Expecting value: line 1 column 1 (char 0)
[16:14:50]    🪙 $TRUMP: $1.99 (-7.7%)
[16:14:50]    📊 Polymarket 快照: 304 個市場 (20 事件)
[16:14:50]    📊 Polymarket: 304 個市場已更新
[16:14:50] 驗證 1 個即時預測...
[16:19:53]    📡 三源抓取: CNN:50 → 合計 50 篇
[16:19:53]    沒有新推文
[事件偵測] 掃描最近 5 天的信號模式...
[事件偵測]    最近 5 天的信號:
[事件偵測]    2026-07-17: 0 篇 | T=0 D=0 R=0
[事件偵測]    2026-07-16: 0 篇 | T=0 D=0 R=0
[事件偵測]    2026-07-15: 0 篇 | T=0 D=0 R=0
[事件偵測]    2026-07-14: 0 篇 | T=0 D=0 R=0
[事件偵測]    2026-07-13: 0 篇 | T=0 D=0 R=0
[16:19:53]    事件偵測失敗: Expecting value: line 1 column 1 (char 0)
[16:19:54]    🪙 $TRUMP: $1.99 (-7.6%)
[16:19:54]    📊 Polymarket 快照: 304 個市場 (20 事件)
[16:19:54]    📊 Polymarket: 304 個市場已更新
[16:19:54] 驗證 1 個即時預測...
[16:24:57]    📡 三源抓取: CNN:50 → 合計 50 篇
[16:24:57]    沒有新推文
[事件偵測] 掃描最近 5 天的信號模式...
[事件偵測]    最近 5 天的信號:
[事件偵測]    2026-07-17: 0 篇 | T=0 D=0 R=0
[事件偵測]    2026-07-16: 0 篇 | T=0 D=0 R=0
[事件偵測]    2026-07-15: 0 篇 | T=0 D=0 R=0
[事件偵測]    2026-07-14: 0 篇 | T=0 D=0 R=0
[事件偵測]    2026-07-13: 0 篇 | T=0 D=0 R=0
[16:24:57]    事件偵測失敗: Expecting value: line 1 column 1 (char 0)
[16:24:57]    🪙 $TRUMP: $1.98 (-8.2%)
[16:24:57]    📊 Polymarket 快照: 304 個市場 (20 事件)
[16:24:57]    📊 Polymarket: 304 個市場已更新
[16:24:57] 驗證 1 個即時預測...
[16:30:01]    📡 三源抓取: CNN:50 → 合計 50 篇
[16:30:01]    沒有新推文
[事件偵測] 掃描最近 5 天的信號模式...
[事件偵測]    最近 5 天的信號:
[事件偵測]    2026-07-17: 0 篇 | T=0 D=0 R=0
[事件偵測]    2026-07-16: 0 篇 | T=0 D=0 R=0
[事件偵測]    2026-07-15: 0 篇 | T=0 D=0 R=0
[事件偵測]    2026-07-14: 0 篇 | T=0 D=0 R=0
[事件偵測]    2026-07-13: 0 篇 | T=0 D=0 R=0
[16:30:01]    事件偵測失敗: Expecting value: line 1 column 1 (char 0)
[16:30:06]    🪙 $TRUMP: $1.98 (-8.2%)
[16:30:06]    📊 Polymarket 快照: 304 個市場 (20 事件)
[16:30:06]    📊 Polymarket: 304 個市場已更新
[16:30:06] 驗證 1 個即時預測...
[16:35:10]    📡 三源抓取: CNN:50 → 合計 50 篇
[16:35:10]    沒有新推文
[事件偵測] 掃描最近 5 天的信號模式...
[事件偵測]    最近 5 天的信號:
[事件偵測]    2026-07-17: 0 篇 | T=0 D=0 R=0
[事件偵測]    2026-07-16: 0 篇 | T=0 D=0 R=0
[事件偵測]    2026-07-15: 0 篇 | T=0 D=0 R=0
[事件偵測]    2026-07-14: 0 篇 | T=0 D=0 R=0
[事件偵測]    2026-07-13: 0 篇 | T=0 D=0 R=0
[16:35:10]    事件偵測失敗: Expecting value: line 1 column 1 (char 0)
[16:35:10]    🪙 $TRUMP: $1.98 (-8.1%)
[16:35:10]    📊 Polymarket 快照: 304 個市場 (20 事件)
[16:35:10]    📊 Polymarket: 304 個市場已更新
[16:35:10] 驗證 1 個即時預測...
[16:40:14]    📡 三源抓取: CNN:50 → 合計 50 篇
[16:40:14]    沒有新推文
[事件偵測] 掃描最近 5 天的信號模式...
[事件偵測]    最近 5 天的信號:
[事件偵測]    2026-07-17: 0 篇 | T=0 D=0 R=0
[事件偵測]    2026-07-16: 0 篇 | T=0 D=0 R=0
[事件偵測]    2026-07-15: 0 篇 | T=0 D=0 R=0
[事件偵測]    2026-07-14: 0 篇 | T=0 D=0 R=0
[事件偵測]    2026-07-13: 0 篇 | T=0 D=0 R=0
[16:40:14]    事件偵測失敗: Expecting value: line 1 column 1 (char 0)
[16:40:14]    🪙 $TRUMP: $1.98 (-8.3%)
[16:40:15]    📊 Polymarket 快照: 304 個市場 (20 事件)
[16:40:15]    📊 Polymarket: 304 個市場已更新
[16:40:15] 驗證 1 個即時預測...
[16:45:18]    📡 三源抓取: CNN:50 → 合計 50 篇
[16:45:18]    沒有新推文
[事件偵測] 掃描最近 5 天的信號模式...
[事件偵測]    最近 5 天的信號:
[事件偵測]    2026-07-17: 0 篇 | T=0 D=0 R=0
[事件偵測]    2026-07-16: 0 篇 | T=0 D=0 R=0
[事件偵測]    2026-07-15: 0 篇 | T=0 D=0 R=0
[事件偵測]    2026-07-14: 0 篇 | T=0 D=0 R=0
[事件偵測]    2026-07-13: 0 篇 | T=0 D=0 R=0
[16:45:18]    事件偵測失敗: Expecting value: line 1 column 1 (char 0)
[16:45:18]    🪙 $TRUMP: $1.98 (-8.6%)
[16:45:18]    📊 Polymarket 快照: 304 個市場 (20 事件)
[16:45:18]    📊 Polymarket: 304 個市場已更新
[16:45:18] 驗證 1 個即時預測...
[16:50:22]    📡 三源抓取: CNN:50 → 合計 50 篇
[16:50:22]    沒有新推文
[事件偵測] 掃描最近 5 天的信號模式...
[事件偵測]    最近 5 天的信號:
[事件偵測]    2026-07-17: 0 篇 | T=0 D=0 R=0
[事件偵測]    2026-07-16: 0 篇 | T=0 D=0 R=0
[事件偵測]    2026-07-15: 0 篇 | T=0 D=0 R=0
[事件偵測]    2026-07-14: 0 篇 | T=0 D=0 R=0
[事件偵測]    2026-07-13: 0 篇 | T=0 D=0 R=0
[16:50:22]    事件偵測失敗: Expecting value: line 1 column 1 (char 0)
[16:50:22]    🪙 $TRUMP: $1.97 (-8.9%)
[16:50:23]    📊 Polymarket 快照: 304 個市場 (20 事件)
[16:50:23]    📊 Polymarket: 304 個市場已更新
[16:50:23] 驗證 1 個即時預測...
[16:55:25]    📡 三源抓取: CNN:50 → 合計 50 篇
[16:55:25]    沒有新推文
[事件偵測] 掃描最近 5 天的信號模式...
[事件偵測]    最近 5 天的信號:
[事件偵測]    2026-07-17: 0 篇 | T=0 D=0 R=0
[事件偵測]    2026-07-16: 0 篇 | T=0 D=0 R=0
[事件偵測]    2026-07-15: 0 篇 | T=0 D=0 R=0
[事件偵測]    2026-07-14: 0 篇 | T=0 D=0 R=0
[事件偵測]    2026-07-13: 0 篇 | T=0 D=0 R=0
[16:55:25]    事件偵測失敗: Expecting value: line 1 column 1 (char 0)
[16:55:26]    🪙 $TRUMP: $1.97 (-9.6%)
[16:55:26]    📊 Polymarket 快照: 304 個市場 (20 事件)
[16:55:26]    📊 Polymarket: 304 個市場已更新
[16:55:26] 驗證 1 個即時預測...
[17:00:29]    📡 三源抓取: CNN:50 → 合計 50 篇
[17:00:29]    沒有新推文
[事件偵測] 掃描最近 5 天的信號模式...
[事件偵測]    最近 5 天的信號:
[事件偵測]    2026-07-17: 0 篇 | T=0 D=0 R=0
[事件偵測]    2026-07-16: 0 篇 | T=0 D=0 R=0
[事件偵測]    2026-07-15: 0 篇 | T=0 D=0 R=0
[事件偵測]    2026-07-14: 0 篇 | T=0 D=0 R=0
[事件偵測]    2026-07-13: 0 篇 | T=0 D=0 R=0
[17:00:29]    事件偵測失敗: Expecting value: line 1 column 1 (char 0)
[17:00:29]    🪙 $TRUMP: $1.97 (-9.1%)
[17:00:30]    📊 Polymarket 快照: 304 個市場 (20 事件)
[17:00:30]    📊 Polymarket: 304 個市場已更新
[17:00:30] 驗證 1 個即時預測...
[17:05:33]    📡 三源抓取: CNN:50 → 合計 50 篇
[17:05:33]    沒有新推文
[事件偵測] 掃描最近 5 天的信號模式...
[事件偵測]    最近 5 天的信號:
[事件偵測]    2026-07-17: 0 篇 | T=0 D=0 R=0
[事件偵測]    2026-07-16: 0 篇 | T=0 D=0 R=0
[事件偵測]    2026-07-15: 0 篇 | T=0 D=0 R=0
[事件偵測]    2026-07-14: 0 篇 | T=0 D=0 R=0
[事件偵測]    2026-07-13: 0 篇 | T=0 D=0 R=0
[17:05:33]    事件偵測失敗: Expecting value: line 1 column 1 (char 0)
[17:05:34]    🪙 $TRUMP: $1.98 (-8.9%)
[17:05:34]    📊 Polymarket 快照: 304 個市場 (20 事件)
[17:05:34]    📊 Polymarket: 304 個市場已更新
[17:05:34] 驗證 1 個即時預測...
[17:10:37]    📡 三源抓取: CNN:50 → 合計 50 篇
[17:10:37]    沒有新推文
[事件偵測] 掃描最近 5 天的信號模式...
[事件偵測]    最近 5 天的信號:
[事件偵測]    2026-07-17: 0 篇 | T=0 D=0 R=0
[事件偵測]    2026-07-16: 0 篇 | T=0 D=0 R=0
[事件偵測]    2026-07-15: 0 篇 | T=0 D=0 R=0
[事件偵測]    2026-07-14: 0 篇 | T=0 D=0 R=0
[事件偵測]    2026-07-13: 0 篇 | T=0 D=0 R=0
[17:10:37]    事件偵測失敗: Expecting value: line 1 column 1 (char 0)
[17:10:38]    🪙 $TRUMP: $1.96 (-9.7%)
[17:10:38]    📊 Polymarket 快照: 304 個市場 (20 事件)
[17:10:38]    📊 Polymarket: 304 個市場已更新
[17:10:38] 驗證 1 個即時預測...
[17:15:41]    📡 三源抓取: CNN:50 → 合計 50 篇
[17:15:41]    沒有新推文
[事件偵測] 掃描最近 5 天的信號模式...
[事件偵測]    最近 5 天的信號:
[事件偵測]    2026-07-17: 0 篇 | T=0 D=0 R=0
[事件偵測]    2026-07-16: 0 篇 | T=0 D=0 R=0
[事件偵測]    2026-07-15: 0 篇 | T=0 D=0 R=0
[事件偵測]    2026-07-14: 0 篇 | T=0 D=0 R=0
[事件偵測]    2026-07-13: 0 篇 | T=0 D=0 R=0
[17:15:41]    事件偵測失敗: Expecting value: line 1 column 1 (char 0)
[17:15:41]    🪙 $TRUMP: $1.96 (-9.9%)
[17:15:42]    📊 Polymarket 快照: 304 個市場 (20 事件)
[17:15:42]    📊 Polymarket: 304 個市場已更新
[17:15:42] 驗證 1 個即時預測...
[17:20:45]    📡 三源抓取: CNN:50 → 合計 50 篇
[17:20:45]    沒有新推文
[事件偵測] 掃描最近 5 天的信號模式...
[事件偵測]    最近 5 天的信號:
[事件偵測]    2026-07-17: 0 篇 | T=0 D=0 R=0
[事件偵測]    2026-07-16: 0 篇 | T=0 D=0 R=0
[事件偵測]    2026-07-15: 0 篇 | T=0 D=0 R=0
[事件偵測]    2026-07-14: 0 篇 | T=0 D=0 R=0
[事件偵測]    2026-07-13: 0 篇 | T=0 D=0 R=0
[17:20:45]    事件偵測失敗: Expecting value: line 1 column 1 (char 0)
[17:20:45]    🪙 $TRUMP: $1.97 (-9.5%)
[17:20:45]    📊 Polymarket 快照: 304 個市場 (20 事件)
[17:20:45]    📊 Polymarket: 304 個市場已更新
[17:20:45] 驗證 1 個即時預測...
[17:25:49]    📡 三源抓取: CNN:50 → 合計 50 篇
[17:25:49]    沒有新推文
[事件偵測] 掃描最近 5 天的信號模式...
[事件偵測]    最近 5 天的信號:
[事件偵測]    2026-07-17: 0 篇 | T=0 D=0 R=0
[事件偵測]    2026-07-16: 0 篇 | T=0 D=0 R=0
[事件偵測]    2026-07-15: 0 篇 | T=0 D=0 R=0
[事件偵測]    2026-07-14: 0 篇 | T=0 D=0 R=0
[事件偵測]    2026-07-13: 0 篇 | T=0 D=0 R=0
[17:25:49]    事件偵測失敗: Expecting value: line 1 column 1 (char 0)
[17:25:49]    🪙 $TRUMP: $1.97 (-9.4%)
[17:25:49]    📊 Polymarket 快照: 304 個市場 (20 事件)
[17:25:49]    📊 Polymarket: 304 個市場已更新
[17:25:49] 驗證 1 個即時預測...
[17:30:52]    📡 三源抓取: CNN:50 → 合計 50 篇
[17:30:52]    沒有新推文
[事件偵測] 掃描最近 5 天的信號模式...
[事件偵測]    最近 5 天的信號:
[事件偵測]    2026-07-17: 0 篇 | T=0 D=0 R=0
[事件偵測]    2026-07-16: 0 篇 | T=0 D=0 R=0
[事件偵測]    2026-07-15: 0 篇 | T=0 D=0 R=0
[事件偵測]    2026-07-14: 0 篇 | T=0 D=0 R=0
[事件偵測]    2026-07-13: 0 篇 | T=0 D=0 R=0
[17:30:52]    事件偵測失敗: Expecting value: line 1 column 1 (char 0)
[17:30:53]    🪙 $TRUMP: $1.97 (-9.4%)
[17:30:53]    📊 Polymarket 快照: 304 個市場 (20 事件)
[17:30:53]    📊 Polymarket: 304 個市場已更新
[17:30:53] 驗證 1 個即時預測...
[17:35:57]    📡 三源抓取: CNN:50 → 合計 50 篇
[17:35:57]    沒有新推文
[事件偵測] 掃描最近 5 天的信號模式...
[事件偵測]    最近 5 天的信號:
[事件偵測]    2026-07-17: 0 篇 | T=0 D=0 R=0
[事件偵測]    2026-07-16: 0 篇 | T=0 D=0 R=0
[事件偵測]    2026-07-15: 0 篇 | T=0 D=0 R=0
[事件偵測]    2026-07-14: 0 篇 | T=0 D=0 R=0
[事件偵測]    2026-07-13: 0 篇 | T=0 D=0 R=0
[17:35:57]    事件偵測失敗: Expecting value: line 1 column 1 (char 0)
[17:35:57]    🪙 $TRUMP: $1.97 (-9.4%)
[17:35:57]    📊 Polymarket 快照: 304 個市場 (20 事件)
[17:35:57]    📊 Polymarket: 304 個市場已更新
[17:35:57] 驗證 1 個即時預測...
[17:41:01]    📡 三源抓取: CNN:50 → 合計 50 篇
[17:41:01]    沒有新推文
[事件偵測] 掃描最近 5 天的信號模式...
[事件偵測]    最近 5 天的信號:
[事件偵測]    2026-07-17: 0 篇 | T=0 D=0 R=0
[事件偵測]    2026-07-16: 0 篇 | T=0 D=0 R=0
[事件偵測]    2026-07-15: 0 篇 | T=0 D=0 R=0
[事件偵測]    2026-07-14: 0 篇 | T=0 D=0 R=0
[事件偵測]    2026-07-13: 0 篇 | T=0 D=0 R=0
[17:41:01]    事件偵測失敗: Expecting value: line 1 column 1 (char 0)
[17:41:01]    🪙 $TRUMP: $1.97 (-9.5%)
[17:41:02]    📊 Polymarket 快照: 306 個市場 (20 事件)
[17:41:02]    📊 Polymarket: 306 個市場已更新
[17:41:02] 驗證 1 個即時預測...
[17:46:05]    📡 三源抓取: CNN:50 → 合計 50 篇
[17:46:05]    沒有新推文
[事件偵測] 掃描最近 5 天的信號模式...
[事件偵測]    最近 5 天的信號:
[事件偵測]    2026-07-17: 0 篇 | T=0 D=0 R=0
[事件偵測]    2026-07-16: 0 篇 | T=0 D=0 R=0
[事件偵測]    2026-07-15: 0 篇 | T=0 D=0 R=0
[事件偵測]    2026-07-14: 0 篇 | T=0 D=0 R=0
[事件偵測]    2026-07-13: 0 篇 | T=0 D=0 R=0
[17:46:05]    事件偵測失敗: Expecting value: line 1 column 1 (char 0)
[17:46:05]    🪙 $TRUMP: $1.98 (-8.9%)
[17:46:05]    📊 Polymarket 快照: 306 個市場 (20 事件)
[17:46:05]    📊 Polymarket: 306 個市場已更新
[17:46:05] 驗證 1 個即時預測...
[17:51:09]    📡 三源抓取: CNN:50 → 合計 50 篇
[17:51:09]    沒有新推文
[事件偵測] 掃描最近 5 天的信號模式...
[事件偵測]    最近 5 天的信號:
[事件偵測]    2026-07-17: 0 篇 | T=0 D=0 R=0
[事件偵測]    2026-07-16: 0 篇 | T=0 D=0 R=0
[事件偵測]    2026-07-15: 0 篇 | T=0 D=0 R=0
[事件偵測]    2026-07-14: 0 篇 | T=0 D=0 R=0
[事件偵測]    2026-07-13: 0 篇 | T=0 D=0 R=0
[17:51:09]    事件偵測失敗: Expecting value: line 1 column 1 (char 0)
[17:51:09]    🪙 $TRUMP: $1.98 (-8.7%)
[17:51:09]    📊 Polymarket 快照: 306 個市場 (20 事件)
[17:51:09]    📊 Polymarket: 306 個市場已更新
[17:51:09] 驗證 1 個即時預測...
[17:56:12]    📡 三源抓取: CNN:50 → 合計 50 篇
[17:56:12]    沒有新推文
[事件偵測] 掃描最近 5 天的信號模式...
[事件偵測]    最近 5 天的信號:
[事件偵測]    2026-07-17: 0 篇 | T=0 D=0 R=0
[事件偵測]    2026-07-16: 0 篇 | T=0 D=0 R=0
[事件偵測]    2026-07-15: 0 篇 | T=0 D=0 R=0
[事件偵測]    2026-07-14: 0 篇 | T=0 D=0 R=0
[事件偵測]    2026-07-13: 0 篇 | T=0 D=0 R=0
[17:56:12]    事件偵測失敗: Expecting value: line 1 column 1 (char 0)
[17:56:13]    🪙 $TRUMP: $1.98 (-8.7%)
[17:56:13]    📊 Polymarket 快照: 310 個市場 (20 事件)
[17:56:13]    📊 Polymarket: 310 個市場已更新
[17:56:13] 驗證 1 個即時預測...
[18:01:17]    📡 三源抓取: CNN:50 → 合計 50 篇
[18:01:17]    沒有新推文
[事件偵測] 掃描最近 5 天的信號模式...
[事件偵測]    最近 5 天的信號:
[事件偵測]    2026-07-17: 0 篇 | T=0 D=0 R=0
[事件偵測]    2026-07-16: 0 篇 | T=0 D=0 R=0
[事件偵測]    2026-07-15: 0 篇 | T=0 D=0 R=0
[事件偵測]    2026-07-14: 0 篇 | T=0 D=0 R=0
[事件偵測]    2026-07-13: 0 篇 | T=0 D=0 R=0
[18:01:17]    事件偵測失敗: Expecting value: line 1 column 1 (char 0)
[18:01:17]    🪙 $TRUMP: $1.98 (-8.8%)
[18:01:17]    📊 Polymarket 快照: 360 個市場 (20 事件)
[18:01:18]    📊 Polymarket: 360 個市場已更新
[18:01:18] 驗證 1 個即時預測...
[18:06:21]    📡 三源抓取: CNN:50 → 合計 50 篇
[18:06:21]    沒有新推文
[事件偵測] 掃描最近 5 天的信號模式...
[事件偵測]    最近 5 天的信號:
[事件偵測]    2026-07-17: 0 篇 | T=0 D=0 R=0
[事件偵測]    2026-07-16: 0 篇 | T=0 D=0 R=0
[事件偵測]    2026-07-15: 0 篇 | T=0 D=0 R=0
[事件偵測]    2026-07-14: 0 篇 | T=0 D=0 R=0
[事件偵測]    2026-07-13: 0 篇 | T=0 D=0 R=0
[18:06:21]    事件偵測失敗: Expecting value: line 1 column 1 (char 0)
[18:06:21]    🪙 $TRUMP: $1.98 (-8.9%)
[18:06:21]    📊 Polymarket 快照: 360 個市場 (20 事件)
[18:06:21]    📊 Polymarket: 360 個市場已更新
[18:06:21] 驗證 1 個即時預測...
[18:11:25]    📡 三源抓取: CNN:50 → 合計 50 篇
[18:11:25]    沒有新推文
[事件偵測] 掃描最近 5 天的信號模式...
[事件偵測]    最近 5 天的信號:
[事件偵測]    2026-07-17: 0 篇 | T=0 D=0 R=0
[事件偵測]    2026-07-16: 0 篇 | T=0 D=0 R=0
[事件偵測]    2026-07-15: 0 篇 | T=0 D=0 R=0
[事件偵測]    2026-07-14: 0 篇 | T=0 D=0 R=0
[事件偵測]    2026-07-13: 0 篇 | T=0 D=0 R=0
[18:11:25]    事件偵測失敗: Expecting value: line 1 column 1 (char 0)
[18:11:25]    🪙 $TRUMP: $1.98 (-9.0%)
[18:11:25]    📊 Polymarket 快照: 360 個市場 (20 事件)
[18:11:25]    📊 Polymarket: 360 個市場已更新
[18:11:25] 驗證 1 個即時預測...
[18:16:28]    📡 三源抓取: CNN:50 → 合計 50 篇
[18:16:28]    沒有新推文
[事件偵測] 掃描最近 5 天的信號模式...
[事件偵測]    最近 5 天的信號:
[事件偵測]    2026-07-17: 0 篇 | T=0 D=0 R=0
[事件偵測]    2026-07-16: 0 篇 | T=0 D=0 R=0
[事件偵測]    2026-07-15: 0 篇 | T=0 D=0 R=0
[事件偵測]    2026-07-14: 0 篇 | T=0 D=0 R=0
[事件偵測]    2026-07-13: 0 篇 | T=0 D=0 R=0
[18:16:28]    事件偵測失敗: Expecting value: line 1 column 1 (char 0)
[18:16:29]    🪙 $TRUMP: $1.97 (-9.4%)
[18:16:29]    📊 Polymarket 快照: 360 個市場 (20 事件)
[18:16:29]    📊 Polymarket: 360 個市場已更新
[18:16:29] 驗證 1 個即時預測...
[18:21:32]    📡 三源抓取: CNN:50 → 合計 50 篇
[18:21:32]    沒有新推文
[事件偵測] 掃描最近 5 天的信號模式...
[事件偵測]    最近 5 天的信號:
[事件偵測]    2026-07-17: 0 篇 | T=0 D=0 R=0
[事件偵測]    2026-07-16: 0 篇 | T=0 D=0 R=0
[事件偵測]    2026-07-15: 0 篇 | T=0 D=0 R=0
[事件偵測]    2026-07-14: 0 篇 | T=0 D=0 R=0
[事件偵測]    2026-07-13: 0 篇 | T=0 D=0 R=0
[18:21:32]    事件偵測失敗: Expecting value: line 1 column 1 (char 0)
[18:21:33]    🪙 $TRUMP: $1.97 (-9.8%)
[18:21:33]    📊 Polymarket 快照: 360 個市場 (20 事件)
[18:21:33]    📊 Polymarket: 360 個市場已更新
[18:21:33] 驗證 1 個即時預測...
[18:26:36]    📡 三源抓取: CNN:50 → 合計 50 篇
[18:26:36]    沒有新推文
[事件偵測] 掃描最近 5 天的信號模式...
[事件偵測]    最近 5 天的信號:
[事件偵測]    2026-07-17: 0 篇 | T=0 D=0 R=0
[事件偵測]    2026-07-16: 0 篇 | T=0 D=0 R=0
[事件偵測]    2026-07-15: 0 篇 | T=0 D=0 R=0
[事件偵測]    2026-07-14: 0 篇 | T=0 D=0 R=0
[事件偵測]    2026-07-13: 0 篇 | T=0 D=0 R=0
[18:26:36]    事件偵測失敗: Expecting value: line 1 column 1 (char 0)
[18:26:36]    🪙 $TRUMP: $1.96 (-9.8%)
[18:26:36]    📊 Polymarket 快照: 360 個市場 (20 事件)
[18:26:36]    📊 Polymarket: 360 個市場已更新
[18:26:36] 驗證 1 個即時預測...
[18:31:40]    📡 三源抓取: CNN:50 → 合計 50 篇
[18:31:40]    沒有新推文
[事件偵測] 掃描最近 5 天的信號模式...
[事件偵測]    最近 5 天的信號:
[事件偵測]    2026-07-17: 0 篇 | T=0 D=0 R=0
[事件偵測]    2026-07-16: 0 篇 | T=0 D=0 R=0
[事件偵測]    2026-07-15: 0 篇 | T=0 D=0 R=0
[事件偵測]    2026-07-14: 0 篇 | T=0 D=0 R=0
[事件偵測]    2026-07-13: 0 篇 | T=0 D=0 R=0
[18:31:40]    事件偵測失敗: Expecting value: line 1 column 1 (char 0)
[18:31:40]    🪙 $TRUMP: $1.96 (-9.9%)
[18:31:40]    📊 Polymarket 快照: 360 個市場 (20 事件)
[18:31:40]    📊 Polymarket: 360 個市場已更新
[18:31:40] 驗證 1 個即時預測...
[18:36:45]    📡 三源抓取: CNN:50 → 合計 50 篇
[18:36:45]    沒有新推文
[事件偵測] 掃描最近 5 天的信號模式...
[事件偵測]    最近 5 天的信號:
[事件偵測]    2026-07-17: 0 篇 | T=0 D=0 R=0
[事件偵測]    2026-07-16: 0 篇 | T=0 D=0 R=0
[事件偵測]    2026-07-15: 0 篇 | T=0 D=0 R=0
[事件偵測]    2026-07-14: 0 篇 | T=0 D=0 R=0
[事件偵測]    2026-07-13: 0 篇 | T=0 D=0 R=0
[18:36:45]    事件偵測失敗: Expecting value: line 1 column 1 (char 0)
[18:36:45]    🪙 $TRUMP: $1.96 (-9.8%)
[18:36:45]    📊 Polymarket 快照: 360 個市場 (20 事件)
[18:36:45]    📊 Polymarket: 360 個市場已更新
[18:36:45] 驗證 1 個即時預測...
[18:41:48]    📡 三源抓取: CNN:50 → 合計 50 篇
[18:41:48]    沒有新推文
[事件偵測] 掃描最近 5 天的信號模式...
[事件偵測]    最近 5 天的信號:
[事件偵測]    2026-07-17: 0 篇 | T=0 D=0 R=0
[事件偵測]    2026-07-16: 0 篇 | T=0 D=0 R=0
[事件偵測]    2026-07-15: 0 篇 | T=0 D=0 R=0
[事件偵測]    2026-07-14: 0 篇 | T=0 D=0 R=0
[事件偵測]    2026-07-13: 0 篇 | T=0 D=0 R=0
[18:41:48]    事件偵測失敗: Expecting value: line 1 column 1 (char 0)
[18:41:49]    🪙 $TRUMP: $1.96 (-10.0%)
[18:41:49]    📊 Polymarket 快照: 360 個市場 (20 事件)
[18:41:49]    📊 Polymarket: 360 個市場已更新
[18:41:49] 驗證 1 個即時預測...
[18:46:52]    📡 三源抓取: CNN:50 → 合計 50 篇
[18:46:52]    沒有新推文
[事件偵測] 掃描最近 5 天的信號模式...
[事件偵測]    最近 5 天的信號:
[事件偵測]    2026-07-17: 0 篇 | T=0 D=0 R=0
[事件偵測]    2026-07-16: 0 篇 | T=0 D=0 R=0
[事件偵測]    2026-07-15: 0 篇 | T=0 D=0 R=0
[事件偵測]    2026-07-14: 0 篇 | T=0 D=0 R=0
[事件偵測]    2026-07-13: 0 篇 | T=0 D=0 R=0
[18:46:52]    事件偵測失敗: Expecting value: line 1 column 1 (char 0)
[18:46:52]    🪙 $TRUMP: $1.96 (-10.0%)
[18:46:53]    📊 Polymarket 快照: 360 個市場 (20 事件)
[18:46:53]    📊 Polymarket: 360 個市場已更新
[18:46:53] 驗證 1 個即時預測...
[18:51:56]    📡 三源抓取: CNN:50 → 合計 50 篇
[18:51:56]    沒有新推文
[事件偵測] 掃描最近 5 天的信號模式...
[事件偵測]    最近 5 天的信號:
[事件偵測]    2026-07-17: 0 篇 | T=0 D=0 R=0
[事件偵測]    2026-07-16: 0 篇 | T=0 D=0 R=0
[事件偵測]    2026-07-15: 0 篇 | T=0 D=0 R=0
[事件偵測]    2026-07-14: 0 篇 | T=0 D=0 R=0
[事件偵測]    2026-07-13: 0 篇 | T=0 D=0 R=0
[18:51:56]    事件偵測失敗: Expecting value: line 1 column 1 (char 0)
[18:51:56]    🪙 $TRUMP: $1.96 (-9.4%)
[18:51:57]    📊 Polymarket 快照: 360 個市場 (20 事件)
[18:51:57]    📊 Polymarket: 360 個市場已更新
[18:51:57] 驗證 1 個即時預測...
[18:57:00]    📡 三源抓取: CNN:50 → 合計 50 篇
[18:57:00]    沒有新推文
[事件偵測] 掃描最近 5 天的信號模式...
[事件偵測]    最近 5 天的信號:
[事件偵測]    2026-07-17: 0 篇 | T=0 D=0 R=0
[事件偵測]    2026-07-16: 0 篇 | T=0 D=0 R=0
[事件偵測]    2026-07-15: 0 篇 | T=0 D=0 R=0
[事件偵測]    2026-07-14: 0 篇 | T=0 D=0 R=0
[事件偵測]    2026-07-13: 0 篇 | T=0 D=0 R=0
[18:57:00]    事件偵測失敗: Expecting value: line 1 column 1 (char 0)
[18:57:00]    🪙 $TRUMP: $1.97 (-9.2%)
[18:57:00]    📊 Polymarket 快照: 360 個市場 (20 事件)
[18:57:00]    📊 Polymarket: 360 個市場已更新
[18:57:00] 驗證 1 個即時預測...
[19:02:04]    📡 三源抓取: CNN:50 → 合計 50 篇
[19:02:04]    沒有新推文
[事件偵測] 掃描最近 5 天的信號模式...
[事件偵測]    最近 5 天的信號:
[事件偵測]    2026-07-17: 0 篇 | T=0 D=0 R=0
[事件偵測]    2026-07-16: 0 篇 | T=0 D=0 R=0
[事件偵測]    2026-07-15: 0 篇 | T=0 D=0 R=0
[事件偵測]    2026-07-14: 0 篇 | T=0 D=0 R=0
[事件偵測]    2026-07-13: 0 篇 | T=0 D=0 R=0
[19:02:04]    事件偵測失敗: Expecting value: line 1 column 1 (char 0)
[19:02:04]    🪙 $TRUMP: $1.96 (-9.7%)
[19:02:04]    📊 Polymarket 快照: 360 個市場 (20 事件)
[19:02:04]    📊 Polymarket: 360 個市場已更新
[19:02:04] 驗證 1 個即時預測...
[19:07:08]    📡 三源抓取: CNN:50 → 合計 50 篇
[19:07:08]    沒有新推文
[事件偵測] 掃描最近 5 天的信號模式...
[事件偵測]    最近 5 天的信號:
[事件偵測]    2026-07-17: 0 篇 | T=0 D=0 R=0
[事件偵測]    2026-07-16: 0 篇 | T=0 D=0 R=0
[事件偵測]    2026-07-15: 0 篇 | T=0 D=0 R=0
[事件偵測]    2026-07-14: 0 篇 | T=0 D=0 R=0
[事件偵測]    2026-07-13: 0 篇 | T=0 D=0 R=0
[19:07:08]    事件偵測失敗: Expecting value: line 1 column 1 (char 0)
[19:07:08]    🪙 $TRUMP: $1.96 (-9.9%)
[19:07:08]    📊 Polymarket 快照: 360 個市場 (20 事件)
[19:07:08]    📊 Polymarket: 360 個市場已更新
[19:07:08] 驗證 1 個即時預測...
[19:12:12]    📡 三源抓取: CNN:50 → 合計 50 篇
[19:12:12]    沒有新推文
[事件偵測] 掃描最近 5 天的信號模式...
[事件偵測]    最近 5 天的信號:
[事件偵測]    2026-07-17: 0 篇 | T=0 D=0 R=0
[事件偵測]    2026-07-16: 0 篇 | T=0 D=0 R=0
[事件偵測]    2026-07-15: 0 篇 | T=0 D=0 R=0
[事件偵測]    2026-07-14: 0 篇 | T=0 D=0 R=0
[事件偵測]    2026-07-13: 0 篇 | T=0 D=0 R=0
[19:12:12]    事件偵測失敗: Expecting value: line 1 column 1 (char 0)
[19:12:12]    🪙 $TRUMP: $1.96 (-10.1%)
[19:12:12]    📊 Polymarket 快照: 360 個市場 (20 事件)
[19:12:12]    📊 Polymarket: 360 個市場已更新
[19:12:12] 驗證 1 個即時預測...
[19:17:16]    📡 三源抓取: CNN:50 → 合計 50 篇
[19:17:17]    沒有新推文
[事件偵測] 掃描最近 5 天的信號模式...
[事件偵測]    最近 5 天的信號:
[事件偵測]    2026-07-17: 0 篇 | T=0 D=0 R=0
[事件偵測]    2026-07-16: 0 篇 | T=0 D=0 R=0
[事件偵測]    2026-07-15: 0 篇 | T=0 D=0 R=0
[事件偵測]    2026-07-14: 0 篇 | T=0 D=0 R=0
[事件偵測]    2026-07-13: 0 篇 | T=0 D=0 R=0
[19:17:17]    事件偵測失敗: Expecting value: line 1 column 1 (char 0)
[19:17:17]    🪙 $TRUMP: $1.96 (-10.2%)
[19:17:17]    📊 Polymarket 快照: 360 個市場 (20 事件)
[19:17:17]    📊 Polymarket: 360 個市場已更新
[19:17:17] 驗證 1 個即時預測...
[19:22:20]    📡 三源抓取: CNN:50 → 合計 50 篇
[19:22:20]    沒有新推文
[事件偵測] 掃描最近 5 天的信號模式...
[事件偵測]    最近 5 天的信號:
[事件偵測]    2026-07-17: 0 篇 | T=0 D=0 R=0
[事件偵測]    2026-07-16: 0 篇 | T=0 D=0 R=0
[事件偵測]    2026-07-15: 0 篇 | T=0 D=0 R=0
[事件偵測]    2026-07-14: 0 篇 | T=0 D=0 R=0
[事件偵測]    2026-07-13: 0 篇 | T=0 D=0 R=0
[19:22:20]    事件偵測失敗: Expecting value: line 1 column 1 (char 0)
[19:22:21]    🪙 $TRUMP: $1.96 (-10.4%)
[19:22:21]    📊 Polymarket 快照: 360 個市場 (20 事件)
[19:22:21]    📊 Polymarket: 360 個市場已更新
[19:22:21] 驗證 1 個即時預測...
[19:27:24]    📡 三源抓取: CNN:50 → 合計 50 篇
[19:27:24]    沒有新推文
[事件偵測] 掃描最近 5 天的信號模式...
[事件偵測]    最近 5 天的信號:
[事件偵測]    2026-07-17: 0 篇 | T=0 D=0 R=0
[事件偵測]    2026-07-16: 0 篇 | T=0 D=0 R=0
[事件偵測]    2026-07-15: 0 篇 | T=0 D=0 R=0
[事件偵測]    2026-07-14: 0 篇 | T=0 D=0 R=0
[事件偵測]    2026-07-13: 0 篇 | T=0 D=0 R=0
[19:27:24]    事件偵測失敗: Expecting value: line 1 column 1 (char 0)
[19:27:24]    🪙 $TRUMP: $1.97 (-10.3%)
[19:27:25]    📊 Polymarket 快照: 360 個市場 (20 事件)
[19:27:25]    📊 Polymarket: 360 個市場已更新
[19:27:25] 驗證 1 個即時預測...
[19:32:28]    📡 三源抓取: CNN:50 → 合計 50 篇
[19:32:28]    沒有新推文
[事件偵測] 掃描最近 5 天的信號模式...
[事件偵測]    最近 5 天的信號:
[事件偵測]    2026-07-17: 0 篇 | T=0 D=0 R=0
[事件偵測]    2026-07-16: 0 篇 | T=0 D=0 R=0
[事件偵測]    2026-07-15: 0 篇 | T=0 D=0 R=0
[事件偵測]    2026-07-14: 0 篇 | T=0 D=0 R=0
[事件偵測]    2026-07-13: 0 篇 | T=0 D=0 R=0
[19:32:28]    事件偵測失敗: Expecting value: line 1 column 1 (char 0)
[19:32:28]    🪙 $TRUMP: $1.97 (-10.5%)
[19:32:28]    📊 Polymarket 快照: 360 個市場 (20 事件)
[19:32:28]    📊 Polymarket: 360 個市場已更新
[19:32:28] 驗證 1 個即時預測...
[19:37:32]    📡 三源抓取: CNN:50 → 合計 50 篇
[19:37:32]    沒有新推文
[事件偵測] 掃描最近 5 天的信號模式...
[事件偵測]    最近 5 天的信號:
[事件偵測]    2026-07-17: 0 篇 | T=0 D=0 R=0
[事件偵測]    2026-07-16: 0 篇 | T=0 D=0 R=0
[事件偵測]    2026-07-15: 0 篇 | T=0 D=0 R=0
[事件偵測]    2026-07-14: 0 篇 | T=0 D=0 R=0
[事件偵測]    2026-07-13: 0 篇 | T=0 D=0 R=0
[19:37:32]    事件偵測失敗: Expecting value: line 1 column 1 (char 0)
[19:37:32]    🪙 $TRUMP: $1.97 (-9.9%)
[19:37:32]    📊 Polymarket 快照: 360 個市場 (20 事件)
[19:37:32]    📊 Polymarket: 360 個市場已更新
[19:37:32] 驗證 1 個即時預測...
[19:42:36]    📡 三源抓取: CNN:50 → 合計 50 篇
[19:42:36]    沒有新推文
[事件偵測] 掃描最近 5 天的信號模式...
[事件偵測]    最近 5 天的信號:
[事件偵測]    2026-07-17: 0 篇 | T=0 D=0 R=0
[事件偵測]    2026-07-16: 0 篇 | T=0 D=0 R=0
[事件偵測]    2026-07-15: 0 篇 | T=0 D=0 R=0
[事件偵測]    2026-07-14: 0 篇 | T=0 D=0 R=0
[事件偵測]    2026-07-13: 0 篇 | T=0 D=0 R=0
[19:42:36]    事件偵測失敗: Expecting value: line 1 column 1 (char 0)
[19:42:36]    🪙 $TRUMP: $1.97 (-10.3%)
[19:42:37]    📊 Polymarket 快照: 360 個市場 (20 事件)
[19:42:37]    📊 Polymarket: 360 個市場已更新
[19:42:37] 驗證 1 個即時預測...
[19:47:41]    📡 三源抓取: CNN:50 → 合計 50 篇
[19:47:41] 🆕 偵測到 1 篇新推文！
[19:47:42]    📥 寫入 1 篇新推文到 trump_posts_all.json（總計 46133 篇）
[19:47:43]    📊 Polymarket 快照: 360 個市場 (20 事件)
[19:47:43]    🪙 $TRUMP: $1.97 (-10.3%)
[19:47:43]    📝 [19:44] The Great Gary Player, Bryson DeChambeau, Mikayla Demaiter, and Susan Waterfall,...
[19:47:43]    🚀拉盤 劇本觸發: 他閉嘴（什麼都沒講）
[19:47:43]       歷史: +0.409% | 建議: LONG — 沉默是金
[事件偵測] 掃描最近 5 天的信號模式...
[事件偵測]    最近 5 天的信號:
[事件偵測]    2026-07-17: 0 篇 | T=0 D=0 R=0
[事件偵測]    2026-07-16: 0 篇 | T=0 D=0 R=0
[事件偵測]    2026-07-15: 0 篇 | T=0 D=0 R=0
[事件偵測]    2026-07-14: 0 篇 | T=0 D=0 R=0
[事件偵測]    2026-07-13: 0 篇 | T=0 D=0 R=0
[19:47:43]    事件偵測失敗: Expecting value: line 1 column 1 (char 0)
[19:47:43]    🪙 $TRUMP: $1.97 (-10.3%)
[19:47:43]    📊 Polymarket 快照: 360 個市場 (20 事件)
[19:47:43]    📊 Polymarket: 360 個市場已更新
[19:47:43] 驗證 1 個即時預測...
[19:47:44] 📊 本輪: 1 新推文 | 0 預測 | 0 驗證
[19:52:47]    📡 三源抓取: CNN:50 → 合計 50 篇
[19:52:47]    沒有新推文
[事件偵測] 掃描最近 5 天的信號模式...
[事件偵測]    最近 5 天的信號:
[事件偵測]    2026-07-17: 0 篇 | T=0 D=0 R=0
[事件偵測]    2026-07-16: 0 篇 | T=0 D=0 R=0
[事件偵測]    2026-07-15: 0 篇 | T=0 D=0 R=0
[事件偵測]    2026-07-14: 0 篇 | T=0 D=0 R=0
[事件偵測]    2026-07-13: 0 篇 | T=0 D=0 R=0
[19:52:47]    事件偵測失敗: Expecting value: line 1 column 1 (char 0)
[19:52:47]    🪙 $TRUMP: $1.97 (-10.2%)
[19:52:47]    📊 Polymarket 快照: 360 個市場 (20 事件)
[19:52:47]    📊 Polymarket: 360 個市場已更新
[19:52:47] 驗證 1 個即時預測...
[19:57:50]    📡 三源抓取: CNN:50 → 合計 50 篇
[19:57:50]    沒有新推文
[事件偵測] 掃描最近 5 天的信號模式...
[事件偵測]    最近 5 天的信號:
[事件偵測]    2026-07-17: 0 篇 | T=0 D=0 R=0
[事件偵測]    2026-07-16: 0 篇 | T=0 D=0 R=0
[事件偵測]    2026-07-15: 0 篇 | T=0 D=0 R=0
[事件偵測]    2026-07-14: 0 篇 | T=0 D=0 R=0
[事件偵測]    2026-07-13: 0 篇 | T=0 D=0 R=0
[19:57:50]    事件偵測失敗: Expecting value: line 1 column 1 (char 0)
[19:57:50]    🪙 $TRUMP: $1.97 (-10.5%)
[19:57:50]    📊 Polymarket 快照: 360 個市場 (20 事件)
[19:57:50]    📊 Polymarket: 360 個市場已更新
[19:57:50] 驗證 1 個即時預測...
[20:02:54]    📡 三源抓取: CNN:50 → 合計 50 篇
[20:02:54]    沒有新推文
[事件偵測] 掃描最近 5 天的信號模式...
[事件偵測]    最近 5 天的信號:
[事件偵測]    2026-07-17: 0 篇 | T=0 D=0 R=0
[事件偵測]    2026-07-16: 0 篇 | T=0 D=0 R=0
[事件偵測]    2026-07-15: 0 篇 | T=0 D=0 R=0
[事件偵測]    2026-07-14: 0 篇 | T=0 D=0 R=0
[事件偵測]    2026-07-13: 0 篇 | T=0 D=0 R=0
[20:02:54]    事件偵測失敗: Expecting value: line 1 column 1 (char 0)
[20:02:55]    🪙 $TRUMP: $1.97 (-10.7%)
[20:02:55]    📊 Polymarket 快照: 360 個市場 (20 事件)
[20:02:55]    📊 Polymarket: 360 個市場已更新
[20:02:55] 驗證 1 個即時預測...
[20:07:58]    📡 三源抓取: CNN:50 → 合計 50 篇
[20:07:58]    沒有新推文
[事件偵測] 掃描最近 5 天的信號模式...
[事件偵測]    最近 5 天的信號:
[事件偵測]    2026-07-17: 0 篇 | T=0 D=0 R=0
[事件偵測]    2026-07-16: 0 篇 | T=0 D=0 R=0
[事件偵測]    2026-07-15: 0 篇 | T=0 D=0 R=0
[事件偵測]    2026-07-14: 0 篇 | T=0 D=0 R=0
[事件偵測]    2026-07-13: 0 篇 | T=0 D=0 R=0
[20:07:58]    事件偵測失敗: Expecting value: line 1 column 1 (char 0)
[20:07:59]    🪙 $TRUMP: $1.96 (-11.1%)
[20:07:59]    📊 Polymarket 快照: 360 個市場 (20 事件)
[20:07:59]    📊 Polymarket: 360 個市場已更新
[20:07:59] 驗證 1 個即時預測...
[20:13:03]    📡 三源抓取: CNN:50 → 合計 50 篇
[20:13:03]    沒有新推文
[事件偵測] 掃描最近 5 天的信號模式...
[事件偵測]    最近 5 天的信號:
[事件偵測]    2026-07-17: 0 篇 | T=0 D=0 R=0
[事件偵測]    2026-07-16: 0 篇 | T=0 D=0 R=0
[事件偵測]    2026-07-15: 0 篇 | T=0 D=0 R=0
[事件偵測]    2026-07-14: 0 篇 | T=0 D=0 R=0
[事件偵測]    2026-07-13: 0 篇 | T=0 D=0 R=0
[20:13:03]    事件偵測失敗: Expecting value: line 1 column 1 (char 0)
[20:13:03]    🪙 $TRUMP: $1.97 (-10.5%)
[20:13:03]    📊 Polymarket 快照: 360 個市場 (20 事件)
[20:13:03]    📊 Polymarket: 360 個市場已更新
[20:13:03] 驗證 1 個即時預測...
[20:18:07]    📡 三源抓取: CNN:50 → 合計 50 篇
[20:18:07]    沒有新推文
[事件偵測] 掃描最近 5 天的信號模式...
[事件偵測]    最近 5 天的信號:
[事件偵測]    2026-07-17: 0 篇 | T=0 D=0 R=0
[事件偵測]    2026-07-16: 0 篇 | T=0 D=0 R=0
[事件偵測]    2026-07-15: 0 篇 | T=0 D=0 R=0
[事件偵測]    2026-07-14: 0 篇 | T=0 D=0 R=0
[事件偵測]    2026-07-13: 0 篇 | T=0 D=0 R=0
[20:18:07]    事件偵測失敗: Expecting value: line 1 column 1 (char 0)
[20:18:07]    🪙 $TRUMP: $1.96 (-10.5%)
[20:18:08]    📊 Polymarket 快照: 360 個市場 (20 事件)
[20:18:08]    📊 Polymarket: 360 個市場已更新
[20:18:08] 驗證 1 個即時預測...
[20:23:11]    📡 三源抓取: CNN:50 → 合計 50 篇
[20:23:11]    沒有新推文
[事件偵測] 掃描最近 5 天的信號模式...
[事件偵測]    最近 5 天的信號:
[事件偵測]    2026-07-17: 0 篇 | T=0 D=0 R=0
[事件偵測]    2026-07-16: 0 篇 | T=0 D=0 R=0
[事件偵測]    2026-07-15: 0 篇 | T=0 D=0 R=0
[事件偵測]    2026-07-14: 0 篇 | T=0 D=0 R=0
[事件偵測]    2026-07-13: 0 篇 | T=0 D=0 R=0
[20:23:11]    事件偵測失敗: Expecting value: line 1 column 1 (char 0)
[20:23:11]    🪙 $TRUMP: $1.97 (-10.5%)
[20:23:11]    📊 Polymarket 快照: 360 個市場 (20 事件)
[20:23:11]    📊 Polymarket: 360 個市場已更新
[20:23:11] 驗證 1 個即時預測...
[20:28:14]    📡 三源抓取: CNN:50 → 合計 50 篇
[20:28:14]    沒有新推文
[事件偵測] 掃描最近 5 天的信號模式...
[事件偵測]    最近 5 天的信號:
[事件偵測]    2026-07-17: 0 篇 | T=0 D=0 R=0
[事件偵測]    2026-07-16: 0 篇 | T=0 D=0 R=0
[事件偵測]    2026-07-15: 0 篇 | T=0 D=0 R=0
[事件偵測]    2026-07-14: 0 篇 | T=0 D=0 R=0
[事件偵測]    2026-07-13: 0 篇 | T=0 D=0 R=0
[20:28:14]    事件偵測失敗: Expecting value: line 1 column 1 (char 0)
[20:28:15]    🪙 $TRUMP: $1.96 (-11.6%)
[20:28:15]    📊 Polymarket 快照: 360 個市場 (20 事件)
[20:28:15]    📊 Polymarket: 360 個市場已更新
[20:28:15] 驗證 1 個即時預測...
[20:33:20]    📡 三源抓取: CNN:50 → 合計 50 篇
[20:33:20]    沒有新推文
[事件偵測] 掃描最近 5 天的信號模式...
[事件偵測]    最近 5 天的信號:
[事件偵測]    2026-07-17: 0 篇 | T=0 D=0 R=0
[事件偵測]    2026-07-16: 0 篇 | T=0 D=0 R=0
[事件偵測]    2026-07-15: 0 篇 | T=0 D=0 R=0
[事件偵測]    2026-07-14: 0 篇 | T=0 D=0 R=0
[事件偵測]    2026-07-13: 0 篇 | T=0 D=0 R=0
[20:33:20]    事件偵測失敗: Expecting value: line 1 column 1 (char 0)
[20:33:20]    🪙 $TRUMP: $1.96 (-11.7%)
[20:33:20]    📊 Polymarket 快照: 360 個市場 (20 事件)
[20:33:20]    📊 Polymarket: 360 個市場已更新
[20:33:20] 驗證 1 個即時預測...
[20:38:24]    📡 三源抓取: CNN:50 → 合計 50 篇
[20:38:24]    沒有新推文
[事件偵測] 掃描最近 5 天的信號模式...
[事件偵測]    最近 5 天的信號:
[事件偵測]    2026-07-17: 0 篇 | T=0 D=0 R=0
[事件偵測]    2026-07-16: 0 篇 | T=0 D=0 R=0
[事件偵測]    2026-07-15: 0 篇 | T=0 D=0 R=0
[事件偵測]    2026-07-14: 0 篇 | T=0 D=0 R=0
[事件偵測]    2026-07-13: 0 篇 | T=0 D=0 R=0
[20:38:24]    事件偵測失敗: Expecting value: line 1 column 1 (char 0)
[20:38:24]    🪙 $TRUMP: $1.96 (-11.7%)
[20:38:24]    📊 Polymarket 快照: 360 個市場 (20 事件)
[20:38:24]    📊 Polymarket: 360 個市場已更新
[20:38:24] 驗證 1 個即時預測...
[20:43:27]    📡 三源抓取: CNN:50 → 合計 50 篇
[20:43:27]    沒有新推文
[事件偵測] 掃描最近 5 天的信號模式...
[事件偵測]    最近 5 天的信號:
[事件偵測]    2026-07-17: 0 篇 | T=0 D=0 R=0
[事件偵測]    2026-07-16: 0 篇 | T=0 D=0 R=0
[事件偵測]    2026-07-15: 0 篇 | T=0 D=0 R=0
[事件偵測]    2026-07-14: 0 篇 | T=0 D=0 R=0
[事件偵測]    2026-07-13: 0 篇 | T=0 D=0 R=0
[20:43:27]    事件偵測失敗: Expecting value: line 1 column 1 (char 0)
[20:43:27]    🪙 $TRUMP: $1.96 (-11.6%)
[20:43:27]    📊 Polymarket 快照: 360 個市場 (20 事件)
[20:43:27]    📊 Polymarket: 360 個市場已更新
[20:43:27] 驗證 1 個即時預測...
[20:48:31]    📡 三源抓取: CNN:50 → 合計 50 篇
[20:48:31]    沒有新推文
[事件偵測] 掃描最近 5 天的信號模式...
[事件偵測]    最近 5 天的信號:
[事件偵測]    2026-07-17: 0 篇 | T=0 D=0 R=0
[事件偵測]    2026-07-16: 0 篇 | T=0 D=0 R=0
[事件偵測]    2026-07-15: 0 篇 | T=0 D=0 R=0
[事件偵測]    2026-07-14: 0 篇 | T=0 D=0 R=0
[事件偵測]    2026-07-13: 0 篇 | T=0 D=0 R=0
[20:48:31]    事件偵測失敗: Expecting value: line 1 column 1 (char 0)
[20:48:31]    🪙 $TRUMP: $1.96 (-11.7%)
[20:48:32]    📊 Polymarket 快照: 360 個市場 (20 事件)
[20:48:32]    📊 Polymarket: 360 個市場已更新
[20:48:32] 驗證 1 個即時預測...
[20:53:35]    📡 三源抓取: CNN:50 → 合計 50 篇
[20:53:35]    沒有新推文
[事件偵測] 掃描最近 5 天的信號模式...
[事件偵測]    最近 5 天的信號:
[事件偵測]    2026-07-17: 0 篇 | T=0 D=0 R=0
[事件偵測]    2026-07-16: 0 篇 | T=0 D=0 R=0
[事件偵測]    2026-07-15: 0 篇 | T=0 D=0 R=0
[事件偵測]    2026-07-14: 0 篇 | T=0 D=0 R=0
[事件偵測]    2026-07-13: 0 篇 | T=0 D=0 R=0
[20:53:35]    事件偵測失敗: Expecting value: line 1 column 1 (char 0)
[20:53:35]    🪙 $TRUMP: $1.96 (-11.6%)
[20:53:35]    📊 Polymarket 快照: 360 個市場 (20 事件)
[20:53:35]    📊 Polymarket: 360 個市場已更新
[20:53:35] 驗證 1 個即時預測...
[20:58:39]    📡 三源抓取: CNN:50 → 合計 50 篇
[20:58:39]    沒有新推文
[事件偵測] 掃描最近 5 天的信號模式...
[事件偵測]    最近 5 天的信號:
[事件偵測]    2026-07-17: 0 篇 | T=0 D=0 R=0
[事件偵測]    2026-07-16: 0 篇 | T=0 D=0 R=0
[事件偵測]    2026-07-15: 0 篇 | T=0 D=0 R=0
[事件偵測]    2026-07-14: 0 篇 | T=0 D=0 R=0
[事件偵測]    2026-07-13: 0 篇 | T=0 D=0 R=0
[20:58:39]    事件偵測失敗: Expecting value: line 1 column 1 (char 0)
[20:58:39]    🪙 $TRUMP: $1.96 (-11.4%)
[20:58:40]    📊 Polymarket 快照: 360 個市場 (20 事件)
[20:58:40]    📊 Polymarket: 360 個市場已更新
[20:58:40] 驗證 1 個即時預測...
[21:03:43]    📡 三源抓取: CNN:50 → 合計 50 篇
[21:03:43]    沒有新推文
[事件偵測] 掃描最近 5 天的信號模式...
[事件偵測]    最近 5 天的信號:
[事件偵測]    2026-07-17: 0 篇 | T=0 D=0 R=0
[事件偵測]    2026-07-16: 0 篇 | T=0 D=0 R=0
[事件偵測]    2026-07-15: 0 篇 | T=0 D=0 R=0
[事件偵測]    2026-07-14: 0 篇 | T=0 D=0 R=0
[事件偵測]    2026-07-13: 0 篇 | T=0 D=0 R=0
[21:03:43]    事件偵測失敗: Expecting value: line 1 column 1 (char 0)
[21:03:43]    🪙 $TRUMP: $1.96 (-11.8%)
[21:03:43]    📊 Polymarket 快照: 360 個市場 (20 事件)
[21:03:43]    📊 Polymarket: 360 個市場已更新
[21:03:43] 驗證 1 個即時預測...
[21:08:46]    📡 三源抓取: CNN:50 → 合計 50 篇
[21:08:46]    沒有新推文
[事件偵測] 掃描最近 5 天的信號模式...
[事件偵測]    最近 5 天的信號:
[事件偵測]    2026-07-17: 0 篇 | T=0 D=0 R=0
[事件偵測]    2026-07-16: 0 篇 | T=0 D=0 R=0
[事件偵測]    2026-07-15: 0 篇 | T=0 D=0 R=0
[事件偵測]    2026-07-14: 0 篇 | T=0 D=0 R=0
[事件偵測]    2026-07-13: 0 篇 | T=0 D=0 R=0
[21:08:46]    事件偵測失敗: Expecting value: line 1 column 1 (char 0)
[21:08:46]    🪙 $TRUMP: $1.96 (-11.4%)
[21:08:47]    📊 Polymarket 快照: 360 個市場 (20 事件)
[21:08:47]    📊 Polymarket: 360 個市場已更新
[21:08:47] 驗證 1 個即時預測...
[21:13:50]    📡 三源抓取: CNN:50 → 合計 50 篇
[21:13:50]    沒有新推文
[事件偵測] 掃描最近 5 天的信號模式...
[事件偵測]    最近 5 天的信號:
[事件偵測]    2026-07-17: 0 篇 | T=0 D=0 R=0
[事件偵測]    2026-07-16: 0 篇 | T=0 D=0 R=0
[事件偵測]    2026-07-15: 0 篇 | T=0 D=0 R=0
[事件偵測]    2026-07-14: 0 篇 | T=0 D=0 R=0
[事件偵測]    2026-07-13: 0 篇 | T=0 D=0 R=0
[21:13:50]    事件偵測失敗: Expecting value: line 1 column 1 (char 0)
[21:13:50]    🪙 $TRUMP: $1.96 (-11.0%)
[21:13:50]    📊 Polymarket 快照: 360 個市場 (20 事件)
[21:13:50]    📊 Polymarket: 360 個市場已更新
[21:13:50] 驗證 1 個即時預測...
[21:18:54]    📡 三源抓取: CNN:50 → 合計 50 篇
[21:18:54]    沒有新推文
[事件偵測] 掃描最近 5 天的信號模式...
[事件偵測]    最近 5 天的信號:
[事件偵測]    2026-07-17: 0 篇 | T=0 D=0 R=0
[事件偵測]    2026-07-16: 0 篇 | T=0 D=0 R=0
[事件偵測]    2026-07-15: 0 篇 | T=0 D=0 R=0
[事件偵測]    2026-07-14: 0 篇 | T=0 D=0 R=0
[事件偵測]    2026-07-13: 0 篇 | T=0 D=0 R=0
[21:18:54]    事件偵測失敗: Expecting value: line 1 column 1 (char 0)
[21:18:54]    🪙 $TRUMP: $1.96 (-10.8%)
[21:18:54]    📊 Polymarket 快照: 360 個市場 (20 事件)
[21:18:54]    📊 Polymarket: 360 個市場已更新
[21:18:54] 驗證 1 個即時預測...
[21:23:58]    📡 三源抓取: CNN:50 → 合計 50 篇
[21:23:58]    沒有新推文
[事件偵測] 掃描最近 5 天的信號模式...
[事件偵測]    最近 5 天的信號:
[事件偵測]    2026-07-17: 0 篇 | T=0 D=0 R=0
[事件偵測]    2026-07-16: 0 篇 | T=0 D=0 R=0
[事件偵測]    2026-07-15: 0 篇 | T=0 D=0 R=0
[事件偵測]    2026-07-14: 0 篇 | T=0 D=0 R=0
[事件偵測]    2026-07-13: 0 篇 | T=0 D=0 R=0
[21:23:58]    事件偵測失敗: Expecting value: line 1 column 1 (char 0)
[21:23:58]    🪙 $TRUMP: $1.96 (-10.9%)
[21:23:58]    📊 Polymarket 快照: 360 個市場 (20 事件)
[21:23:58]    📊 Polymarket: 360 個市場已更新
[21:23:58] 驗證 1 個即時預測...
[21:29:01]    📡 三源抓取: CNN:50 → 合計 50 篇
[21:29:01]    沒有新推文
[事件偵測] 掃描最近 5 天的信號模式...
[事件偵測]    最近 5 天的信號:
[事件偵測]    2026-07-17: 0 篇 | T=0 D=0 R=0
[事件偵測]    2026-07-16: 0 篇 | T=0 D=0 R=0
[事件偵測]    2026-07-15: 0 篇 | T=0 D=0 R=0
[事件偵測]    2026-07-14: 0 篇 | T=0 D=0 R=0
[事件偵測]    2026-07-13: 0 篇 | T=0 D=0 R=0
[21:29:01]    事件偵測失敗: Expecting value: line 1 column 1 (char 0)
[21:29:01]    🪙 $TRUMP: $1.96 (-11.0%)
[21:29:01]    📊 Polymarket 快照: 360 個市場 (20 事件)
[21:29:01]    📊 Polymarket: 360 個市場已更新
[21:29:02] 驗證 1 個即時預測...
[21:34:04]    📡 三源抓取: CNN:50 → 合計 50 篇
[21:34:04]    沒有新推文
[事件偵測] 掃描最近 5 天的信號模式...
[事件偵測]    最近 5 天的信號:
[事件偵測]    2026-07-17: 0 篇 | T=0 D=0 R=0
[事件偵測]    2026-07-16: 0 篇 | T=0 D=0 R=0
[事件偵測]    2026-07-15: 0 篇 | T=0 D=0 R=0
[事件偵測]    2026-07-14: 0 篇 | T=0 D=0 R=0
[事件偵測]    2026-07-13: 0 篇 | T=0 D=0 R=0
[21:34:04]    事件偵測失敗: Expecting value: line 1 column 1 (char 0)
[21:34:05]    🪙 $TRUMP: $1.97 (-10.9%)
[21:34:05]    📊 Polymarket 快照: 360 個市場 (20 事件)
[21:34:05]    📊 Polymarket: 360 個市場已更新
[21:34:05] 驗證 1 個即時預測...
[21:39:09]    📡 三源抓取: CNN:50 → 合計 50 篇
[21:39:09]    沒有新推文
[事件偵測] 掃描最近 5 天的信號模式...
[事件偵測]    最近 5 天的信號:
[事件偵測]    2026-07-17: 0 篇 | T=0 D=0 R=0
[事件偵測]    2026-07-16: 0 篇 | T=0 D=0 R=0
[事件偵測]    2026-07-15: 0 篇 | T=0 D=0 R=0
[事件偵測]    2026-07-14: 0 篇 | T=0 D=0 R=0
[事件偵測]    2026-07-13: 0 篇 | T=0 D=0 R=0
[21:39:09]    事件偵測失敗: Expecting value: line 1 column 1 (char 0)
[21:39:09]    🪙 $TRUMP: $1.97 (-10.7%)
[21:39:09]    📊 Polymarket 快照: 360 個市場 (20 事件)
[21:39:09]    📊 Polymarket: 360 個市場已更新
[21:39:09] 驗證 1 個即時預測...
[21:44:13]    📡 三源抓取: CNN:50 → 合計 50 篇
[21:44:13]    沒有新推文
[事件偵測] 掃描最近 5 天的信號模式...
[事件偵測]    最近 5 天的信號:
[事件偵測]    2026-07-17: 0 篇 | T=0 D=0 R=0
[事件偵測]    2026-07-16: 0 篇 | T=0 D=0 R=0
[事件偵測]    2026-07-15: 0 篇 | T=0 D=0 R=0
[事件偵測]    2026-07-14: 0 篇 | T=0 D=0 R=0
[事件偵測]    2026-07-13: 0 篇 | T=0 D=0 R=0
[21:44:13]    事件偵測失敗: Expecting value: line 1 column 1 (char 0)
[21:44:13]    🪙 $TRUMP: $1.97 (-10.6%)
[21:44:13]    📊 Polymarket 快照: 360 個市場 (20 事件)
[21:44:13]    📊 Polymarket: 360 個市場已更新
[21:44:13] 驗證 1 個即時預測...
[21:49:16]    📡 三源抓取: CNN:50 → 合計 50 篇
[21:49:16]    沒有新推文
[事件偵測] 掃描最近 5 天的信號模式...
[事件偵測]    最近 5 天的信號:
[事件偵測]    2026-07-17: 0 篇 | T=0 D=0 R=0
[事件偵測]    2026-07-16: 0 篇 | T=0 D=0 R=0
[事件偵測]    2026-07-15: 0 篇 | T=0 D=0 R=0
[事件偵測]    2026-07-14: 0 篇 | T=0 D=0 R=0
[事件偵測]    2026-07-13: 0 篇 | T=0 D=0 R=0
[21:49:16]    事件偵測失敗: Expecting value: line 1 column 1 (char 0)
[21:49:16]    🪙 $TRUMP: $1.98 (-10.1%)
[21:49:17]    📊 Polymarket 快照: 360 個市場 (20 事件)
[21:49:17]    📊 Polymarket: 360 個市場已更新
[21:49:17] 驗證 1 個即時預測...
[21:54:20]    📡 三源抓取: CNN:50 → 合計 50 篇
[21:54:20]    沒有新推文
[事件偵測] 掃描最近 5 天的信號模式...
[事件偵測]    最近 5 天的信號:
[事件偵測]    2026-07-17: 0 篇 | T=0 D=0 R=0
[事件偵測]    2026-07-16: 0 篇 | T=0 D=0 R=0
[事件偵測]    2026-07-15: 0 篇 | T=0 D=0 R=0
[事件偵測]    2026-07-14: 0 篇 | T=0 D=0 R=0
[事件偵測]    2026-07-13: 0 篇 | T=0 D=0 R=0
[21:54:20]    事件偵測失敗: Expecting value: line 1 column 1 (char 0)
[21:54:20]    🪙 $TRUMP: $1.97 (-10.4%)
[21:54:21]    📊 Polymarket 快照: 360 個市場 (20 事件)
[21:54:21]    📊 Polymarket: 360 個市場已更新
[21:54:21] 驗證 1 個即時預測...
[21:59:24]    📡 三源抓取: CNN:50 → 合計 50 篇
[21:59:24]    沒有新推文
[事件偵測] 掃描最近 5 天的信號模式...
[事件偵測]    最近 5 天的信號:
[事件偵測]    2026-07-17: 0 篇 | T=0 D=0 R=0
[事件偵測]    2026-07-16: 0 篇 | T=0 D=0 R=0
[事件偵測]    2026-07-15: 0 篇 | T=0 D=0 R=0
[事件偵測]    2026-07-14: 0 篇 | T=0 D=0 R=0
[事件偵測]    2026-07-13: 0 篇 | T=0 D=0 R=0
[21:59:24]    事件偵測失敗: Expecting value: line 1 column 1 (char 0)
[21:59:24]    🪙 $TRUMP: $1.97 (-10.4%)
[21:59:25]    📊 Polymarket 快照: 360 個市場 (20 事件)
[21:59:25]    📊 Polymarket: 360 個市場已更新
[21:59:25] 驗證 1 個即時預測...
[22:04:32]    📡 三源抓取: CNN:50 → 合計 50 篇
[22:04:32]    沒有新推文
[事件偵測] 掃描最近 5 天的信號模式...
[事件偵測]    最近 5 天的信號:
[事件偵測]    2026-07-17: 0 篇 | T=0 D=0 R=0
[事件偵測]    2026-07-16: 0 篇 | T=0 D=0 R=0
[事件偵測]    2026-07-15: 0 篇 | T=0 D=0 R=0
[事件偵測]    2026-07-14: 0 篇 | T=0 D=0 R=0
[事件偵測]    2026-07-13: 0 篇 | T=0 D=0 R=0
[22:04:32]    事件偵測失敗: Expecting value: line 1 column 1 (char 0)
[22:04:32]    🪙 $TRUMP: $1.97 (-10.2%)
[22:04:32]    📊 Polymarket 快照: 360 個市場 (20 事件)
[22:04:32]    📊 Polymarket: 360 個市場已更新
[22:04:32] 驗證 1 個即時預測...
[22:09:36]    📡 三源抓取: CNN:50 → 合計 50 篇
[22:09:36]    沒有新推文
[事件偵測] 掃描最近 5 天的信號模式...
[事件偵測]    最近 5 天的信號:
[事件偵測]    2026-07-17: 0 篇 | T=0 D=0 R=0
[事件偵測]    2026-07-16: 0 篇 | T=0 D=0 R=0
[事件偵測]    2026-07-15: 0 篇 | T=0 D=0 R=0
[事件偵測]    2026-07-14: 0 篇 | T=0 D=0 R=0
[事件偵測]    2026-07-13: 0 篇 | T=0 D=0 R=0
[22:09:36]    事件偵測失敗: Expecting value: line 1 column 1 (char 0)
[22:09:36]    🪙 $TRUMP: $1.98 (-9.9%)
[22:09:36]    📊 Polymarket 快照: 360 個市場 (20 事件)
[22:09:36]    📊 Polymarket: 360 個市場已更新
[22:09:36] 驗證 1 個即時預測...
[22:14:40]    📡 三源抓取: CNN:50 → 合計 50 篇
[22:14:40]    沒有新推文
[事件偵測] 掃描最近 5 天的信號模式...
[事件偵測]    最近 5 天的信號:
[事件偵測]    2026-07-17: 0 篇 | T=0 D=0 R=0
[事件偵測]    2026-07-16: 0 篇 | T=0 D=0 R=0
[事件偵測]    2026-07-15: 0 篇 | T=0 D=0 R=0
[事件偵測]    2026-07-14: 0 篇 | T=0 D=0 R=0
[事件偵測]    2026-07-13: 0 篇 | T=0 D=0 R=0
[22:14:40]    事件偵測失敗: Expecting value: line 1 column 1 (char 0)
[22:14:40]    🪙 $TRUMP: $1.98 (-9.8%)
[22:14:41]    📊 Polymarket 快照: 360 個市場 (20 事件)
[22:14:41]    📊 Polymarket: 360 個市場已更新
[22:14:41] 驗證 1 個即時預測...
[22:19:44]    📡 三源抓取: CNN:50 → 合計 50 篇
[22:19:44]    沒有新推文
[事件偵測] 掃描最近 5 天的信號模式...
[事件偵測]    最近 5 天的信號:
[事件偵測]    2026-07-17: 0 篇 | T=0 D=0 R=0
[事件偵測]    2026-07-16: 0 篇 | T=0 D=0 R=0
[事件偵測]    2026-07-15: 0 篇 | T=0 D=0 R=0
[事件偵測]    2026-07-14: 0 篇 | T=0 D=0 R=0
[事件偵測]    2026-07-13: 0 篇 | T=0 D=0 R=0
[22:19:44]    事件偵測失敗: Expecting value: line 1 column 1 (char 0)
[22:19:44]    🪙 $TRUMP: $1.98 (-10.3%)
[22:19:44]    📊 Polymarket 快照: 360 個市場 (20 事件)
[22:19:44]    📊 Polymarket: 360 個市場已更新
[22:19:44] 驗證 1 個即時預測...
[22:24:47]    📡 三源抓取: CNN:50 → 合計 50 篇
[22:24:47]    沒有新推文
[事件偵測] 掃描最近 5 天的信號模式...
[事件偵測]    最近 5 天的信號:
[事件偵測]    2026-07-17: 0 篇 | T=0 D=0 R=0
[事件偵測]    2026-07-16: 0 篇 | T=0 D=0 R=0
[事件偵測]    2026-07-15: 0 篇 | T=0 D=0 R=0
[事件偵測]    2026-07-14: 0 篇 | T=0 D=0 R=0
[事件偵測]    2026-07-13: 0 篇 | T=0 D=0 R=0
[22:24:47]    事件偵測失敗: Expecting value: line 1 column 1 (char 0)
[22:24:47]    🪙 $TRUMP: $1.97 (-10.7%)
[22:24:48]    📊 Polymarket 快照: 360 個市場 (20 事件)
[22:24:48]    📊 Polymarket: 360 個市場已更新
[22:24:48] 驗證 1 個即時預測...
[22:29:52]    📡 三源抓取: CNN:50 → 合計 50 篇
[22:29:52]    沒有新推文
[事件偵測] 掃描最近 5 天的信號模式...
[事件偵測]    最近 5 天的信號:
[事件偵測]    2026-07-17: 0 篇 | T=0 D=0 R=0
[事件偵測]    2026-07-16: 0 篇 | T=0 D=0 R=0
[事件偵測]    2026-07-15: 0 篇 | T=0 D=0 R=0
[事件偵測]    2026-07-14: 0 篇 | T=0 D=0 R=0
[事件偵測]    2026-07-13: 0 篇 | T=0 D=0 R=0
[22:29:52]    事件偵測失敗: Expecting value: line 1 column 1 (char 0)
[22:29:52]    🪙 $TRUMP: $1.97 (-10.9%)
[22:29:52]    📊 Polymarket 快照: 360 個市場 (20 事件)
[22:29:52]    📊 Polymarket: 360 個市場已更新
[22:29:52] 驗證 1 個即時預測...
[22:34:56]    📡 三源抓取: CNN:50 → 合計 50 篇
[22:34:56]    沒有新推文
[事件偵測] 掃描最近 5 天的信號模式...
[事件偵測]    最近 5 天的信號:
[事件偵測]    2026-07-17: 0 篇 | T=0 D=0 R=0
[事件偵測]    2026-07-16: 0 篇 | T=0 D=0 R=0
[事件偵測]    2026-07-15: 0 篇 | T=0 D=0 R=0
[事件偵測]    2026-07-14: 0 篇 | T=0 D=0 R=0
[事件偵測]    2026-07-13: 0 篇 | T=0 D=0 R=0
[22:34:56]    事件偵測失敗: Expecting value: line 1 column 1 (char 0)
[22:34:56]    🪙 $TRUMP: $1.95 (-12.0%)
[22:34:56]    📊 Polymarket 快照: 360 個市場 (20 事件)
[22:34:56]    📊 Polymarket: 360 個市場已更新
[22:34:56] 驗證 1 個即時預測...
[22:40:00]    📡 三源抓取: CNN:50 → 合計 50 篇
[22:40:00]    沒有新推文
[事件偵測] 掃描最近 5 天的信號模式...
[事件偵測]    最近 5 天的信號:
[事件偵測]    2026-07-17: 0 篇 | T=0 D=0 R=0
[事件偵測]    2026-07-16: 0 篇 | T=0 D=0 R=0
[事件偵測]    2026-07-15: 0 篇 | T=0 D=0 R=0
[事件偵測]    2026-07-14: 0 篇 | T=0 D=0 R=0
[事件偵測]    2026-07-13: 0 篇 | T=0 D=0 R=0
[22:40:00]    事件偵測失敗: Expecting value: line 1 column 1 (char 0)
[22:40:00]    🪙 $TRUMP: $1.96 (-12.1%)
[22:40:01]    📊 Polymarket 快照: 360 個市場 (20 事件)
[22:40:01]    📊 Polymarket: 360 個市場已更新
[22:40:01] 驗證 1 個即時預測...
[22:45:04]    📡 三源抓取: CNN:50 → 合計 50 篇
[22:45:04]    沒有新推文
[事件偵測] 掃描最近 5 天的信號模式...
[事件偵測]    最近 5 天的信號:
[事件偵測]    2026-07-17: 0 篇 | T=0 D=0 R=0
[事件偵測]    2026-07-16: 0 篇 | T=0 D=0 R=0
[事件偵測]    2026-07-15: 0 篇 | T=0 D=0 R=0
[事件偵測]    2026-07-14: 0 篇 | T=0 D=0 R=0
[事件偵測]    2026-07-13: 0 篇 | T=0 D=0 R=0
[22:45:04]    事件偵測失敗: Expecting value: line 1 column 1 (char 0)
[22:45:04]    🪙 $TRUMP: $1.95 (-12.4%)
[22:45:04]    📊 Polymarket 快照: 360 個市場 (20 事件)
[22:45:04]    📊 Polymarket: 360 個市場已更新
[22:45:04] 驗證 1 個即時預測...
[22:50:08]    📡 三源抓取: CNN:50 → 合計 50 篇
[22:50:08]    沒有新推文
[事件偵測] 掃描最近 5 天的信號模式...
[事件偵測]    最近 5 天的信號:
[事件偵測]    2026-07-17: 0 篇 | T=0 D=0 R=0
[事件偵測]    2026-07-16: 0 篇 | T=0 D=0 R=0
[事件偵測]    2026-07-15: 0 篇 | T=0 D=0 R=0
[事件偵測]    2026-07-14: 0 篇 | T=0 D=0 R=0
[事件偵測]    2026-07-13: 0 篇 | T=0 D=0 R=0
[22:50:08]    事件偵測失敗: Expecting value: line 1 column 1 (char 0)
[22:50:08]    🪙 $TRUMP: $1.96 (-12.4%)
[22:50:08]    📊 Polymarket 快照: 360 個市場 (20 事件)
[22:50:08]    📊 Polymarket: 360 個市場已更新
[22:50:08] 驗證 1 個即時預測...
[22:55:17]    📡 三源抓取: CNN:50 → 合計 50 篇
[22:55:17]    沒有新推文
[事件偵測] 掃描最近 5 天的信號模式...
[事件偵測]    最近 5 天的信號:
[事件偵測]    2026-07-17: 0 篇 | T=0 D=0 R=0
[事件偵測]    2026-07-16: 0 篇 | T=0 D=0 R=0
[事件偵測]    2026-07-15: 0 篇 | T=0 D=0 R=0
[事件偵測]    2026-07-14: 0 篇 | T=0 D=0 R=0
[事件偵測]    2026-07-13: 0 篇 | T=0 D=0 R=0
[22:55:17]    事件偵測失敗: Expecting value: line 1 column 1 (char 0)
[22:55:17]    🪙 $TRUMP: $1.96 (-12.0%)
[22:55:17]    📊 Polymarket 快照: 360 個市場 (20 事件)
[22:55:17]    📊 Polymarket: 360 個市場已更新
[22:55:17] 驗證 1 個即時預測...
[23:00:20]    📡 三源抓取: CNN:50 → 合計 50 篇
[23:00:20]    沒有新推文
[事件偵測] 掃描最近 5 天的信號模式...
[事件偵測]    最近 5 天的信號:
[事件偵測]    2026-07-17: 0 篇 | T=0 D=0 R=0
[事件偵測]    2026-07-16: 0 篇 | T=0 D=0 R=0
[事件偵測]    2026-07-15: 0 篇 | T=0 D=0 R=0
[事件偵測]    2026-07-14: 0 篇 | T=0 D=0 R=0
[事件偵測]    2026-07-13: 0 篇 | T=0 D=0 R=0
[23:00:20]    事件偵測失敗: Expecting value: line 1 column 1 (char 0)
[23:00:20]    🪙 $TRUMP: $1.96 (-11.8%)
[23:00:21]    📊 Polymarket 快照: 360 個市場 (20 事件)
[23:00:21]    📊 Polymarket: 360 個市場已更新
[23:00:21] 驗證 1 個即時預測...
[23:05:24]    📡 三源抓取: CNN:50 → 合計 50 篇
[23:05:24]    沒有新推文
[事件偵測] 掃描最近 5 天的信號模式...
[事件偵測]    最近 5 天的信號:
[事件偵測]    2026-07-17: 0 篇 | T=0 D=0 R=0
[事件偵測]    2026-07-16: 0 篇 | T=0 D=0 R=0
[事件偵測]    2026-07-15: 0 篇 | T=0 D=0 R=0
[事件偵測]    2026-07-14: 0 篇 | T=0 D=0 R=0
[事件偵測]    2026-07-13: 0 篇 | T=0 D=0 R=0
[23:05:24]    事件偵測失敗: Expecting value: line 1 column 1 (char 0)
[23:05:24]    🪙 $TRUMP: $1.95 (-12.2%)
[23:05:25]    📊 Polymarket 快照: 360 個市場 (20 事件)
[23:05:25]    📊 Polymarket: 360 個市場已更新
[23:05:25] 驗證 1 個即時預測...
[23:10:28]    📡 三源抓取: CNN:50 → 合計 50 篇
[23:10:28]    沒有新推文
[事件偵測] 掃描最近 5 天的信號模式...
[事件偵測]    最近 5 天的信號:
[事件偵測]    2026-07-17: 0 篇 | T=0 D=0 R=0
[事件偵測]    2026-07-16: 0 篇 | T=0 D=0 R=0
[事件偵測]    2026-07-15: 0 篇 | T=0 D=0 R=0
[事件偵測]    2026-07-14: 0 篇 | T=0 D=0 R=0
[事件偵測]    2026-07-13: 0 篇 | T=0 D=0 R=0
[23:10:28]    事件偵測失敗: Expecting value: line 1 column 1 (char 0)
[23:10:28]    🪙 $TRUMP: $1.96 (-12.6%)
[23:10:28]    📊 Polymarket 快照: 360 個市場 (20 事件)
[23:10:28]    📊 Polymarket: 360 個市場已更新
[23:10:28] 驗證 1 個即時預測...
[23:15:32]    📡 三源抓取: CNN:50 → 合計 50 篇
[23:15:32]    沒有新推文
[事件偵測] 掃描最近 5 天的信號模式...
[事件偵測]    最近 5 天的信號:
[事件偵測]    2026-07-17: 0 篇 | T=0 D=0 R=0
[事件偵測]    2026-07-16: 0 篇 | T=0 D=0 R=0
[事件偵測]    2026-07-15: 0 篇 | T=0 D=0 R=0
[事件偵測]    2026-07-14: 0 篇 | T=0 D=0 R=0
[事件偵測]    2026-07-13: 0 篇 | T=0 D=0 R=0
[23:15:32]    事件偵測失敗: Expecting value: line 1 column 1 (char 0)
[23:15:32]    🪙 $TRUMP: $1.96 (-12.6%)
[23:15:32]    📊 Polymarket 快照: 360 個市場 (20 事件)
[23:15:32]    📊 Polymarket: 360 個市場已更新
[23:15:32] 驗證 1 個即時預測...
[23:20:36]    📡 三源抓取: CNN:50 → 合計 50 篇
[23:20:36]    沒有新推文
[事件偵測] 掃描最近 5 天的信號模式...
[事件偵測]    最近 5 天的信號:
[事件偵測]    2026-07-17: 0 篇 | T=0 D=0 R=0
[事件偵測]    2026-07-16: 0 篇 | T=0 D=0 R=0
[事件偵測]    2026-07-15: 0 篇 | T=0 D=0 R=0
[事件偵測]    2026-07-14: 0 篇 | T=0 D=0 R=0
[事件偵測]    2026-07-13: 0 篇 | T=0 D=0 R=0
[23:20:36]    事件偵測失敗: Expecting value: line 1 column 1 (char 0)
[23:20:36]    🪙 $TRUMP: $1.96 (-12.6%)
[23:20:37]    📊 Polymarket 快照: 360 個市場 (20 事件)
[23:20:37]    📊 Polymarket: 360 個市場已更新
[23:20:37] 驗證 1 個即時預測...
[23:25:40]    📡 三源抓取: CNN:50 → 合計 50 篇
[23:25:40]    沒有新推文
[事件偵測] 掃描最近 5 天的信號模式...
[事件偵測]    最近 5 天的信號:
[事件偵測]    2026-07-17: 0 篇 | T=0 D=0 R=0
[事件偵測]    2026-07-16: 0 篇 | T=0 D=0 R=0
[事件偵測]    2026-07-15: 0 篇 | T=0 D=0 R=0
[事件偵測]    2026-07-14: 0 篇 | T=0 D=0 R=0
[事件偵測]    2026-07-13: 0 篇 | T=0 D=0 R=0
[23:25:40]    事件偵測失敗: Expecting value: line 1 column 1 (char 0)
[23:25:40]    🪙 $TRUMP: $1.96 (-12.9%)
[23:25:40]    📊 Polymarket 快照: 360 個市場 (20 事件)
[23:25:40]    📊 Polymarket: 360 個市場已更新
[23:25:40] 驗證 1 個即時預測...
[23:30:44]    📡 三源抓取: CNN:50 → 合計 50 篇
[23:30:44]    沒有新推文
[事件偵測] 掃描最近 5 天的信號模式...
[事件偵測]    最近 5 天的信號:
[事件偵測]    2026-07-17: 0 篇 | T=0 D=0 R=0
[事件偵測]    2026-07-16: 0 篇 | T=0 D=0 R=0
[事件偵測]    2026-07-15: 0 篇 | T=0 D=0 R=0
[事件偵測]    2026-07-14: 0 篇 | T=0 D=0 R=0
[事件偵測]    2026-07-13: 0 篇 | T=0 D=0 R=0
[23:30:44]    事件偵測失敗: Expecting value: line 1 column 1 (char 0)
[23:30:44]    🪙 $TRUMP: $1.96 (-12.7%)
[23:30:44]    📊 Polymarket 快照: 360 個市場 (20 事件)
[23:30:44]    📊 Polymarket: 360 個市場已更新
[23:30:44] 驗證 1 個即時預測...
[23:35:48]    📡 三源抓取: CNN:50 → 合計 50 篇
[23:35:48]    沒有新推文
[事件偵測] 掃描最近 5 天的信號模式...
[事件偵測]    最近 5 天的信號:
[事件偵測]    2026-07-17: 0 篇 | T=0 D=0 R=0
[事件偵測]    2026-07-16: 0 篇 | T=0 D=0 R=0
[事件偵測]    2026-07-15: 0 篇 | T=0 D=0 R=0
[事件偵測]    2026-07-14: 0 篇 | T=0 D=0 R=0
[事件偵測]    2026-07-13: 0 篇 | T=0 D=0 R=0
[23:35:48]    事件偵測失敗: Expecting value: line 1 column 1 (char 0)
[23:35:48]    🪙 $TRUMP: $1.96 (-12.2%)
[23:35:48]    📊 Polymarket 快照: 360 個市場 (20 事件)
[23:35:48]    📊 Polymarket: 360 個市場已更新
[23:35:48] 驗證 1 個即時預測...
[23:40:52]    📡 三源抓取: CNN:50 → 合計 50 篇
[23:40:52]    沒有新推文
[事件偵測] 掃描最近 5 天的信號模式...
[事件偵測]    最近 5 天的信號:
[事件偵測]    2026-07-17: 0 篇 | T=0 D=0 R=0
[事件偵測]    2026-07-16: 0 篇 | T=0 D=0 R=0
[事件偵測]    2026-07-15: 0 篇 | T=0 D=0 R=0
[事件偵測]    2026-07-14: 0 篇 | T=0 D=0 R=0
[事件偵測]    2026-07-13: 0 篇 | T=0 D=0 R=0
[23:40:52]    事件偵測失敗: Expecting value: line 1 column 1 (char 0)
[23:40:52]    🪙 $TRUMP: $1.96 (-12.6%)
[23:40:52]    📊 Polymarket 快照: 360 個市場 (20 事件)
[23:40:52]    📊 Polymarket: 360 個市場已更新
[23:40:52] 驗證 1 個即時預測...
[23:45:56]    📡 三源抓取: CNN:50 → 合計 50 篇
[23:45:56]    沒有新推文
[事件偵測] 掃描最近 5 天的信號模式...
[事件偵測]    最近 5 天的信號:
[事件偵測]    2026-07-17: 0 篇 | T=0 D=0 R=0
[事件偵測]    2026-07-16: 0 篇 | T=0 D=0 R=0
[事件偵測]    2026-07-15: 0 篇 | T=0 D=0 R=0
[事件偵測]    2026-07-14: 0 篇 | T=0 D=0 R=0
[事件偵測]    2026-07-13: 0 篇 | T=0 D=0 R=0
[23:45:56]    事件偵測失敗: Expecting value: line 1 column 1 (char 0)
[23:45:56]    🪙 $TRUMP: $1.96 (-12.8%)
[23:45:56]    📊 Polymarket 快照: 360 個市場 (20 事件)
[23:45:56]    📊 Polymarket: 360 個市場已更新
[23:45:56] 驗證 1 個即時預測...
[23:50:59]    📡 三源抓取: CNN:50 → 合計 50 篇
[23:50:59]    沒有新推文
[事件偵測] 掃描最近 5 天的信號模式...
[事件偵測]    最近 5 天的信號:
[事件偵測]    2026-07-17: 0 篇 | T=0 D=0 R=0
[事件偵測]    2026-07-16: 0 篇 | T=0 D=0 R=0
[事件偵測]    2026-07-15: 0 篇 | T=0 D=0 R=0
[事件偵測]    2026-07-14: 0 篇 | T=0 D=0 R=0
[事件偵測]    2026-07-13: 0 篇 | T=0 D=0 R=0
[23:50:59]    事件偵測失敗: Expecting value: line 1 column 1 (char 0)
[23:51:00]    🪙 $TRUMP: $1.96 (-12.5%)
[23:51:00]    📊 Polymarket 快照: 360 個市場 (20 事件)
[23:51:00]    📊 Polymarket: 360 個市場已更新
[23:51:00] 驗證 1 個即時預測...
[23:56:03]    📡 三源抓取: CNN:50 → 合計 50 篇
[23:56:03]    沒有新推文
[事件偵測] 掃描最近 5 天的信號模式...
[事件偵測]    最近 5 天的信號:
[事件偵測]    2026-07-17: 0 篇 | T=0 D=0 R=0
[事件偵測]    2026-07-16: 0 篇 | T=0 D=0 R=0
[事件偵測]    2026-07-15: 0 篇 | T=0 D=0 R=0
[事件偵測]    2026-07-14: 0 篇 | T=0 D=0 R=0
[事件偵測]    2026-07-13: 0 篇 | T=0 D=0 R=0
[23:56:03]    事件偵測失敗: Expecting value: line 1 column 1 (char 0)
[23:56:03]    🪙 $TRUMP: $1.96 (-12.6%)
[23:56:04]    📊 Polymarket 快照: 360 個市場 (20 事件)
[23:56:04]    📊 Polymarket: 360 個市場已更新
[23:56:04] 驗證 1 個即時預測...
[00:01:07]    📡 三源抓取: CNN:50 → 合計 50 篇
[00:01:07]    沒有新推文
[事件偵測] 掃描最近 5 天的信號模式...
[事件偵測]    最近 5 天的信號:
[事件偵測]    2026-07-17: 0 篇 | T=0 D=0 R=0
[事件偵測]    2026-07-16: 0 篇 | T=0 D=0 R=0
[事件偵測]    2026-07-15: 0 篇 | T=0 D=0 R=0
[事件偵測]    2026-07-14: 0 篇 | T=0 D=0 R=0
[事件偵測]    2026-07-13: 0 篇 | T=0 D=0 R=0
[00:01:07]    事件偵測失敗: Expecting value: line 1 column 1 (char 0)
[00:01:08]    🪙 $TRUMP: $1.97 (-12.3%)
[00:01:08]    📊 Polymarket 快照: 360 個市場 (20 事件)
[00:01:08]    📊 Polymarket: 360 個市場已更新
[00:01:08] 驗證 1 個即時預測...
[00:06:11]    📡 三源抓取: CNN:50 → 合計 50 篇
[00:06:11]    沒有新推文
[事件偵測] 掃描最近 5 天的信號模式...
[事件偵測]    最近 5 天的信號:
[事件偵測]    2026-07-17: 0 篇 | T=0 D=0 R=0
[事件偵測]    2026-07-16: 0 篇 | T=0 D=0 R=0
[事件偵測]    2026-07-15: 0 篇 | T=0 D=0 R=0
[事件偵測]    2026-07-14: 0 篇 | T=0 D=0 R=0
[事件偵測]    2026-07-13: 0 篇 | T=0 D=0 R=0
[00:06:11]    事件偵測失敗: Expecting value: line 1 column 1 (char 0)
[00:06:12]    🪙 $TRUMP: $1.97 (-12.5%)
[00:06:12]    📊 Polymarket 快照: 360 個市場 (20 事件)
[00:06:12]    📊 Polymarket: 360 個市場已更新
[00:06:12] 驗證 1 個即時預測...
[00:11:15]    📡 三源抓取: CNN:50 → 合計 50 篇
[00:11:15]    沒有新推文
[事件偵測] 掃描最近 5 天的信號模式...
[事件偵測]    最近 5 天的信號:
[事件偵測]    2026-07-17: 0 篇 | T=0 D=0 R=0
[事件偵測]    2026-07-16: 0 篇 | T=0 D=0 R=0
[事件偵測]    2026-07-15: 0 篇 | T=0 D=0 R=0
[事件偵測]    2026-07-14: 0 篇 | T=0 D=0 R=0
[事件偵測]    2026-07-13: 0 篇 | T=0 D=0 R=0
[00:11:15]    事件偵測失敗: Expecting value: line 1 column 1 (char 0)
[00:11:15]    🪙 $TRUMP: $1.97 (-12.3%)
[00:11:16]    📊 Polymarket 快照: 360 個市場 (20 事件)
[00:11:16]    📊 Polymarket: 360 個市場已更新
[00:11:16] 驗證 1 個即時預測...
[00:16:20]    📡 三源抓取: CNN:50 → 合計 50 篇
[00:16:20]    沒有新推文
[事件偵測] 掃描最近 5 天的信號模式...
[事件偵測]    最近 5 天的信號:
[事件偵測]    2026-07-17: 0 篇 | T=0 D=0 R=0
[事件偵測]    2026-07-16: 0 篇 | T=0 D=0 R=0
[事件偵測]    2026-07-15: 0 篇 | T=0 D=0 R=0
[事件偵測]    2026-07-14: 0 篇 | T=0 D=0 R=0
[事件偵測]    2026-07-13: 0 篇 | T=0 D=0 R=0
[00:16:20]    事件偵測失敗: Expecting value: line 1 column 1 (char 0)
[00:16:20]    🪙 $TRUMP: $1.96 (-13.1%)
[00:16:20]    📊 Polymarket 快照: 360 個市場 (20 事件)
[00:16:20]    📊 Polymarket: 360 個市場已更新
[00:16:20] 驗證 1 個即時預測...
[00:21:23]    📡 三源抓取: CNN:50 → 合計 50 篇
[00:21:23]    沒有新推文
[事件偵測] 掃描最近 5 天的信號模式...
[事件偵測]    最近 5 天的信號:
[事件偵測]    2026-07-17: 0 篇 | T=0 D=0 R=0
[事件偵測]    2026-07-16: 0 篇 | T=0 D=0 R=0
[事件偵測]    2026-07-15: 0 篇 | T=0 D=0 R=0
[事件偵測]    2026-07-14: 0 篇 | T=0 D=0 R=0
[事件偵測]    2026-07-13: 0 篇 | T=0 D=0 R=0
[00:21:23]    事件偵測失敗: Expecting value: line 1 column 1 (char 0)
[00:21:23]    🪙 $TRUMP: $1.96 (-13.2%)
[00:21:23]    📊 Polymarket 快照: 360 個市場 (20 事件)
[00:21:23]    📊 Polymarket: 360 個市場已更新
[00:21:23] 驗證 1 個即時預測...
[00:26:27]    📡 三源抓取: CNN:50 → 合計 50 篇
[00:26:27] 🆕 偵測到 2 篇新推文！
[00:26:28]    📥 寫入 2 篇新推文到 trump_posts_all.json（總計 46135 篇）
[00:26:28]    📊 Polymarket 快照: 360 個市場 (20 事件)
[00:26:28]    🪙 $TRUMP: $1.97 (-12.9%)
[00:26:28]    📝 [00:21] The story that the White House, or me, want to affix my name to Ford's Theatre, ...
[00:26:28]    📝 [00:19] BIG DAY FOR BOEING AND AMERICAN MANUFACTURING! Today, Türkiye and Bangladesh ann...
[00:26:28]       信號: THREAT(65%), BULLISH(65%)
[00:26:28]       預測: PM NEUTRAL (30%) | 追蹤 5 個市場
[事件偵測] 掃描最近 5 天的信號模式...
[事件偵測]    最近 5 天的信號:
[事件偵測]    2026-07-17: 0 篇 | T=0 D=0 R=0
[事件偵測]    2026-07-16: 0 篇 | T=0 D=0 R=0
[事件偵測]    2026-07-15: 0 篇 | T=0 D=0 R=0
[事件偵測]    2026-07-14: 0 篇 | T=0 D=0 R=0
[事件偵測]    2026-07-13: 0 篇 | T=0 D=0 R=0
[00:26:28]    事件偵測失敗: Expecting value: line 1 column 1 (char 0)
[00:26:28]    🪙 $TRUMP: $1.97 (-12.9%)
[00:26:28]    📊 Polymarket 快照: 360 個市場 (20 事件)
[00:26:28]    📊 Polymarket: 360 個市場已更新
[00:26:28] 驗證 2 個即時預測...
[00:26:29] 📊 本輪: 2 新推文 | 1 預測 | 0 驗證
[00:31:31]    📡 三源抓取: CNN:50 → 合計 50 篇
[00:31:31]    沒有新推文
[事件偵測] 掃描最近 5 天的信號模式...
[事件偵測]    最近 5 天的信號:
[事件偵測]    2026-07-17: 0 篇 | T=0 D=0 R=0
[事件偵測]    2026-07-16: 0 篇 | T=0 D=0 R=0
[事件偵測]    2026-07-15: 0 篇 | T=0 D=0 R=0
[事件偵測]    2026-07-14: 0 篇 | T=0 D=0 R=0
[事件偵測]    2026-07-13: 0 篇 | T=0 D=0 R=0
[00:31:31]    事件偵測失敗: Expecting value: line 1 column 1 (char 0)
[00:31:31]    🪙 $TRUMP: $1.97 (-12.5%)
[00:31:32]    📊 Polymarket 快照: 360 個市場 (20 事件)
[00:31:32]    📊 Polymarket: 360 個市場已更新
[00:31:32] 驗證 2 個即時預測...
[00:36:34]    📡 三源抓取: CNN:50 → 合計 50 篇
[00:36:34]    沒有新推文
[事件偵測] 掃描最近 5 天的信號模式...
[事件偵測]    最近 5 天的信號:
[事件偵測]    2026-07-17: 0 篇 | T=0 D=0 R=0
[事件偵測]    2026-07-16: 0 篇 | T=0 D=0 R=0
[事件偵測]    2026-07-15: 0 篇 | T=0 D=0 R=0
[事件偵測]    2026-07-14: 0 篇 | T=0 D=0 R=0
[事件偵測]    2026-07-13: 0 篇 | T=0 D=0 R=0
[00:36:34]    事件偵測失敗: Expecting value: line 1 column 1 (char 0)
[00:36:34]    🪙 $TRUMP: $1.97 (-12.1%)
[00:36:35]    📊 Polymarket 快照: 360 個市場 (20 事件)
[00:36:35]    📊 Polymarket: 360 個市場已更新
[00:36:35] 驗證 2 個即時預測...
[00:41:48]    📡 三源抓取: CNN:50 → 合計 50 篇
[00:41:48]    沒有新推文
[事件偵測] 掃描最近 5 天的信號模式...
[事件偵測]    最近 5 天的信號:
[事件偵測]    2026-07-17: 0 篇 | T=0 D=0 R=0
[事件偵測]    2026-07-16: 0 篇 | T=0 D=0 R=0
[事件偵測]    2026-07-15: 0 篇 | T=0 D=0 R=0
[事件偵測]    2026-07-14: 0 篇 | T=0 D=0 R=0
[事件偵測]    2026-07-13: 0 篇 | T=0 D=0 R=0
[00:41:48]    事件偵測失敗: Expecting value: line 1 column 1 (char 0)
[00:41:49]    🪙 $TRUMP: $1.96 (-12.4%)
[00:41:49]    📊 Polymarket 快照: 360 個市場 (20 事件)
[00:41:49]    📊 Polymarket: 360 個市場已更新
[00:41:49] 驗證 2 個即時預測...
[00:46:51]    📡 三源抓取: CNN:50 → 合計 50 篇
[00:46:52]    沒有新推文
[事件偵測] 掃描最近 5 天的信號模式...
[事件偵測]    最近 5 天的信號:
[事件偵測]    2026-07-17: 0 篇 | T=0 D=0 R=0
[事件偵測]    2026-07-16: 0 篇 | T=0 D=0 R=0
[事件偵測]    2026-07-15: 0 篇 | T=0 D=0 R=0
[事件偵測]    2026-07-14: 0 篇 | T=0 D=0 R=0
[事件偵測]    2026-07-13: 0 篇 | T=0 D=0 R=0
[00:46:52]    事件偵測失敗: Expecting value: line 1 column 1 (char 0)
[00:46:52]    🪙 $TRUMP: $1.96 (-12.0%)
[00:46:52]    📊 Polymarket 快照: 360 個市場 (20 事件)
[00:46:52]    📊 Polymarket: 360 個市場已更新
[00:46:52] 驗證 2 個即時預測...
[00:51:55]    📡 三源抓取: CNN:50 → 合計 50 篇
[00:51:55]    沒有新推文
[事件偵測] 掃描最近 5 天的信號模式...
[事件偵測]    最近 5 天的信號:
[事件偵測]    2026-07-17: 0 篇 | T=0 D=0 R=0
[事件偵測]    2026-07-16: 0 篇 | T=0 D=0 R=0
[事件偵測]    2026-07-15: 0 篇 | T=0 D=0 R=0
[事件偵測]    2026-07-14: 0 篇 | T=0 D=0 R=0
[事件偵測]    2026-07-13: 0 篇 | T=0 D=0 R=0
[00:51:55]    事件偵測失敗: Expecting value: line 1 column 1 (char 0)
[00:51:55]    🪙 $TRUMP: $1.96 (-12.3%)
[00:51:55]    📊 Polymarket 快照: 360 個市場 (20 事件)
[00:51:55]    📊 Polymarket: 360 個市場已更新
[00:51:55] 驗證 2 個即時預測...
[00:56:58]    📡 三源抓取: CNN:50 → 合計 50 篇
[00:56:58]    沒有新推文
[事件偵測] 掃描最近 5 天的信號模式...
[事件偵測]    最近 5 天的信號:
[事件偵測]    2026-07-17: 0 篇 | T=0 D=0 R=0
[事件偵測]    2026-07-16: 0 篇 | T=0 D=0 R=0
[事件偵測]    2026-07-15: 0 篇 | T=0 D=0 R=0
[事件偵測]    2026-07-14: 0 篇 | T=0 D=0 R=0
[事件偵測]    2026-07-13: 0 篇 | T=0 D=0 R=0
[00:56:58]    事件偵測失敗: Expecting value: line 1 column 1 (char 0)
[00:56:58]    🪙 $TRUMP: $1.95 (-12.4%)
[00:56:59]    📊 Polymarket 快照: 360 個市場 (20 事件)
[00:56:59]    📊 Polymarket: 360 個市場已更新
[00:56:59] 驗證 2 個即時預測...
[01:02:02]    📡 三源抓取: CNN:50 → 合計 50 篇
[01:02:02]    沒有新推文
[事件偵測] 掃描最近 5 天的信號模式...
[事件偵測]    最近 5 天的信號:
[事件偵測]    2026-07-17: 0 篇 | T=0 D=0 R=0
[事件偵測]    2026-07-16: 0 篇 | T=0 D=0 R=0
[事件偵測]    2026-07-15: 0 篇 | T=0 D=0 R=0
[事件偵測]    2026-07-14: 0 篇 | T=0 D=0 R=0
[事件偵測]    2026-07-13: 0 篇 | T=0 D=0 R=0
[01:02:02]    事件偵測失敗: Expecting value: line 1 column 1 (char 0)
[01:02:02]    🪙 $TRUMP: $1.96 (-12.2%)
[01:02:03]    📊 Polymarket 快照: 360 個市場 (20 事件)
[01:02:03]    📊 Polymarket: 360 個市場已更新
[01:02:03] 驗證 2 個即時預測...
[01:07:07]    📡 三源抓取: CNN:50 → 合計 50 篇
[01:07:07]    沒有新推文
[事件偵測] 掃描最近 5 天的信號模式...
[事件偵測]    最近 5 天的信號:
[事件偵測]    2026-07-17: 0 篇 | T=0 D=0 R=0
[事件偵測]    2026-07-16: 0 篇 | T=0 D=0 R=0
[事件偵測]    2026-07-15: 0 篇 | T=0 D=0 R=0
[事件偵測]    2026-07-14: 0 篇 | T=0 D=0 R=0
[事件偵測]    2026-07-13: 0 篇 | T=0 D=0 R=0
[01:07:07]    事件偵測失敗: Expecting value: line 1 column 1 (char 0)
[01:07:07]    🪙 $TRUMP: $1.96 (-12.6%)
[01:07:07]    📊 Polymarket 快照: 360 個市場 (20 事件)
[01:07:07]    📊 Polymarket: 360 個市場已更新
[01:07:07] 驗證 2 個即時預測...
[01:12:11]    📡 三源抓取: CNN:50 → 合計 50 篇
[01:12:11]    沒有新推文
[事件偵測] 掃描最近 5 天的信號模式...
[事件偵測]    最近 5 天的信號:
[事件偵測]    2026-07-17: 0 篇 | T=0 D=0 R=0
[事件偵測]    2026-07-16: 0 篇 | T=0 D=0 R=0
[事件偵測]    2026-07-15: 0 篇 | T=0 D=0 R=0
[事件偵測]    2026-07-14: 0 篇 | T=0 D=0 R=0
[事件偵測]    2026-07-13: 0 篇 | T=0 D=0 R=0
[01:12:11]    事件偵測失敗: Expecting value: line 1 column 1 (char 0)
[01:12:11]    🪙 $TRUMP: $1.96 (-12.4%)
[01:12:12]    📊 Polymarket 快照: 418 個市場 (20 事件)
[01:12:12]    📊 Polymarket: 418 個市場已更新
[01:12:12] 驗證 2 個即時預測...
[01:17:16]    📡 三源抓取: CNN:50 → 合計 50 篇
[01:17:16]    沒有新推文
[事件偵測] 掃描最近 5 天的信號模式...
[事件偵測]    最近 5 天的信號:
[事件偵測]    2026-07-17: 0 篇 | T=0 D=0 R=0
[事件偵測]    2026-07-16: 0 篇 | T=0 D=0 R=0
[事件偵測]    2026-07-15: 0 篇 | T=0 D=0 R=0
[事件偵測]    2026-07-14: 0 篇 | T=0 D=0 R=0
[事件偵測]    2026-07-13: 0 篇 | T=0 D=0 R=0
[01:17:16]    事件偵測失敗: Expecting value: line 1 column 1 (char 0)
[01:17:16]    🪙 $TRUMP: $1.96 (-12.8%)
[01:17:16]    📊 Polymarket 快照: 418 個市場 (20 事件)
[01:17:16]    📊 Polymarket: 418 個市場已更新
[01:17:16] 驗證 2 個即時預測...
[01:22:20]    📡 三源抓取: CNN:50 → 合計 50 篇
[01:22:20]    沒有新推文
[事件偵測] 掃描最近 5 天的信號模式...
[事件偵測]    最近 5 天的信號:
[事件偵測]    2026-07-17: 0 篇 | T=0 D=0 R=0
[事件偵測]    2026-07-16: 0 篇 | T=0 D=0 R=0
[事件偵測]    2026-07-15: 0 篇 | T=0 D=0 R=0
[事件偵測]    2026-07-14: 0 篇 | T=0 D=0 R=0
[事件偵測]    2026-07-13: 0 篇 | T=0 D=0 R=0
[01:22:20]    事件偵測失敗: Expecting value: line 1 column 1 (char 0)
[01:22:20]    🪙 $TRUMP: $1.96 (-12.9%)
[01:22:20]    📊 Polymarket 快照: 418 個市場 (20 事件)
[01:22:20]    📊 Polymarket: 418 個市場已更新
[01:22:20] 驗證 2 個即時預測...
[01:27:23]    📡 三源抓取: CNN:50 → 合計 50 篇
[01:27:23]    沒有新推文
[事件偵測] 掃描最近 5 天的信號模式...
[事件偵測]    最近 5 天的信號:
[事件偵測]    2026-07-17: 0 篇 | T=0 D=0 R=0
[事件偵測]    2026-07-16: 0 篇 | T=0 D=0 R=0
[事件偵測]    2026-07-15: 0 篇 | T=0 D=0 R=0
[事件偵測]    2026-07-14: 0 篇 | T=0 D=0 R=0
[事件偵測]    2026-07-13: 0 篇 | T=0 D=0 R=0
[01:27:23]    事件偵測失敗: Expecting value: line 1 column 1 (char 0)
[01:27:23]    🪙 $TRUMP: $1.96 (-12.9%)
[01:27:24]    📊 Polymarket 快照: 418 個市場 (20 事件)
[01:27:24]    📊 Polymarket: 418 個市場已更新
[01:27:24] 驗證 2 個即時預測...
[01:32:27]    📡 三源抓取: CNN:50 → 合計 50 篇
[01:32:27]    沒有新推文
[事件偵測] 掃描最近 5 天的信號模式...
[事件偵測]    最近 5 天的信號:
[事件偵測]    2026-07-17: 0 篇 | T=0 D=0 R=0
[事件偵測]    2026-07-16: 0 篇 | T=0 D=0 R=0
[事件偵測]    2026-07-15: 0 篇 | T=0 D=0 R=0
[事件偵測]    2026-07-14: 0 篇 | T=0 D=0 R=0
[事件偵測]    2026-07-13: 0 篇 | T=0 D=0 R=0
[01:32:27]    事件偵測失敗: Expecting value: line 1 column 1 (char 0)
[01:32:27]    🪙 $TRUMP: $1.95 (-12.8%)
[01:32:28]    📊 Polymarket 快照: 418 個市場 (20 事件)
[01:32:28]    📊 Polymarket: 418 個市場已更新
[01:32:28] 驗證 2 個即時預測...
[01:37:31]    📡 三源抓取: CNN:50 → 合計 50 篇
[01:37:31]    沒有新推文
[事件偵測] 掃描最近 5 天的信號模式...
[事件偵測]    最近 5 天的信號:
[事件偵測]    2026-07-17: 0 篇 | T=0 D=0 R=0
[事件偵測]    2026-07-16: 0 篇 | T=0 D=0 R=0
[事件偵測]    2026-07-15: 0 篇 | T=0 D=0 R=0
[事件偵測]    2026-07-14: 0 篇 | T=0 D=0 R=0
[事件偵測]    2026-07-13: 0 篇 | T=0 D=0 R=0
[01:37:31]    事件偵測失敗: Expecting value: line 1 column 1 (char 0)
[01:37:31]    🪙 $TRUMP: $1.96 (-11.8%)
[01:37:32]    📊 Polymarket 快照: 418 個市場 (20 事件)
[01:37:32]    📊 Polymarket: 418 個市場已更新
[01:37:32] 驗證 2 個即時預測...
[01:42:36]    📡 三源抓取: CNN:50 → 合計 50 篇
[01:42:36]    沒有新推文
[事件偵測] 掃描最近 5 天的信號模式...
[事件偵測]    最近 5 天的信號:
[事件偵測]    2026-07-17: 0 篇 | T=0 D=0 R=0
[事件偵測]    2026-07-16: 0 篇 | T=0 D=0 R=0
[事件偵測]    2026-07-15: 0 篇 | T=0 D=0 R=0
[事件偵測]    2026-07-14: 0 篇 | T=0 D=0 R=0
[事件偵測]    2026-07-13: 0 篇 | T=0 D=0 R=0
[01:42:36]    事件偵測失敗: Expecting value: line 1 column 1 (char 0)
[01:42:36]    🪙 $TRUMP: $1.96 (-11.9%)
[01:42:37]    📊 Polymarket 快照: 418 個市場 (20 事件)
[01:42:37]    📊 Polymarket: 418 個市場已更新
[01:42:37] 驗證 2 個即時預測...
[01:47:40]    📡 三源抓取: CNN:50 → 合計 50 篇
[01:47:40]    沒有新推文
[事件偵測] 掃描最近 5 天的信號模式...
[事件偵測]    最近 5 天的信號:
[事件偵測]    2026-07-17: 0 篇 | T=0 D=0 R=0
[事件偵測]    2026-07-16: 0 篇 | T=0 D=0 R=0
[事件偵測]    2026-07-15: 0 篇 | T=0 D=0 R=0
[事件偵測]    2026-07-14: 0 篇 | T=0 D=0 R=0
[事件偵測]    2026-07-13: 0 篇 | T=0 D=0 R=0
[01:47:40]    事件偵測失敗: Expecting value: line 1 column 1 (char 0)
[01:47:40]    🪙 $TRUMP: $1.95 (-11.9%)
[01:47:41]    📊 Polymarket 快照: 418 個市場 (20 事件)
[01:47:41]    📊 Polymarket: 418 個市場已更新
[01:47:41] 驗證 2 個即時預測...
[01:52:45]    📡 三源抓取: CNN:50 → 合計 50 篇
[01:52:45]    沒有新推文
[事件偵測] 掃描最近 5 天的信號模式...
[事件偵測]    最近 5 天的信號:
[事件偵測]    2026-07-17: 0 篇 | T=0 D=0 R=0
[事件偵測]    2026-07-16: 0 篇 | T=0 D=0 R=0
[事件偵測]    2026-07-15: 0 篇 | T=0 D=0 R=0
[事件偵測]    2026-07-14: 0 篇 | T=0 D=0 R=0
[事件偵測]    2026-07-13: 0 篇 | T=0 D=0 R=0
[01:52:45]    事件偵測失敗: Expecting value: line 1 column 1 (char 0)
[01:52:45]    🪙 $TRUMP: $1.95 (-11.7%)
[01:52:45]    📊 Polymarket 快照: 418 個市場 (20 事件)
[01:52:45]    📊 Polymarket: 418 個市場已更新
[01:52:45] 驗證 2 個即時預測...
[01:57:50]    📡 三源抓取: CNN:50 → 合計 50 篇
[01:57:50]    沒有新推文
[事件偵測] 掃描最近 5 天的信號模式...
[事件偵測]    最近 5 天的信號:
[事件偵測]    2026-07-17: 0 篇 | T=0 D=0 R=0
[事件偵測]    2026-07-16: 0 篇 | T=0 D=0 R=0
[事件偵測]    2026-07-15: 0 篇 | T=0 D=0 R=0
[事件偵測]    2026-07-14: 0 篇 | T=0 D=0 R=0
[事件偵測]    2026-07-13: 0 篇 | T=0 D=0 R=0
[01:57:50]    事件偵測失敗: Expecting value: line 1 column 1 (char 0)
[01:57:50]    🪙 $TRUMP: $1.96 (-11.3%)
[01:57:50]    📊 Polymarket 快照: 418 個市場 (20 事件)
[01:57:50]    📊 Polymarket: 418 個市場已更新
[01:57:50] 驗證 2 個即時預測...
[02:02:55]    📡 三源抓取: CNN:50 → 合計 50 篇
[02:02:55]    沒有新推文
[事件偵測] 掃描最近 5 天的信號模式...
[事件偵測]    最近 5 天的信號:
[事件偵測]    2026-07-17: 0 篇 | T=0 D=0 R=0
[事件偵測]    2026-07-16: 0 篇 | T=0 D=0 R=0
[事件偵測]    2026-07-15: 0 篇 | T=0 D=0 R=0
[事件偵測]    2026-07-14: 0 篇 | T=0 D=0 R=0
[事件偵測]    2026-07-13: 0 篇 | T=0 D=0 R=0
[02:02:55]    事件偵測失敗: Expecting value: line 1 column 1 (char 0)
[02:02:55]    🪙 $TRUMP: $1.95 (-11.2%)
[02:02:55]    📊 Polymarket 快照: 418 個市場 (20 事件)
[02:02:55]    📊 Polymarket: 418 個市場已更新
[02:02:55] 驗證 2 個即時預測...
[02:07:59]    📡 三源抓取: CNN:50 → 合計 50 篇
[02:07:59]    沒有新推文
[事件偵測] 掃描最近 5 天的信號模式...
[事件偵測]    最近 5 天的信號:
[事件偵測]    2026-07-17: 0 篇 | T=0 D=0 R=0
[事件偵測]    2026-07-16: 0 篇 | T=0 D=0 R=0
[事件偵測]    2026-07-15: 0 篇 | T=0 D=0 R=0
[事件偵測]    2026-07-14: 0 篇 | T=0 D=0 R=0
[事件偵測]    2026-07-13: 0 篇 | T=0 D=0 R=0
[02:07:59]    事件偵測失敗: Expecting value: line 1 column 1 (char 0)
[02:07:59]    🪙 $TRUMP: $1.95 (-11.3%)
[02:07:59]    📊 Polymarket 快照: 418 個市場 (20 事件)
[02:07:59]    📊 Polymarket: 418 個市場已更新
[02:07:59] 驗證 2 個即時預測...
[02:13:02]    📡 三源抓取: CNN:50 → 合計 50 篇
[02:13:02]    沒有新推文
[事件偵測] 掃描最近 5 天的信號模式...
[事件偵測]    最近 5 天的信號:
[事件偵測]    2026-07-17: 0 篇 | T=0 D=0 R=0
[事件偵測]    2026-07-16: 0 篇 | T=0 D=0 R=0
[事件偵測]    2026-07-15: 0 篇 | T=0 D=0 R=0
[事件偵測]    2026-07-14: 0 篇 | T=0 D=0 R=0
[事件偵測]    2026-07-13: 0 篇 | T=0 D=0 R=0
[02:13:02]    事件偵測失敗: Expecting value: line 1 column 1 (char 0)
[02:13:03]    🪙 $TRUMP: $1.94 (-11.7%)
[02:13:03]    📊 Polymarket 快照: 438 個市場 (20 事件)
[02:13:03]    📊 Polymarket: 438 個市場已更新
[02:13:03] 驗證 2 個即時預測...
[02:18:06]    📡 三源抓取: CNN:50 → 合計 50 篇
[02:18:06]    沒有新推文
[事件偵測] 掃描最近 5 天的信號模式...
[事件偵測]    最近 5 天的信號:
[事件偵測]    2026-07-17: 0 篇 | T=0 D=0 R=0
[事件偵測]    2026-07-16: 0 篇 | T=0 D=0 R=0
[事件偵測]    2026-07-15: 0 篇 | T=0 D=0 R=0
[事件偵測]    2026-07-14: 0 篇 | T=0 D=0 R=0
[事件偵測]    2026-07-13: 0 篇 | T=0 D=0 R=0
[02:18:06]    事件偵測失敗: Expecting value: line 1 column 1 (char 0)
[02:18:07]    🪙 $TRUMP: $1.95 (-11.3%)
[02:18:07]    📊 Polymarket 快照: 438 個市場 (20 事件)
[02:18:07]    📊 Polymarket: 438 個市場已更新
[02:18:07] 驗證 2 個即時預測...
[02:23:11]    📡 三源抓取: CNN:50 → 合計 50 篇
[02:23:11]    沒有新推文
[事件偵測] 掃描最近 5 天的信號模式...
[事件偵測]    最近 5 天的信號:
[事件偵測]    2026-07-17: 0 篇 | T=0 D=0 R=0
[事件偵測]    2026-07-16: 0 篇 | T=0 D=0 R=0
[事件偵測]    2026-07-15: 0 篇 | T=0 D=0 R=0
[事件偵測]    2026-07-14: 0 篇 | T=0 D=0 R=0
[事件偵測]    2026-07-13: 0 篇 | T=0 D=0 R=0
[02:23:11]    事件偵測失敗: Expecting value: line 1 column 1 (char 0)
[02:23:11]    🪙 $TRUMP: $1.96 (-11.5%)
[02:23:11]    📊 Polymarket 快照: 438 個市場 (20 事件)
[02:23:11]    📊 Polymarket: 438 個市場已更新
[02:23:11] 驗證 2 個即時預測...
[02:28:15]    📡 三源抓取: CNN:50 → 合計 50 篇
[02:28:15]    沒有新推文
[事件偵測] 掃描最近 5 天的信號模式...
[事件偵測]    最近 5 天的信號:
[事件偵測]    2026-07-17: 0 篇 | T=0 D=0 R=0
[事件偵測]    2026-07-16: 0 篇 | T=0 D=0 R=0
[事件偵測]    2026-07-15: 0 篇 | T=0 D=0 R=0
[事件偵測]    2026-07-14: 0 篇 | T=0 D=0 R=0
[事件偵測]    2026-07-13: 0 篇 | T=0 D=0 R=0
[02:28:15]    事件偵測失敗: Expecting value: line 1 column 1 (char 0)
[02:28:15]    🪙 $TRUMP: $1.96 (-11.3%)
[02:28:15]    📊 Polymarket 快照: 438 個市場 (20 事件)
[02:28:15]    📊 Polymarket: 438 個市場已更新
[02:28:15] 驗證 2 個即時預測...
[02:33:19]    📡 三源抓取: CNN:50 → 合計 50 篇
[02:33:19]    沒有新推文
[事件偵測] 掃描最近 5 天的信號模式...
[事件偵測]    最近 5 天的信號:
[事件偵測]    2026-07-17: 0 篇 | T=0 D=0 R=0
[事件偵測]    2026-07-16: 0 篇 | T=0 D=0 R=0
[事件偵測]    2026-07-15: 0 篇 | T=0 D=0 R=0
[事件偵測]    2026-07-14: 0 篇 | T=0 D=0 R=0
[事件偵測]    2026-07-13: 0 篇 | T=0 D=0 R=0
[02:33:19]    事件偵測失敗: Expecting value: line 1 column 1 (char 0)
[02:33:20]    🪙 $TRUMP: $1.96 (-11.4%)
[02:33:20]    📊 Polymarket 快照: 438 個市場 (20 事件)
[02:33:20]    📊 Polymarket: 438 個市場已更新
[02:33:20] 驗證 2 個即時預測...
[02:38:23]    📡 三源抓取: CNN:50 → 合計 50 篇
[02:38:23]    沒有新推文
[事件偵測] 掃描最近 5 天的信號模式...
[事件偵測]    最近 5 天的信號:
[事件偵測]    2026-07-17: 0 篇 | T=0 D=0 R=0
[事件偵測]    2026-07-16: 0 篇 | T=0 D=0 R=0
[事件偵測]    2026-07-15: 0 篇 | T=0 D=0 R=0
[事件偵測]    2026-07-14: 0 篇 | T=0 D=0 R=0
[事件偵測]    2026-07-13: 0 篇 | T=0 D=0 R=0
[02:38:23]    事件偵測失敗: Expecting value: line 1 column 1 (char 0)
[02:38:23]    🪙 $TRUMP: $1.96 (-11.3%)
[02:38:24]    📊 Polymarket 快照: 438 個市場 (20 事件)
[02:38:24]    📊 Polymarket: 438 個市場已更新
[02:38:24] 驗證 2 個即時預測...
[02:43:27]    📡 三源抓取: CNN:50 → 合計 50 篇
[02:43:27]    沒有新推文
[事件偵測] 掃描最近 5 天的信號模式...
[事件偵測]    最近 5 天的信號:
[事件偵測]    2026-07-17: 0 篇 | T=0 D=0 R=0
[事件偵測]    2026-07-16: 0 篇 | T=0 D=0 R=0
[事件偵測]    2026-07-15: 0 篇 | T=0 D=0 R=0
[事件偵測]    2026-07-14: 0 篇 | T=0 D=0 R=0
[事件偵測]    2026-07-13: 0 篇 | T=0 D=0 R=0
[02:43:27]    事件偵測失敗: Expecting value: line 1 column 1 (char 0)
[02:43:27]    🪙 $TRUMP: $1.96 (-11.2%)
[02:43:28]    📊 Polymarket 快照: 438 個市場 (20 事件)
[02:43:28]    📊 Polymarket: 438 個市場已更新
[02:43:28] 驗證 2 個即時預測...
[02:48:32]    📡 三源抓取: CNN:50 → 合計 50 篇
[02:48:32]    沒有新推文
[事件偵測] 掃描最近 5 天的信號模式...
[事件偵測]    最近 5 天的信號:
[事件偵測]    2026-07-17: 0 篇 | T=0 D=0 R=0
[事件偵測]    2026-07-16: 0 篇 | T=0 D=0 R=0
[事件偵測]    2026-07-15: 0 篇 | T=0 D=0 R=0
[事件偵測]    2026-07-14: 0 篇 | T=0 D=0 R=0
[事件偵測]    2026-07-13: 0 篇 | T=0 D=0 R=0
[02:48:32]    事件偵測失敗: Expecting value: line 1 column 1 (char 0)
[02:48:32]    🪙 $TRUMP: $1.97 (-11.2%)
[02:48:32]    📊 Polymarket 快照: 438 個市場 (20 事件)
[02:48:32]    📊 Polymarket: 438 個市場已更新
[02:48:32] 驗證 2 個即時預測...
[02:53:36]    📡 三源抓取: CNN:50 → 合計 50 篇
[02:53:36]    沒有新推文
[事件偵測] 掃描最近 5 天的信號模式...
[事件偵測]    最近 5 天的信號:
[事件偵測]    2026-07-17: 0 篇 | T=0 D=0 R=0
[事件偵測]    2026-07-16: 0 篇 | T=0 D=0 R=0
[事件偵測]    2026-07-15: 0 篇 | T=0 D=0 R=0
[事件偵測]    2026-07-14: 0 篇 | T=0 D=0 R=0
[事件偵測]    2026-07-13: 0 篇 | T=0 D=0 R=0
[02:53:36]    事件偵測失敗: Expecting value: line 1 column 1 (char 0)
[02:53:36]    🪙 $TRUMP: $1.98 (-10.7%)
[02:53:36]    📊 Polymarket 快照: 438 個市場 (20 事件)
[02:53:36]    📊 Polymarket: 438 個市場已更新
[02:53:36] 驗證 2 個即時預測...
[02:58:40]    📡 三源抓取: CNN:50 → 合計 50 篇
[02:58:40]    沒有新推文
[事件偵測] 掃描最近 5 天的信號模式...
[事件偵測]    最近 5 天的信號:
[事件偵測]    2026-07-17: 0 篇 | T=0 D=0 R=0
[事件偵測]    2026-07-16: 0 篇 | T=0 D=0 R=0
[事件偵測]    2026-07-15: 0 篇 | T=0 D=0 R=0
[事件偵測]    2026-07-14: 0 篇 | T=0 D=0 R=0
[事件偵測]    2026-07-13: 0 篇 | T=0 D=0 R=0
[02:58:40]    事件偵測失敗: Expecting value: line 1 column 1 (char 0)
[02:58:41]    🪙 $TRUMP: $1.98 (-11.2%)
[02:58:41]    📊 Polymarket 快照: 438 個市場 (20 事件)
[02:58:41]    📊 Polymarket: 438 個市場已更新
[02:58:41] 驗證 2 個即時預測...
[03:03:45]    📡 三源抓取: CNN:50 → 合計 50 篇
[03:03:45]    沒有新推文
[事件偵測] 掃描最近 5 天的信號模式...
[事件偵測]    最近 5 天的信號:
[事件偵測]    2026-07-17: 0 篇 | T=0 D=0 R=0
[事件偵測]    2026-07-16: 0 篇 | T=0 D=0 R=0
[事件偵測]    2026-07-15: 0 篇 | T=0 D=0 R=0
[事件偵測]    2026-07-14: 0 篇 | T=0 D=0 R=0
[事件偵測]    2026-07-13: 0 篇 | T=0 D=0 R=0
[03:03:45]    事件偵測失敗: Expecting value: line 1 column 1 (char 0)
[03:03:46]    🪙 $TRUMP: $1.98 (-11.3%)
[03:03:46]    📊 Polymarket 快照: 438 個市場 (20 事件)
[03:03:46]    📊 Polymarket: 438 個市場已更新
[03:03:46] 驗證 2 個即時預測...
[03:08:49]    📡 三源抓取: CNN:50 → 合計 50 篇
[03:08:49]    沒有新推文
[事件偵測] 掃描最近 5 天的信號模式...
[事件偵測]    最近 5 天的信號:
[事件偵測]    2026-07-17: 0 篇 | T=0 D=0 R=0
[事件偵測]    2026-07-16: 0 篇 | T=0 D=0 R=0
[事件偵測]    2026-07-15: 0 篇 | T=0 D=0 R=0
[事件偵測]    2026-07-14: 0 篇 | T=0 D=0 R=0
[事件偵測]    2026-07-13: 0 篇 | T=0 D=0 R=0
[03:08:49]    事件偵測失敗: Expecting value: line 1 column 1 (char 0)
[03:08:49]    🪙 $TRUMP: $1.99 (-10.6%)
[03:08:49]    📊 Polymarket 快照: 438 個市場 (20 事件)
[03:08:49]    📊 Polymarket: 438 個市場已更新
[03:08:49] 驗證 2 個即時預測...
[03:13:53]    📡 三源抓取: CNN:50 → 合計 50 篇
[03:13:53]    沒有新推文
[事件偵測] 掃描最近 5 天的信號模式...
[事件偵測]    最近 5 天的信號:
[事件偵測]    2026-07-17: 0 篇 | T=0 D=0 R=0
[事件偵測]    2026-07-16: 0 篇 | T=0 D=0 R=0
[事件偵測]    2026-07-15: 0 篇 | T=0 D=0 R=0
[事件偵測]    2026-07-14: 0 篇 | T=0 D=0 R=0
[事件偵測]    2026-07-13: 0 篇 | T=0 D=0 R=0
[03:13:53]    事件偵測失敗: Expecting value: line 1 column 1 (char 0)
[03:13:54]    🪙 $TRUMP: $1.98 (-11.5%)
[03:13:54]    📊 Polymarket 快照: 438 個市場 (20 事件)
[03:13:54]    📊 Polymarket: 438 個市場已更新
[03:13:54] 驗證 2 個即時預測...
[03:18:58]    📡 三源抓取: CNN:50 → 合計 50 篇
[03:18:58]    沒有新推文
[事件偵測] 掃描最近 5 天的信號模式...
[事件偵測]    最近 5 天的信號:
[事件偵測]    2026-07-17: 0 篇 | T=0 D=0 R=0
[事件偵測]    2026-07-16: 0 篇 | T=0 D=0 R=0
[事件偵測]    2026-07-15: 0 篇 | T=0 D=0 R=0
[事件偵測]    2026-07-14: 0 篇 | T=0 D=0 R=0
[事件偵測]    2026-07-13: 0 篇 | T=0 D=0 R=0
[03:18:58]    事件偵測失敗: Expecting value: line 1 column 1 (char 0)
[03:18:58]    🪙 $TRUMP: $1.98 (-11.5%)
[03:18:58]    📊 Polymarket 快照: 438 個市場 (20 事件)
[03:18:58]    📊 Polymarket: 438 個市場已更新
[03:18:58] 驗證 2 個即時預測...
[03:24:02]    📡 三源抓取: CNN:50 → 合計 50 篇
[03:24:02]    沒有新推文
[事件偵測] 掃描最近 5 天的信號模式...
[事件偵測]    最近 5 天的信號:
[事件偵測]    2026-07-17: 0 篇 | T=0 D=0 R=0
[事件偵測]    2026-07-16: 0 篇 | T=0 D=0 R=0
[事件偵測]    2026-07-15: 0 篇 | T=0 D=0 R=0
[事件偵測]    2026-07-14: 0 篇 | T=0 D=0 R=0
[事件偵測]    2026-07-13: 0 篇 | T=0 D=0 R=0
[03:24:02]    事件偵測失敗: Expecting value: line 1 column 1 (char 0)
[03:24:02]    🪙 $TRUMP: $1.98 (-11.8%)
[03:24:03]    📊 Polymarket 快照: 438 個市場 (20 事件)
[03:24:03]    📊 Polymarket: 438 個市場已更新
[03:24:03] 驗證 2 個即時預測...
[03:29:06]    📡 三源抓取: CNN:50 → 合計 50 篇
[03:29:06]    沒有新推文
[事件偵測] 掃描最近 5 天的信號模式...
[事件偵測]    最近 5 天的信號:
[事件偵測]    2026-07-17: 0 篇 | T=0 D=0 R=0
[事件偵測]    2026-07-16: 0 篇 | T=0 D=0 R=0
[事件偵測]    2026-07-15: 0 篇 | T=0 D=0 R=0
[事件偵測]    2026-07-14: 0 篇 | T=0 D=0 R=0
[事件偵測]    2026-07-13: 0 篇 | T=0 D=0 R=0
[03:29:06]    事件偵測失敗: Expecting value: line 1 column 1 (char 0)
[03:29:06]    🪙 $TRUMP: $1.97 (-12.1%)
[03:29:06]    📊 Polymarket 快照: 438 個市場 (20 事件)
[03:29:06]    📊 Polymarket: 438 個市場已更新
[03:29:06] 驗證 2 個即時預測...
[03:34:11]    📡 三源抓取: CNN:50 → 合計 50 篇
[03:34:11]    沒有新推文
[事件偵測] 掃描最近 5 天的信號模式...
[事件偵測]    最近 5 天的信號:
[事件偵測]    2026-07-17: 0 篇 | T=0 D=0 R=0
[事件偵測]    2026-07-16: 0 篇 | T=0 D=0 R=0
[事件偵測]    2026-07-15: 0 篇 | T=0 D=0 R=0
[事件偵測]    2026-07-14: 0 篇 | T=0 D=0 R=0
[事件偵測]    2026-07-13: 0 篇 | T=0 D=0 R=0
[03:34:11]    事件偵測失敗: Expecting value: line 1 column 1 (char 0)
[03:34:11]    🪙 $TRUMP: $1.97 (-12.0%)
[03:34:12]    📊 Polymarket 快照: 438 個市場 (20 事件)
[03:34:12]    📊 Polymarket: 438 個市場已更新
[03:34:12] 驗證 2 個即時預測...
[03:39:16]    📡 三源抓取: CNN:50 → 合計 50 篇
[03:39:16]    沒有新推文
[事件偵測] 掃描最近 5 天的信號模式...
[事件偵測]    最近 5 天的信號:
[事件偵測]    2026-07-17: 0 篇 | T=0 D=0 R=0
[事件偵測]    2026-07-16: 0 篇 | T=0 D=0 R=0
[事件偵測]    2026-07-15: 0 篇 | T=0 D=0 R=0
[事件偵測]    2026-07-14: 0 篇 | T=0 D=0 R=0
[事件偵測]    2026-07-13: 0 篇 | T=0 D=0 R=0
[03:39:16]    事件偵測失敗: Expecting value: line 1 column 1 (char 0)
[03:39:16]    🪙 $TRUMP: $1.97 (-12.3%)
[03:39:16]    📊 Polymarket 快照: 438 個市場 (20 事件)
[03:39:16]    📊 Polymarket: 438 個市場已更新
[03:39:16] 驗證 2 個即時預測...
[03:44:20]    📡 三源抓取: CNN:50 → 合計 50 篇
[03:44:20]    沒有新推文
[事件偵測] 掃描最近 5 天的信號模式...
[事件偵測]    最近 5 天的信號:
[事件偵測]    2026-07-17: 0 篇 | T=0 D=0 R=0
[事件偵測]    2026-07-16: 0 篇 | T=0 D=0 R=0
[事件偵測]    2026-07-15: 0 篇 | T=0 D=0 R=0
[事件偵測]    2026-07-14: 0 篇 | T=0 D=0 R=0
[事件偵測]    2026-07-13: 0 篇 | T=0 D=0 R=0
[03:44:20]    事件偵測失敗: Expecting value: line 1 column 1 (char 0)
[03:44:20]    🪙 $TRUMP: $1.97 (-12.7%)
[03:44:20]    📊 Polymarket 快照: 438 個市場 (20 事件)
[03:44:20]    📊 Polymarket: 438 個市場已更新
[03:44:20] 驗證 2 個即時預測...
[03:49:24]    📡 三源抓取: CNN:50 → 合計 50 篇
[03:49:24]    沒有新推文
[事件偵測] 掃描最近 5 天的信號模式...
[事件偵測]    最近 5 天的信號:
[事件偵測]    2026-07-17: 0 篇 | T=0 D=0 R=0
[事件偵測]    2026-07-16: 0 篇 | T=0 D=0 R=0
[事件偵測]    2026-07-15: 0 篇 | T=0 D=0 R=0
[事件偵測]    2026-07-14: 0 篇 | T=0 D=0 R=0
[事件偵測]    2026-07-13: 0 篇 | T=0 D=0 R=0
[03:49:24]    事件偵測失敗: Expecting value: line 1 column 1 (char 0)
[03:49:24]    🪙 $TRUMP: $1.97 (-12.5%)
[03:49:25]    📊 Polymarket 快照: 438 個市場 (20 事件)
[03:49:25]    📊 Polymarket: 438 個市場已更新
[03:49:25] 驗證 2 個即時預測...
[03:54:30]    📡 三源抓取: CNN:50 → 合計 50 篇
[03:54:30]    沒有新推文
[事件偵測] 掃描最近 5 天的信號模式...
[事件偵測]    最近 5 天的信號:
[事件偵測]    2026-07-17: 0 篇 | T=0 D=0 R=0
[事件偵測]    2026-07-16: 0 篇 | T=0 D=0 R=0
[事件偵測]    2026-07-15: 0 篇 | T=0 D=0 R=0
[事件偵測]    2026-07-14: 0 篇 | T=0 D=0 R=0
[事件偵測]    2026-07-13: 0 篇 | T=0 D=0 R=0
[03:54:30]    事件偵測失敗: Expecting value: line 1 column 1 (char 0)
[03:54:30]    🪙 $TRUMP: $1.97 (-12.6%)
[03:54:30]    📊 Polymarket 快照: 438 個市場 (20 事件)
[03:54:30]    📊 Polymarket: 438 個市場已更新
[03:54:30] 驗證 2 個即時預測...
[03:59:34]    📡 三源抓取: CNN:50 → 合計 50 篇
[03:59:34]    沒有新推文
[事件偵測] 掃描最近 5 天的信號模式...
[事件偵測]    最近 5 天的信號:
[事件偵測]    2026-07-17: 0 篇 | T=0 D=0 R=0
[事件偵測]    2026-07-16: 0 篇 | T=0 D=0 R=0
[事件偵測]    2026-07-15: 0 篇 | T=0 D=0 R=0
[事件偵測]    2026-07-14: 0 篇 | T=0 D=0 R=0
[事件偵測]    2026-07-13: 0 篇 | T=0 D=0 R=0
[03:59:34]    事件偵測失敗: Expecting value: line 1 column 1 (char 0)
[03:59:35]    🪙 $TRUMP: $1.96 (-12.5%)
[03:59:35]    📊 Polymarket 快照: 438 個市場 (20 事件)
[03:59:35]    📊 Polymarket: 438 個市場已更新
[03:59:35] 驗證 2 個即時預測...
[04:04:39]    📡 三源抓取: CNN:50 → 合計 50 篇
[04:04:39]    沒有新推文
[事件偵測] 掃描最近 5 天的信號模式...
[事件偵測]    最近 5 天的信號:
[事件偵測]    2026-07-17: 0 篇 | T=0 D=0 R=0
[事件偵測]    2026-07-16: 0 篇 | T=0 D=0 R=0
[事件偵測]    2026-07-15: 0 篇 | T=0 D=0 R=0
[事件偵測]    2026-07-14: 0 篇 | T=0 D=0 R=0
[事件偵測]    2026-07-13: 0 篇 | T=0 D=0 R=0
[04:04:39]    事件偵測失敗: Expecting value: line 1 column 1 (char 0)
[04:04:39]    🪙 $TRUMP: $1.96 (-12.3%)
[04:04:39]    📊 Polymarket 快照: 438 個市場 (20 事件)
[04:04:39]    📊 Polymarket: 438 個市場已更新
[04:04:39] 驗證 2 個即時預測...
[04:09:44]    📡 三源抓取: CNN:50 → 合計 50 篇
[04:09:44]    沒有新推文
[事件偵測] 掃描最近 5 天的信號模式...
[事件偵測]    最近 5 天的信號:
[事件偵測]    2026-07-17: 0 篇 | T=0 D=0 R=0
[事件偵測]    2026-07-16: 0 篇 | T=0 D=0 R=0
[事件偵測]    2026-07-15: 0 篇 | T=0 D=0 R=0
[事件偵測]    2026-07-14: 0 篇 | T=0 D=0 R=0
[事件偵測]    2026-07-13: 0 篇 | T=0 D=0 R=0
[04:09:44]    事件偵測失敗: Expecting value: line 1 column 1 (char 0)
[04:09:45]    🪙 $TRUMP: $1.97 (-12.1%)
[04:09:45]    📊 Polymarket 快照: 438 個市場 (20 事件)
[04:09:45]    📊 Polymarket: 438 個市場已更新
[04:09:45] 驗證 2 個即時預測...
[04:14:48]    📡 三源抓取: CNN:50 → 合計 50 篇
[04:14:48]    沒有新推文
[事件偵測] 掃描最近 5 天的信號模式...
[事件偵測]    最近 5 天的信號:
[事件偵測]    2026-07-17: 0 篇 | T=0 D=0 R=0
[事件偵測]    2026-07-16: 0 篇 | T=0 D=0 R=0
[事件偵測]    2026-07-15: 0 篇 | T=0 D=0 R=0
[事件偵測]    2026-07-14: 0 篇 | T=0 D=0 R=0
[事件偵測]    2026-07-13: 0 篇 | T=0 D=0 R=0
[04:14:48]    事件偵測失敗: Expecting value: line 1 column 1 (char 0)
[04:14:49]    🪙 $TRUMP: $1.97 (-12.5%)
[04:14:49]    📊 Polymarket 快照: 438 個市場 (20 事件)
[04:14:49]    📊 Polymarket: 438 個市場已更新
[04:14:49] 驗證 2 個即時預測...
[04:19:53]    📡 三源抓取: CNN:50 → 合計 50 篇
[04:19:53]    沒有新推文
[事件偵測] 掃描最近 5 天的信號模式...
[事件偵測]    最近 5 天的信號:
[事件偵測]    2026-07-17: 0 篇 | T=0 D=0 R=0
[事件偵測]    2026-07-16: 0 篇 | T=0 D=0 R=0
[事件偵測]    2026-07-15: 0 篇 | T=0 D=0 R=0
[事件偵測]    2026-07-14: 0 篇 | T=0 D=0 R=0
[事件偵測]    2026-07-13: 0 篇 | T=0 D=0 R=0
[04:19:53]    事件偵測失敗: Expecting value: line 1 column 1 (char 0)
[04:19:54]    🪙 $TRUMP: $1.97 (-12.5%)
[04:19:54]    📊 Polymarket 快照: 438 個市場 (20 事件)
[04:19:54]    📊 Polymarket: 438 個市場已更新
[04:19:54] 驗證 2 個即時預測...
[04:24:58]    📡 三源抓取: CNN:50 → 合計 50 篇
[04:24:58]    沒有新推文
[事件偵測] 掃描最近 5 天的信號模式...
[事件偵測]    最近 5 天的信號:
[事件偵測]    2026-07-17: 0 篇 | T=0 D=0 R=0
[事件偵測]    2026-07-16: 0 篇 | T=0 D=0 R=0
[事件偵測]    2026-07-15: 0 篇 | T=0 D=0 R=0
[事件偵測]    2026-07-14: 0 篇 | T=0 D=0 R=0
[事件偵測]    2026-07-13: 0 篇 | T=0 D=0 R=0
[04:24:58]    事件偵測失敗: Expecting value: line 1 column 1 (char 0)
[04:24:58]    🪙 $TRUMP: $1.97 (-13.0%)
[04:24:58]    📊 Polymarket 快照: 438 個市場 (20 事件)
[04:24:58]    📊 Polymarket: 438 個市場已更新
[04:24:58] 驗證 2 個即時預測...
[04:30:03]    📡 三源抓取: CNN:50 → 合計 50 篇
[04:30:03]    沒有新推文
[事件偵測] 掃描最近 5 天的信號模式...
[事件偵測]    最近 5 天的信號:
[事件偵測]    2026-07-17: 0 篇 | T=0 D=0 R=0
[事件偵測]    2026-07-16: 0 篇 | T=0 D=0 R=0
[事件偵測]    2026-07-15: 0 篇 | T=0 D=0 R=0
[事件偵測]    2026-07-14: 0 篇 | T=0 D=0 R=0
[事件偵測]    2026-07-13: 0 篇 | T=0 D=0 R=0
[04:30:03]    事件偵測失敗: Expecting value: line 1 column 1 (char 0)
[04:30:03]    🪙 $TRUMP: $1.97 (-12.6%)
[04:30:04]    📊 Polymarket 快照: 438 個市場 (20 事件)
[04:30:04]    📊 Polymarket: 438 個市場已更新
[04:30:04] 驗證 2 個即時預測...
[04:35:08]    📡 三源抓取: CNN:50 → 合計 50 篇
[04:35:08]    沒有新推文
[事件偵測] 掃描最近 5 天的信號模式...
[事件偵測]    最近 5 天的信號:
[事件偵測]    2026-07-17: 0 篇 | T=0 D=0 R=0
[事件偵測]    2026-07-16: 0 篇 | T=0 D=0 R=0
[事件偵測]    2026-07-15: 0 篇 | T=0 D=0 R=0
[事件偵測]    2026-07-14: 0 篇 | T=0 D=0 R=0
[事件偵測]    2026-07-13: 0 篇 | T=0 D=0 R=0
[04:35:08]    事件偵測失敗: Expecting value: line 1 column 1 (char 0)
[04:35:08]    🪙 $TRUMP: $1.98 (-12.5%)
[04:35:09]    📊 Polymarket 快照: 438 個市場 (20 事件)
[04:35:09]    📊 Polymarket: 438 個市場已更新
[04:35:09] 驗證 1 個即時預測...
[04:40:12]    📡 三源抓取: CNN:50 → 合計 50 篇
[04:40:12]    沒有新推文
[事件偵測] 掃描最近 5 天的信號模式...
[事件偵測]    最近 5 天的信號:
[事件偵測]    2026-07-17: 0 篇 | T=0 D=0 R=0
[事件偵測]    2026-07-16: 0 篇 | T=0 D=0 R=0
[事件偵測]    2026-07-15: 0 篇 | T=0 D=0 R=0
[事件偵測]    2026-07-14: 0 篇 | T=0 D=0 R=0
[事件偵測]    2026-07-13: 0 篇 | T=0 D=0 R=0
[04:40:12]    事件偵測失敗: Expecting value: line 1 column 1 (char 0)
[04:40:13]    🪙 $TRUMP: $1.98 (-12.3%)
[04:40:13]    📊 Polymarket 快照: 438 個市場 (20 事件)
[04:40:13]    📊 Polymarket: 438 個市場已更新
[04:40:13] 驗證 1 個即時預測...
[04:45:16]    📡 三源抓取: CNN:50 → 合計 50 篇
[04:45:16]    沒有新推文
[事件偵測] 掃描最近 5 天的信號模式...
[事件偵測]    最近 5 天的信號:
[事件偵測]    2026-07-17: 0 篇 | T=0 D=0 R=0
[事件偵測]    2026-07-16: 0 篇 | T=0 D=0 R=0
[事件偵測]    2026-07-15: 0 篇 | T=0 D=0 R=0
[事件偵測]    2026-07-14: 0 篇 | T=0 D=0 R=0
[事件偵測]    2026-07-13: 0 篇 | T=0 D=0 R=0
[04:45:16]    事件偵測失敗: Expecting value: line 1 column 1 (char 0)
[04:45:16]    🪙 $TRUMP: $1.98 (-12.5%)
[04:45:17]    📊 Polymarket 快照: 438 個市場 (20 事件)
[04:45:17]    📊 Polymarket: 438 個市場已更新
[04:45:17] 驗證 1 個即時預測...
[04:50:20]    📡 三源抓取: CNN:50 → 合計 50 篇
[04:50:20]    沒有新推文
[事件偵測] 掃描最近 5 天的信號模式...
[事件偵測]    最近 5 天的信號:
[事件偵測]    2026-07-17: 0 篇 | T=0 D=0 R=0
[事件偵測]    2026-07-16: 0 篇 | T=0 D=0 R=0
[事件偵測]    2026-07-15: 0 篇 | T=0 D=0 R=0
[事件偵測]    2026-07-14: 0 篇 | T=0 D=0 R=0
[事件偵測]    2026-07-13: 0 篇 | T=0 D=0 R=0
[04:50:20]    事件偵測失敗: Expecting value: line 1 column 1 (char 0)
[04:50:20]    🪙 $TRUMP: $1.97 (-12.6%)
[04:50:20]    📊 Polymarket 快照: 438 個市場 (20 事件)
[04:50:20]    📊 Polymarket: 438 個市場已更新
[04:50:20] 驗證 1 個即時預測...
[04:55:24]    📡 三源抓取: CNN:50 → 合計 50 篇
[04:55:24]    沒有新推文
[事件偵測] 掃描最近 5 天的信號模式...
[事件偵測]    最近 5 天的信號:
[事件偵測]    2026-07-17: 0 篇 | T=0 D=0 R=0
[事件偵測]    2026-07-16: 0 篇 | T=0 D=0 R=0
[事件偵測]    2026-07-15: 0 篇 | T=0 D=0 R=0
[事件偵測]    2026-07-14: 0 篇 | T=0 D=0 R=0
[事件偵測]    2026-07-13: 0 篇 | T=0 D=0 R=0
[04:55:24]    事件偵測失敗: Expecting value: line 1 column 1 (char 0)
[04:55:24]    🪙 $TRUMP: $1.98 (-12.2%)
[04:55:24]    📊 Polymarket 快照: 438 個市場 (20 事件)
[04:55:24]    📊 Polymarket: 438 個市場已更新
[04:55:24] 驗證 1 個即時預測...
[05:00:28]    📡 三源抓取: CNN:50 → 合計 50 篇
[05:00:28]    沒有新推文
[事件偵測] 掃描最近 5 天的信號模式...
[事件偵測]    最近 5 天的信號:
[事件偵測]    2026-07-17: 0 篇 | T=0 D=0 R=0
[事件偵測]    2026-07-16: 0 篇 | T=0 D=0 R=0
[事件偵測]    2026-07-15: 0 篇 | T=0 D=0 R=0
[事件偵測]    2026-07-14: 0 篇 | T=0 D=0 R=0
[事件偵測]    2026-07-13: 0 篇 | T=0 D=0 R=0
[05:00:28]    事件偵測失敗: Expecting value: line 1 column 1 (char 0)
[05:00:28]    🪙 $TRUMP: $1.99 (-11.8%)
[05:00:28]    📊 Polymarket 快照: 438 個市場 (20 事件)
[05:00:28]    📊 Polymarket: 438 個市場已更新
[05:00:28] 驗證 1 個即時預測...
[05:05:32]    📡 三源抓取: CNN:50 → 合計 50 篇
[05:05:32]    沒有新推文
[事件偵測] 掃描最近 5 天的信號模式...
[事件偵測]    最近 5 天的信號:
[事件偵測]    2026-07-17: 0 篇 | T=0 D=0 R=0
[事件偵測]    2026-07-16: 0 篇 | T=0 D=0 R=0
[事件偵測]    2026-07-15: 0 篇 | T=0 D=0 R=0
[事件偵測]    2026-07-14: 0 篇 | T=0 D=0 R=0
[事件偵測]    2026-07-13: 0 篇 | T=0 D=0 R=0
[05:05:32]    事件偵測失敗: Expecting value: line 1 column 1 (char 0)
[05:05:32]    🪙 $TRUMP: $1.99 (-10.7%)
[05:05:32]    📊 Polymarket 快照: 438 個市場 (20 事件)
[05:05:32]    📊 Polymarket: 438 個市場已更新
[05:05:32] 驗證 1 個即時預測...
[05:10:35]    📡 三源抓取: CNN:50 → 合計 50 篇
[05:10:35]    沒有新推文
[事件偵測] 掃描最近 5 天的信號模式...
[事件偵測]    最近 5 天的信號:
[事件偵測]    2026-07-17: 0 篇 | T=0 D=0 R=0
[事件偵測]    2026-07-16: 0 篇 | T=0 D=0 R=0
[事件偵測]    2026-07-15: 0 篇 | T=0 D=0 R=0
[事件偵測]    2026-07-14: 0 篇 | T=0 D=0 R=0
[事件偵測]    2026-07-13: 0 篇 | T=0 D=0 R=0
[05:10:35]    事件偵測失敗: Expecting value: line 1 column 1 (char 0)
[05:10:36]    🪙 $TRUMP: $2.01 (-10.0%)
[05:10:36]    📊 Polymarket 快照: 438 個市場 (20 事件)
[05:10:36]    📊 Polymarket: 438 個市場已更新
[05:10:36] 驗證 1 個即時預測...
[05:15:39]    📡 三源抓取: CNN:50 → 合計 50 篇
[05:15:39]    沒有新推文
[事件偵測] 掃描最近 5 天的信號模式...
[事件偵測]    最近 5 天的信號:
[事件偵測]    2026-07-17: 0 篇 | T=0 D=0 R=0
[事件偵測]    2026-07-16: 0 篇 | T=0 D=0 R=0
[事件偵測]    2026-07-15: 0 篇 | T=0 D=0 R=0
[事件偵測]    2026-07-14: 0 篇 | T=0 D=0 R=0
[事件偵測]    2026-07-13: 0 篇 | T=0 D=0 R=0
[05:15:39]    事件偵測失敗: Expecting value: line 1 column 1 (char 0)
[05:15:40]    🪙 $TRUMP: $2.01 (-10.1%)
[05:15:40]    📊 Polymarket 快照: 438 個市場 (20 事件)
[05:15:40]    📊 Polymarket: 438 個市場已更新
[05:15:40] 驗證 1 個即時預測...
[05:20:43]    📡 三源抓取: CNN:50 → 合計 50 篇
[05:20:43]    沒有新推文
[事件偵測] 掃描最近 5 天的信號模式...
[事件偵測]    最近 5 天的信號:
[事件偵測]    2026-07-17: 0 篇 | T=0 D=0 R=0
[事件偵測]    2026-07-16: 0 篇 | T=0 D=0 R=0
[事件偵測]    2026-07-15: 0 篇 | T=0 D=0 R=0
[事件偵測]    2026-07-14: 0 篇 | T=0 D=0 R=0
[事件偵測]    2026-07-13: 0 篇 | T=0 D=0 R=0
[05:20:43]    事件偵測失敗: Expecting value: line 1 column 1 (char 0)
[05:20:44]    🪙 $TRUMP: $2.01 (-10.3%)
[05:20:44]    📊 Polymarket 快照: 438 個市場 (20 事件)
[05:20:44]    📊 Polymarket: 438 個市場已更新
[05:20:44] 驗證 1 個即時預測...
[05:25:47]    📡 三源抓取: CNN:50 → 合計 50 篇
[05:25:47]    沒有新推文
[事件偵測] 掃描最近 5 天的信號模式...
[事件偵測]    最近 5 天的信號:
[事件偵測]    2026-07-17: 0 篇 | T=0 D=0 R=0
[事件偵測]    2026-07-16: 0 篇 | T=0 D=0 R=0
[事件偵測]    2026-07-15: 0 篇 | T=0 D=0 R=0
[事件偵測]    2026-07-14: 0 篇 | T=0 D=0 R=0
[事件偵測]    2026-07-13: 0 篇 | T=0 D=0 R=0
[05:25:47]    事件偵測失敗: Expecting value: line 1 column 1 (char 0)
[05:25:47]    🪙 $TRUMP: $2.01 (-10.4%)
[05:25:48]    📊 Polymarket 快照: 438 個市場 (20 事件)
[05:25:48]    📊 Polymarket: 438 個市場已更新
[05:25:48] 驗證 1 個即時預測...
[05:30:51]    📡 三源抓取: CNN:50 → 合計 50 篇
[05:30:51]    沒有新推文
[事件偵測] 掃描最近 5 天的信號模式...
[事件偵測]    最近 5 天的信號:
[事件偵測]    2026-07-17: 0 篇 | T=0 D=0 R=0
[事件偵測]    2026-07-16: 0 篇 | T=0 D=0 R=0
[事件偵測]    2026-07-15: 0 篇 | T=0 D=0 R=0
[事件偵測]    2026-07-14: 0 篇 | T=0 D=0 R=0
[事件偵測]    2026-07-13: 0 篇 | T=0 D=0 R=0
[05:30:51]    事件偵測失敗: Expecting value: line 1 column 1 (char 0)
[05:30:51]    🪙 $TRUMP: $2.00 (-10.4%)
[05:30:52]    📊 Polymarket 快照: 438 個市場 (20 事件)
[05:30:52]    📊 Polymarket: 438 個市場已更新
[05:30:52] 驗證 1 個即時預測...
[05:35:55]    📡 三源抓取: CNN:50 → 合計 50 篇
[05:35:55]    沒有新推文
[事件偵測] 掃描最近 5 天的信號模式...
[事件偵測]    最近 5 天的信號:
[事件偵測]    2026-07-17: 0 篇 | T=0 D=0 R=0
[事件偵測]    2026-07-16: 0 篇 | T=0 D=0 R=0
[事件偵測]    2026-07-15: 0 篇 | T=0 D=0 R=0
[事件偵測]    2026-07-14: 0 篇 | T=0 D=0 R=0
[事件偵測]    2026-07-13: 0 篇 | T=0 D=0 R=0
[05:35:55]    事件偵測失敗: Expecting value: line 1 column 1 (char 0)
[05:35:55]    🪙 $TRUMP: $2.01 (-10.5%)
[05:35:55]    📊 Polymarket 快照: 438 個市場 (20 事件)
[05:35:55]    📊 Polymarket: 438 個市場已更新
[05:35:55] 驗證 1 個即時預測...
[05:40:58]    📡 三源抓取: CNN:50 → 合計 50 篇
[05:40:58]    沒有新推文
[事件偵測] 掃描最近 5 天的信號模式...
[事件偵測]    最近 5 天的信號:
[事件偵測]    2026-07-17: 0 篇 | T=0 D=0 R=0
[事件偵測]    2026-07-16: 0 篇 | T=0 D=0 R=0
[事件偵測]    2026-07-15: 0 篇 | T=0 D=0 R=0
[事件偵測]    2026-07-14: 0 篇 | T=0 D=0 R=0
[事件偵測]    2026-07-13: 0 篇 | T=0 D=0 R=0
[05:40:58]    事件偵測失敗: Expecting value: line 1 column 1 (char 0)
[05:40:58]    🪙 $TRUMP: $2.00 (-10.7%)
[05:40:59]    📊 Polymarket 快照: 438 個市場 (20 事件)
[05:40:59]    📊 Polymarket: 438 個市場已更新
[05:40:59] 驗證 1 個即時預測...
[05:46:02]    📡 三源抓取: CNN:50 → 合計 50 篇
[05:46:02]    沒有新推文
[事件偵測] 掃描最近 5 天的信號模式...
[事件偵測]    最近 5 天的信號:
[事件偵測]    2026-07-17: 0 篇 | T=0 D=0 R=0
[事件偵測]    2026-07-16: 0 篇 | T=0 D=0 R=0
[事件偵測]    2026-07-15: 0 篇 | T=0 D=0 R=0
[事件偵測]    2026-07-14: 0 篇 | T=0 D=0 R=0
[事件偵測]    2026-07-13: 0 篇 | T=0 D=0 R=0
[05:46:02]    事件偵測失敗: Expecting value: line 1 column 1 (char 0)
[05:46:03]    🪙 $TRUMP: $2.01 (-10.4%)
[05:46:03]    📊 Polymarket 快照: 460 個市場 (20 事件)
[05:46:03]    📊 Polymarket: 460 個市場已更新
[05:46:03] 驗證 1 個即時預測...
[05:51:07]    📡 三源抓取: CNN:50 → 合計 50 篇
[05:51:07]    沒有新推文
[事件偵測] 掃描最近 5 天的信號模式...
[事件偵測]    最近 5 天的信號:
[事件偵測]    2026-07-17: 0 篇 | T=0 D=0 R=0
[事件偵測]    2026-07-16: 0 篇 | T=0 D=0 R=0
[事件偵測]    2026-07-15: 0 篇 | T=0 D=0 R=0
[事件偵測]    2026-07-14: 0 篇 | T=0 D=0 R=0
[事件偵測]    2026-07-13: 0 篇 | T=0 D=0 R=0
[05:51:07]    事件偵測失敗: Expecting value: line 1 column 1 (char 0)
[05:51:07]    🪙 $TRUMP: $2.01 (-10.4%)
[05:51:07]    📊 Polymarket 快照: 460 個市場 (20 事件)
[05:51:07]    📊 Polymarket: 460 個市場已更新
[05:51:07] 驗證 1 個即時預測...
[05:56:10]    📡 三源抓取: CNN:50 → 合計 50 篇
[05:56:10]    沒有新推文
[事件偵測] 掃描最近 5 天的信號模式...
[事件偵測]    最近 5 天的信號:
[事件偵測]    2026-07-17: 0 篇 | T=0 D=0 R=0
[事件偵測]    2026-07-16: 0 篇 | T=0 D=0 R=0
[事件偵測]    2026-07-15: 0 篇 | T=0 D=0 R=0
[事件偵測]    2026-07-14: 0 篇 | T=0 D=0 R=0
[事件偵測]    2026-07-13: 0 篇 | T=0 D=0 R=0
[05:56:10]    事件偵測失敗: Expecting value: line 1 column 1 (char 0)
[05:56:10]    🪙 $TRUMP: $2.01 (-9.7%)
[05:56:11]    📊 Polymarket 快照: 460 個市場 (20 事件)
[05:56:11]    📊 Polymarket: 460 個市場已更新
[05:56:11] 驗證 1 個即時預測...
[06:01:14]    📡 三源抓取: CNN:50 → 合計 50 篇
[06:01:14]    沒有新推文
[事件偵測] 掃描最近 5 天的信號模式...
[事件偵測]    最近 5 天的信號:
[事件偵測]    2026-07-17: 0 篇 | T=0 D=0 R=0
[事件偵測]    2026-07-16: 0 篇 | T=0 D=0 R=0
[事件偵測]    2026-07-15: 0 篇 | T=0 D=0 R=0
[事件偵測]    2026-07-14: 0 篇 | T=0 D=0 R=0
[事件偵測]    2026-07-13: 0 篇 | T=0 D=0 R=0
[06:01:14]    事件偵測失敗: Expecting value: line 1 column 1 (char 0)
[06:01:14]    🪙 $TRUMP: $2.00 (-10.1%)
[06:01:15]    📊 Polymarket 快照: 460 個市場 (20 事件)
[06:01:15]    📊 Polymarket: 460 個市場已更新
[06:01:15] 驗證 1 個即時預測...
[06:06:18]    📡 三源抓取: CNN:50 → 合計 50 篇
[06:06:18]    沒有新推文
[事件偵測] 掃描最近 5 天的信號模式...
[事件偵測]    最近 5 天的信號:
[事件偵測]    2026-07-17: 0 篇 | T=0 D=0 R=0
[事件偵測]    2026-07-16: 0 篇 | T=0 D=0 R=0
[事件偵測]    2026-07-15: 0 篇 | T=0 D=0 R=0
[事件偵測]    2026-07-14: 0 篇 | T=0 D=0 R=0
[事件偵測]    2026-07-13: 0 篇 | T=0 D=0 R=0
[06:06:18]    事件偵測失敗: Expecting value: line 1 column 1 (char 0)
[06:06:19]    🪙 $TRUMP: $2.00 (-11.0%)
[06:06:19]    📊 Polymarket 快照: 460 個市場 (20 事件)
[06:06:19]    📊 Polymarket: 460 個市場已更新
[06:06:19] 驗證 1 個即時預測...
[06:11:22]    📡 三源抓取: CNN:50 → 合計 50 篇
[06:11:22]    沒有新推文
[事件偵測] 掃描最近 5 天的信號模式...
[事件偵測]    最近 5 天的信號:
[事件偵測]    2026-07-17: 0 篇 | T=0 D=0 R=0
[事件偵測]    2026-07-16: 0 篇 | T=0 D=0 R=0
[事件偵測]    2026-07-15: 0 篇 | T=0 D=0 R=0
[事件偵測]    2026-07-14: 0 篇 | T=0 D=0 R=0
[事件偵測]    2026-07-13: 0 篇 | T=0 D=0 R=0
[06:11:22]    事件偵測失敗: Expecting value: line 1 column 1 (char 0)
[06:11:22]    🪙 $TRUMP: $2.00 (-11.0%)
[06:11:23]    📊 Polymarket 快照: 460 個市場 (20 事件)
[06:11:23]    📊 Polymarket: 460 個市場已更新
[06:11:23] 驗證 1 個即時預測...
[06:16:26]    📡 三源抓取: CNN:50 → 合計 50 篇
[06:16:26]    沒有新推文
[事件偵測] 掃描最近 5 天的信號模式...
[事件偵測]    最近 5 天的信號:
[事件偵測]    2026-07-17: 0 篇 | T=0 D=0 R=0
[事件偵測]    2026-07-16: 0 篇 | T=0 D=0 R=0
[事件偵測]    2026-07-15: 0 篇 | T=0 D=0 R=0
[事件偵測]    2026-07-14: 0 篇 | T=0 D=0 R=0
[事件偵測]    2026-07-13: 0 篇 | T=0 D=0 R=0
[06:16:26]    事件偵測失敗: Expecting value: line 1 column 1 (char 0)
[06:16:26]    🪙 $TRUMP: $2.00 (-10.8%)
[06:16:26]    📊 Polymarket 快照: 460 個市場 (20 事件)
[06:16:26]    📊 Polymarket: 460 個市場已更新
[06:16:26] 驗證 1 個即時預測...
[06:21:29]    📡 三源抓取: CNN:50 → 合計 50 篇
[06:21:29]    沒有新推文
[事件偵測] 掃描最近 5 天的信號模式...
[事件偵測]    最近 5 天的信號:
[事件偵測]    2026-07-17: 0 篇 | T=0 D=0 R=0
[事件偵測]    2026-07-16: 0 篇 | T=0 D=0 R=0
[事件偵測]    2026-07-15: 0 篇 | T=0 D=0 R=0
[事件偵測]    2026-07-14: 0 篇 | T=0 D=0 R=0
[事件偵測]    2026-07-13: 0 篇 | T=0 D=0 R=0
[06:21:29]    事件偵測失敗: Expecting value: line 1 column 1 (char 0)
[06:21:30]    🪙 $TRUMP: $2.00 (-11.1%)
[06:21:30]    📊 Polymarket 快照: 460 個市場 (20 事件)
[06:21:30]    📊 Polymarket: 460 個市場已更新
[06:21:30] 驗證 1 個即時預測...
[06:26:34]    📡 三源抓取: CNN:50 → 合計 50 篇
[06:26:34]    沒有新推文
[事件偵測] 掃描最近 5 天的信號模式...
[事件偵測]    最近 5 天的信號:
[事件偵測]    2026-07-17: 0 篇 | T=0 D=0 R=0
[事件偵測]    2026-07-16: 0 篇 | T=0 D=0 R=0
[事件偵測]    2026-07-15: 0 篇 | T=0 D=0 R=0
[事件偵測]    2026-07-14: 0 篇 | T=0 D=0 R=0
[事件偵測]    2026-07-13: 0 篇 | T=0 D=0 R=0
[06:26:34]    事件偵測失敗: Expecting value: line 1 column 1 (char 0)
[06:26:34]    🪙 $TRUMP: $2.00 (-10.8%)
[06:26:35]    📊 Polymarket 快照: 460 個市場 (20 事件)
[06:26:35]    📊 Polymarket: 460 個市場已更新
[06:26:35] 驗證 1 個即時預測...
[06:31:38]    📡 三源抓取: CNN:50 → 合計 50 篇
[06:31:38]    沒有新推文
[事件偵測] 掃描最近 5 天的信號模式...
[事件偵測]    最近 5 天的信號:
[事件偵測]    2026-07-17: 0 篇 | T=0 D=0 R=0
[事件偵測]    2026-07-16: 0 篇 | T=0 D=0 R=0
[事件偵測]    2026-07-15: 0 篇 | T=0 D=0 R=0
[事件偵測]    2026-07-14: 0 篇 | T=0 D=0 R=0
[事件偵測]    2026-07-13: 0 篇 | T=0 D=0 R=0
[06:31:38]    事件偵測失敗: Expecting value: line 1 column 1 (char 0)
[06:31:39]    🪙 $TRUMP: $2.02 (-9.9%)
[06:31:39]    📊 Polymarket 快照: 460 個市場 (20 事件)
[06:31:39]    📊 Polymarket: 460 個市場已更新
[06:31:39] 驗證 1 個即時預測...
[19:23:12]    📡 三源抓取: CNN:50 → 合計 50 篇
[19:23:12] 🆕 偵測到 19 篇新推文！
[19:23:16]    📥 寫入 19 篇新推文到 trump_posts_all.json（總計 46154 篇）
[19:23:16]    📊 Polymarket 快照: 408 個市場 (20 事件)
[19:23:17]    🪙 $TRUMP: $2.10 (+0.5%)
[19:23:17]    📝 [18:11] Congratulations to America First Patriot, Jerry Kassar, who I very strongly supp...
[19:23:17]    📝 [17:17] President Xi and Madam Peng have just left D.C., heading for China. The meeting ...
[19:23:17]    📝 [16:49] Scott Bessent will not be going to be Super Intelligence (SI) Czar. Number One, ...
[19:23:17]    📝 [12:46] Very productive meeting with President Xi for both the U.S.A. and China. Tremend...
[19:23:17]    📝 [10:19] God bless American Patriot and Warrior, James Copenhaver, and his incredible fam...
[19:23:17]    📝 [23:09] Jim Copenhaver, a true American Patriot, has passed away — A tremendous loss! Mo...
[19:23:17]    📝 [20:50] CNN and MSDNC's Ratings have dropped considerably. The primary reason is NO CRED...
[19:23:17]    📝 [19:32] President Trump Gives the President of China a Tour of Marine One and the South ...
[19:23:17]    📝 [19:23] Military Review with the President of China and Madame Peng: https://www.youtube...
[19:23:17]    📝 [19:22] Silent Drill Platoon Review with the President of China and Madame Peng: https:/...
[19:23:17]    📝 [19:22] President Trump and the President of China Deliver Remarks: https://www.youtube....
[19:23:17]    📝 [19:22] President Trump and the First Lady Greet the President of China and Madame Peng:...
[19:23:17]    📝 [13:18] Victor Davis Hanson on Canada — A MUST SEE! President DONALD J. TRUMP...
[19:23:17]    📝 [12:36] RT: https://truthsocial.com/users/realDonaldTrump/statuses/117326044871082645Thi...
[19:23:17]       信號: TARIFF(90%), ACTION(75%), THREAT(75%), BULLISH(75%)
[19:23:17]       預測: PM NEUTRAL (30%) | 追蹤 5 個市場
[19:23:17]    📝 [12:36] Midterm Fact Check: Don't believe the economic doomers: https://www.foxnews.com/...
[19:23:17]    📝 [12:24] I met President Xi at the plane (Airport!) yesterday and he looks strong, vibran...
[19:23:17]    📝 [12:20] The Ford's Theatre Lie is just another example of how the Fake News Media and th...
[19:23:17]    📝 [11:24] A big day with President Xi of China. Super Intelligence (SI) will be a big topi...
[19:23:17]    📝 [11:15] The Dumocrats make up lie after lie. The new one is that I want Ford's Theater n...
[事件偵測] 掃描最近 5 天的信號模式...
[事件偵測]    最近 5 天的信號:
[事件偵測]    2026-07-17: 0 篇 | T=0 D=0 R=0
[事件偵測]    2026-07-16: 0 篇 | T=0 D=0 R=0
[事件偵測]    2026-07-15: 0 篇 | T=0 D=0 R=0
[事件偵測]    2026-07-14: 0 篇 | T=0 D=0 R=0
[事件偵測]    2026-07-13: 0 篇 | T=0 D=0 R=0
[19:23:17]    事件偵測失敗: Expecting value: line 1 column 1 (char 0)
[19:23:17]    🪙 $TRUMP: $2.10 (+0.5%)
[19:23:17]    📊 Polymarket 快照: 408 個市場 (20 事件)
[19:23:17]    📊 Polymarket: 408 個市場已更新
[19:23:17] 驗證 2 個即時預測...
[19:23:18] 📊 本輪: 19 新推文 | 1 預測 | 0 驗證
[19:28:38]    📡 三源抓取: CNN:50 → 合計 50 篇
[19:28:38]    沒有新推文
[事件偵測] 掃描最近 5 天的信號模式...
[事件偵測]    最近 5 天的信號:
[事件偵測]    2026-07-17: 0 篇 | T=0 D=0 R=0
[事件偵測]    2026-07-16: 0 篇 | T=0 D=0 R=0
[事件偵測]    2026-07-15: 0 篇 | T=0 D=0 R=0
[事件偵測]    2026-07-14: 0 篇 | T=0 D=0 R=0
[事件偵測]    2026-07-13: 0 篇 | T=0 D=0 R=0
[19:28:38]    事件偵測失敗: Expecting value: line 1 column 1 (char 0)
[19:28:38]    🪙 $TRUMP: $2.09 (+0.1%)
[19:28:39]    📊 Polymarket 快照: 408 個市場 (20 事件)
[19:28:39]    📊 Polymarket: 408 個市場已更新
[19:28:39] 驗證 1 個即時預測...
[19:34:04]    📡 三源抓取: CNN:50 → 合計 50 篇
[19:34:04]    沒有新推文
[事件偵測] 掃描最近 5 天的信號模式...
[事件偵測]    最近 5 天的信號:
[事件偵測]    2026-07-17: 0 篇 | T=0 D=0 R=0
[事件偵測]    2026-07-16: 0 篇 | T=0 D=0 R=0
[事件偵測]    2026-07-15: 0 篇 | T=0 D=0 R=0
[事件偵測]    2026-07-14: 0 篇 | T=0 D=0 R=0
[事件偵測]    2026-07-13: 0 篇 | T=0 D=0 R=0
[19:34:04]    事件偵測失敗: Expecting value: line 1 column 1 (char 0)
[19:34:04]    🪙 $TRUMP: $2.09 (-0.0%)
[19:34:04]    📊 Polymarket 快照: 408 個市場 (20 事件)
[19:34:04]    📊 Polymarket: 408 個市場已更新
[19:34:05] 驗證 1 個即時預測...
[19:37:53] ============================================================
[19:37:53] 🔴 川普密碼 即時閉環引擎
[19:37:53]    監控間隔: 300 秒
[19:37:53] ============================================================
[19:37:56]    📡 三源抓取: CNN:50 → 合計 50 篇
[19:37:56]    沒有新推文
[事件偵測] 掃描最近 5 天的信號模式...
[事件偵測]    最近 5 天的信號:
[事件偵測]    2026-07-17: 0 篇 | T=0 D=0 R=0
[事件偵測]    2026-07-16: 0 篇 | T=0 D=0 R=0
[事件偵測]    2026-07-15: 0 篇 | T=0 D=0 R=0
[事件偵測]    2026-07-14: 0 篇 | T=0 D=0 R=0
[事件偵測]    2026-07-13: 0 篇 | T=0 D=0 R=0
[19:37:56]    事件偵測失敗: Expecting value: line 1 column 1 (char 0)
[19:37:56]    🪙 $TRUMP: $2.09 (+0.1%)
[19:37:56]    📊 Polymarket 快照: 408 個市場 (20 事件)
[19:37:56]    📊 Polymarket: 408 個市場已更新
[19:37:56] 驗證 1 個即時預測...
[19:43:01]    📡 三源抓取: CNN:50 → 合計 50 篇
[19:43:01]    沒有新推文
[事件偵測] 掃描最近 5 天的信號模式...
[事件偵測]    最近 5 天的信號:
[事件偵測]    2026-07-17: 0 篇 | T=0 D=0 R=0
[事件偵測]    2026-07-16: 0 篇 | T=0 D=0 R=0
[事件偵測]    2026-07-15: 0 篇 | T=0 D=0 R=0
[事件偵測]    2026-07-14: 0 篇 | T=0 D=0 R=0
[事件偵測]    2026-07-13: 0 篇 | T=0 D=0 R=0
[19:43:01]    事件偵測失敗: Expecting value: line 1 column 1 (char 0)
[19:43:01]    🪙 $TRUMP: $2.10 (+0.3%)
[19:43:01]    📊 Polymarket 快照: 408 個市場 (20 事件)
[19:43:01]    📊 Polymarket: 408 個市場已更新
[19:43:01] 驗證 1 個即時預測...
[19:48:04]    📡 三源抓取: CNN:50 → 合計 50 篇
[19:48:04]    沒有新推文
[事件偵測] 掃描最近 5 天的信號模式...
[事件偵測]    最近 5 天的信號:
[事件偵測]    2026-07-17: 0 篇 | T=0 D=0 R=0
[事件偵測]    2026-07-16: 0 篇 | T=0 D=0 R=0
[事件偵測]    2026-07-15: 0 篇 | T=0 D=0 R=0
[事件偵測]    2026-07-14: 0 篇 | T=0 D=0 R=0
[事件偵測]    2026-07-13: 0 篇 | T=0 D=0 R=0
[19:48:04]    事件偵測失敗: Expecting value: line 1 column 1 (char 0)
[19:48:05]    🪙 $TRUMP: $2.10 (+0.5%)
[19:48:05]    📊 Polymarket 快照: 408 個市場 (20 事件)
[19:48:05]    📊 Polymarket: 408 個市場已更新
[19:48:05] 驗證 1 個即時預測...
[19:53:08]    📡 三源抓取: CNN:50 → 合計 50 篇
[19:53:08]    沒有新推文
[事件偵測] 掃描最近 5 天的信號模式...
[事件偵測]    最近 5 天的信號:
[事件偵測]    2026-07-17: 0 篇 | T=0 D=0 R=0
[事件偵測]    2026-07-16: 0 篇 | T=0 D=0 R=0
[事件偵測]    2026-07-15: 0 篇 | T=0 D=0 R=0
[事件偵測]    2026-07-14: 0 篇 | T=0 D=0 R=0
[事件偵測]    2026-07-13: 0 篇 | T=0 D=0 R=0
[19:53:08]    事件偵測失敗: Expecting value: line 1 column 1 (char 0)
[19:53:08]    🪙 $TRUMP: $2.11 (+0.8%)
[19:53:08]    📊 Polymarket 快照: 408 個市場 (20 事件)
[19:53:08]    📊 Polymarket: 408 個市場已更新
[19:53:08] 驗證 1 個即時預測...
[19:58:11]    📡 三源抓取: CNN:50 → 合計 50 篇
[19:58:11]    沒有新推文
[事件偵測] 掃描最近 5 天的信號模式...
[事件偵測]    最近 5 天的信號:
[事件偵測]    2026-07-17: 0 篇 | T=0 D=0 R=0
[事件偵測]    2026-07-16: 0 篇 | T=0 D=0 R=0
[事件偵測]    2026-07-15: 0 篇 | T=0 D=0 R=0
[事件偵測]    2026-07-14: 0 篇 | T=0 D=0 R=0
[事件偵測]    2026-07-13: 0 篇 | T=0 D=0 R=0
[19:58:11]    事件偵測失敗: Expecting value: line 1 column 1 (char 0)
[19:58:12]    🪙 $TRUMP: $2.11 (+0.9%)
[19:58:12]    📊 Polymarket 快照: 474 個市場 (20 事件)
[19:58:12]    📊 Polymarket: 474 個市場已更新
[19:58:12] 驗證 1 個即時預測...
[20:03:15]    📡 三源抓取: CNN:50 → 合計 50 篇
[20:03:15]    沒有新推文
[事件偵測] 掃描最近 5 天的信號模式...
[事件偵測]    最近 5 天的信號:
[事件偵測]    2026-07-17: 0 篇 | T=0 D=0 R=0
[事件偵測]    2026-07-16: 0 篇 | T=0 D=0 R=0
[事件偵測]    2026-07-15: 0 篇 | T=0 D=0 R=0
[事件偵測]    2026-07-14: 0 篇 | T=0 D=0 R=0
[事件偵測]    2026-07-13: 0 篇 | T=0 D=0 R=0
[20:03:15]    事件偵測失敗: Expecting value: line 1 column 1 (char 0)
[20:03:16]    🪙 $TRUMP: $2.11 (+0.9%)
[20:03:16]    📊 Polymarket 快照: 474 個市場 (20 事件)
[20:03:16]    📊 Polymarket: 474 個市場已更新
[20:03:16] 驗證 1 個即時預測...
[20:08:20]    📡 三源抓取: CNN:50 → 合計 50 篇
[20:08:20]    沒有新推文
[事件偵測] 掃描最近 5 天的信號模式...
[事件偵測]    最近 5 天的信號:
[事件偵測]    2026-07-17: 0 篇 | T=0 D=0 R=0
[事件偵測]    2026-07-16: 0 篇 | T=0 D=0 R=0
[事件偵測]    2026-07-15: 0 篇 | T=0 D=0 R=0
[事件偵測]    2026-07-14: 0 篇 | T=0 D=0 R=0
[事件偵測]    2026-07-13: 0 篇 | T=0 D=0 R=0
[20:08:20]    事件偵測失敗: Expecting value: line 1 column 1 (char 0)
[20:08:20]    🪙 $TRUMP: $2.11 (+0.9%)
[20:08:21]    📊 Polymarket 快照: 476 個市場 (20 事件)
[20:08:21]    📊 Polymarket: 476 個市場已更新
[20:08:21] 驗證 1 個即時預測...
[20:13:25]    📡 三源抓取: CNN:50 → 合計 50 篇
[20:13:25]    沒有新推文
[事件偵測] 掃描最近 5 天的信號模式...
[事件偵測]    最近 5 天的信號:
[事件偵測]    2026-07-17: 0 篇 | T=0 D=0 R=0
[事件偵測]    2026-07-16: 0 篇 | T=0 D=0 R=0
[事件偵測]    2026-07-15: 0 篇 | T=0 D=0 R=0
[事件偵測]    2026-07-14: 0 篇 | T=0 D=0 R=0
[事件偵測]    2026-07-13: 0 篇 | T=0 D=0 R=0
[20:13:25]    事件偵測失敗: Expecting value: line 1 column 1 (char 0)
[20:13:25]    🪙 $TRUMP: $2.11 (+0.8%)
[20:13:26]    📊 Polymarket 快照: 476 個市場 (20 事件)
[20:13:26]    📊 Polymarket: 476 個市場已更新
[20:13:26] 驗證 1 個即時預測...
[20:18:29]    📡 三源抓取: CNN:50 → 合計 50 篇
[20:18:29]    沒有新推文
[事件偵測] 掃描最近 5 天的信號模式...
[事件偵測]    最近 5 天的信號:
[事件偵測]    2026-07-17: 0 篇 | T=0 D=0 R=0
[事件偵測]    2026-07-16: 0 篇 | T=0 D=0 R=0
[事件偵測]    2026-07-15: 0 篇 | T=0 D=0 R=0
[事件偵測]    2026-07-14: 0 篇 | T=0 D=0 R=0
[事件偵測]    2026-07-13: 0 篇 | T=0 D=0 R=0
[20:18:29]    事件偵測失敗: Expecting value: line 1 column 1 (char 0)
[20:18:30]    🪙 $TRUMP: $2.11 (+1.0%)
[20:18:30]    📊 Polymarket 快照: 476 個市場 (20 事件)
[20:18:30]    📊 Polymarket: 476 個市場已更新
[20:18:30] 驗證 1 個即時預測...
[20:23:34]    📡 三源抓取: CNN:50 → 合計 50 篇
[20:23:34]    沒有新推文
[事件偵測] 掃描最近 5 天的信號模式...
[事件偵測]    最近 5 天的信號:
[事件偵測]    2026-07-17: 0 篇 | T=0 D=0 R=0
[事件偵測]    2026-07-16: 0 篇 | T=0 D=0 R=0
[事件偵測]    2026-07-15: 0 篇 | T=0 D=0 R=0
[事件偵測]    2026-07-14: 0 篇 | T=0 D=0 R=0
[事件偵測]    2026-07-13: 0 篇 | T=0 D=0 R=0
[20:23:34]    事件偵測失敗: Expecting value: line 1 column 1 (char 0)
[20:23:34]    🪙 $TRUMP: $2.11 (+1.1%)
[20:23:34]    📊 Polymarket 快照: 476 個市場 (20 事件)
[20:23:34]    📊 Polymarket: 476 個市場已更新
[20:23:34] 驗證 1 個即時預測...
[20:28:39]    📡 三源抓取: CNN:50 → 合計 50 篇
[20:28:39]    沒有新推文
[事件偵測] 掃描最近 5 天的信號模式...
[事件偵測]    最近 5 天的信號:
[事件偵測]    2026-07-17: 0 篇 | T=0 D=0 R=0
[事件偵測]    2026-07-16: 0 篇 | T=0 D=0 R=0
[事件偵測]    2026-07-15: 0 篇 | T=0 D=0 R=0
[事件偵測]    2026-07-14: 0 篇 | T=0 D=0 R=0
[事件偵測]    2026-07-13: 0 篇 | T=0 D=0 R=0
[20:28:39]    事件偵測失敗: Expecting value: line 1 column 1 (char 0)
[20:28:39]    🪙 $TRUMP: $2.12 (+1.2%)
[20:28:39]    📊 Polymarket 快照: 476 個市場 (20 事件)
[20:28:39]    📊 Polymarket: 476 個市場已更新
[20:28:39] 驗證 1 個即時預測...
[20:33:44]    📡 三源抓取: CNN:50 → 合計 50 篇
[20:33:44]    沒有新推文
[事件偵測] 掃描最近 5 天的信號模式...
[事件偵測]    最近 5 天的信號:
[事件偵測]    2026-07-17: 0 篇 | T=0 D=0 R=0
[事件偵測]    2026-07-16: 0 篇 | T=0 D=0 R=0
[事件偵測]    2026-07-15: 0 篇 | T=0 D=0 R=0
[事件偵測]    2026-07-14: 0 篇 | T=0 D=0 R=0
[事件偵測]    2026-07-13: 0 篇 | T=0 D=0 R=0
[20:33:44]    事件偵測失敗: Expecting value: line 1 column 1 (char 0)
[20:33:45]    🪙 $TRUMP: $2.12 (+1.4%)
[20:33:45]    📊 Polymarket 快照: 476 個市場 (20 事件)
[20:33:45]    📊 Polymarket: 476 個市場已更新
[20:33:45] 驗證 1 個即時預測...
[20:38:50]    📡 三源抓取: CNN:50 → 合計 50 篇
[20:38:50]    沒有新推文
[事件偵測] 掃描最近 5 天的信號模式...
[事件偵測]    最近 5 天的信號:
[事件偵測]    2026-07-17: 0 篇 | T=0 D=0 R=0
[事件偵測]    2026-07-16: 0 篇 | T=0 D=0 R=0
[事件偵測]    2026-07-15: 0 篇 | T=0 D=0 R=0
[事件偵測]    2026-07-14: 0 篇 | T=0 D=0 R=0
[事件偵測]    2026-07-13: 0 篇 | T=0 D=0 R=0
[20:38:50]    事件偵測失敗: Expecting value: line 1 column 1 (char 0)
[20:38:50]    🪙 $TRUMP: $2.11 (+1.0%)
[20:38:51]    📊 Polymarket 快照: 476 個市場 (20 事件)
[20:38:51]    📊 Polymarket: 476 個市場已更新
[20:38:51] 驗證 1 個即時預測...
[20:43:55]    📡 三源抓取: CNN:50 → 合計 50 篇
[20:43:55]    沒有新推文
[事件偵測] 掃描最近 5 天的信號模式...
[事件偵測]    最近 5 天的信號:
[事件偵測]    2026-07-17: 0 篇 | T=0 D=0 R=0
[事件偵測]    2026-07-16: 0 篇 | T=0 D=0 R=0
[事件偵測]    2026-07-15: 0 篇 | T=0 D=0 R=0
[事件偵測]    2026-07-14: 0 篇 | T=0 D=0 R=0
[事件偵測]    2026-07-13: 0 篇 | T=0 D=0 R=0
[20:43:55]    事件偵測失敗: Expecting value: line 1 column 1 (char 0)
[20:43:55]    🪙 $TRUMP: $2.12 (+0.6%)
[20:43:55]    📊 Polymarket 快照: 456 個市場 (20 事件)
[20:43:55]    📊 Polymarket: 456 個市場已更新
[20:43:55] 驗證 1 個即時預測...
[20:49:08]    📡 三源抓取: CNN:50 → 合計 50 篇
[20:49:08]    沒有新推文
[事件偵測] 掃描最近 5 天的信號模式...
[事件偵測]    最近 5 天的信號:
[事件偵測]    2026-07-17: 0 篇 | T=0 D=0 R=0
[事件偵測]    2026-07-16: 0 篇 | T=0 D=0 R=0
[事件偵測]    2026-07-15: 0 篇 | T=0 D=0 R=0
[事件偵測]    2026-07-14: 0 篇 | T=0 D=0 R=0
[事件偵測]    2026-07-13: 0 篇 | T=0 D=0 R=0
[20:49:08]    事件偵測失敗: Expecting value: line 1 column 1 (char 0)
[20:49:13]    🪙 $TRUMP: $2.12 (+0.4%)
[20:49:15]    📊 Polymarket 快照: 456 個市場 (20 事件)
[20:49:15]    📊 Polymarket: 456 個市場已更新
[20:49:15] 驗證 1 個即時預測...
[20:54:18]    📡 三源抓取: CNN:50 → 合計 50 篇
[20:54:18]    沒有新推文
[事件偵測] 掃描最近 5 天的信號模式...
[事件偵測]    最近 5 天的信號:
[事件偵測]    2026-07-17: 0 篇 | T=0 D=0 R=0
[事件偵測]    2026-07-16: 0 篇 | T=0 D=0 R=0
[事件偵測]    2026-07-15: 0 篇 | T=0 D=0 R=0
[事件偵測]    2026-07-14: 0 篇 | T=0 D=0 R=0
[事件偵測]    2026-07-13: 0 篇 | T=0 D=0 R=0
[20:54:18]    事件偵測失敗: Expecting value: line 1 column 1 (char 0)
[20:54:19]    🪙 $TRUMP: $2.11 (+0.3%)
[20:54:19]    📊 Polymarket 快照: 456 個市場 (20 事件)
[20:54:19]    📊 Polymarket: 456 個市場已更新
[20:54:19] 驗證 1 個即時預測...
[20:59:23]    📡 三源抓取: CNN:50 → 合計 50 篇
[20:59:23]    沒有新推文
[事件偵測] 掃描最近 5 天的信號模式...
[事件偵測]    最近 5 天的信號:
[事件偵測]    2026-07-17: 0 篇 | T=0 D=0 R=0
[事件偵測]    2026-07-16: 0 篇 | T=0 D=0 R=0
[事件偵測]    2026-07-15: 0 篇 | T=0 D=0 R=0
[事件偵測]    2026-07-14: 0 篇 | T=0 D=0 R=0
[事件偵測]    2026-07-13: 0 篇 | T=0 D=0 R=0
[20:59:23]    事件偵測失敗: Expecting value: line 1 column 1 (char 0)
[20:59:24]    🪙 $TRUMP: $2.10 (+0.1%)
[20:59:24]    📊 Polymarket 快照: 456 個市場 (20 事件)
[20:59:24]    📊 Polymarket: 456 個市場已更新
[20:59:24] 驗證 1 個即時預測...
[21:04:27]    📡 三源抓取: CNN:50 → 合計 50 篇
[21:04:27]    沒有新推文
[事件偵測] 掃描最近 5 天的信號模式...
[事件偵測]    最近 5 天的信號:
[事件偵測]    2026-07-17: 0 篇 | T=0 D=0 R=0
[事件偵測]    2026-07-16: 0 篇 | T=0 D=0 R=0
[事件偵測]    2026-07-15: 0 篇 | T=0 D=0 R=0
[事件偵測]    2026-07-14: 0 篇 | T=0 D=0 R=0
[事件偵測]    2026-07-13: 0 篇 | T=0 D=0 R=0
[21:04:27]    事件偵測失敗: Expecting value: line 1 column 1 (char 0)
[21:04:27]    🪙 $TRUMP: $2.10 (-0.1%)
[21:04:27]    📊 Polymarket 快照: 456 個市場 (20 事件)
[21:04:27]    📊 Polymarket: 456 個市場已更新
[21:04:27] 驗證 1 個即時預測...
[21:09:31]    📡 三源抓取: CNN:50 → 合計 50 篇
[21:09:31]    沒有新推文
[事件偵測] 掃描最近 5 天的信號模式...
[事件偵測]    最近 5 天的信號:
[事件偵測]    2026-07-17: 0 篇 | T=0 D=0 R=0
[事件偵測]    2026-07-16: 0 篇 | T=0 D=0 R=0
[事件偵測]    2026-07-15: 0 篇 | T=0 D=0 R=0
[事件偵測]    2026-07-14: 0 篇 | T=0 D=0 R=0
[事件偵測]    2026-07-13: 0 篇 | T=0 D=0 R=0
[21:09:31]    事件偵測失敗: Expecting value: line 1 column 1 (char 0)
[21:09:31]    🪙 $TRUMP: $2.09 (-0.6%)
[21:09:31]    📊 Polymarket 快照: 456 個市場 (20 事件)
[21:09:31]    📊 Polymarket: 456 個市場已更新
[21:09:31] 驗證 1 個即時預測...
[21:14:34]    📡 三源抓取: CNN:50 → 合計 50 篇
[21:14:34]    沒有新推文
[事件偵測] 掃描最近 5 天的信號模式...
[事件偵測]    最近 5 天的信號:
[事件偵測]    2026-07-17: 0 篇 | T=0 D=0 R=0
[事件偵測]    2026-07-16: 0 篇 | T=0 D=0 R=0
[事件偵測]    2026-07-15: 0 篇 | T=0 D=0 R=0
[事件偵測]    2026-07-14: 0 篇 | T=0 D=0 R=0
[事件偵測]    2026-07-13: 0 篇 | T=0 D=0 R=0
[21:14:34]    事件偵測失敗: Expecting value: line 1 column 1 (char 0)
[21:14:34]    🪙 $TRUMP: $2.09 (-0.6%)
[21:14:34]    📊 Polymarket 快照: 456 個市場 (20 事件)
[21:14:34]    📊 Polymarket: 456 個市場已更新
[21:14:34] 驗證 1 個即時預測...
[21:19:37]    📡 三源抓取: CNN:50 → 合計 50 篇
[21:19:37]    沒有新推文
[事件偵測] 掃描最近 5 天的信號模式...
[事件偵測]    最近 5 天的信號:
[事件偵測]    2026-07-17: 0 篇 | T=0 D=0 R=0
[事件偵測]    2026-07-16: 0 篇 | T=0 D=0 R=0
[事件偵測]    2026-07-15: 0 篇 | T=0 D=0 R=0
[事件偵測]    2026-07-14: 0 篇 | T=0 D=0 R=0
[事件偵測]    2026-07-13: 0 篇 | T=0 D=0 R=0
[21:19:37]    事件偵測失敗: Expecting value: line 1 column 1 (char 0)
[21:19:38]    🪙 $TRUMP: $2.09 (-1.1%)
[21:19:38]    📊 Polymarket 快照: 456 個市場 (20 事件)
[21:19:38]    📊 Polymarket: 456 個市場已更新
[21:19:38] 驗證 1 個即時預測...
[21:24:41]    📡 三源抓取: CNN:50 → 合計 50 篇
[21:24:41]    沒有新推文
[事件偵測] 掃描最近 5 天的信號模式...
[事件偵測]    最近 5 天的信號:
[事件偵測]    2026-07-17: 0 篇 | T=0 D=0 R=0
[事件偵測]    2026-07-16: 0 篇 | T=0 D=0 R=0
[事件偵測]    2026-07-15: 0 篇 | T=0 D=0 R=0
[事件偵測]    2026-07-14: 0 篇 | T=0 D=0 R=0
[事件偵測]    2026-07-13: 0 篇 | T=0 D=0 R=0
[21:24:41]    事件偵測失敗: Expecting value: line 1 column 1 (char 0)
[21:24:42]    🪙 $TRUMP: $2.09 (-1.2%)
[21:24:42]    📊 Polymarket 快照: 456 個市場 (20 事件)
[21:24:42]    📊 Polymarket: 456 個市場已更新
[21:24:42] 驗證 1 個即時預測...
[21:29:45]    📡 三源抓取: CNN:50 → 合計 50 篇
[21:29:45]    沒有新推文
[事件偵測] 掃描最近 5 天的信號模式...
[事件偵測]    最近 5 天的信號:
[事件偵測]    2026-07-17: 0 篇 | T=0 D=0 R=0
[事件偵測]    2026-07-16: 0 篇 | T=0 D=0 R=0
[事件偵測]    2026-07-15: 0 篇 | T=0 D=0 R=0
[事件偵測]    2026-07-14: 0 篇 | T=0 D=0 R=0
[事件偵測]    2026-07-13: 0 篇 | T=0 D=0 R=0
[21:29:45]    事件偵測失敗: Expecting value: line 1 column 1 (char 0)
[21:29:45]    🪙 $TRUMP: $2.09 (-0.7%)
[21:29:45]    📊 Polymarket 快照: 456 個市場 (20 事件)
[21:29:45]    📊 Polymarket: 456 個市場已更新
[21:29:45] 驗證 1 個即時預測...
[21:34:48]    📡 三源抓取: CNN:50 → 合計 50 篇
[21:34:48]    沒有新推文
[事件偵測] 掃描最近 5 天的信號模式...
[事件偵測]    最近 5 天的信號:
[事件偵測]    2026-07-17: 0 篇 | T=0 D=0 R=0
[事件偵測]    2026-07-16: 0 篇 | T=0 D=0 R=0
[事件偵測]    2026-07-15: 0 篇 | T=0 D=0 R=0
[事件偵測]    2026-07-14: 0 篇 | T=0 D=0 R=0
[事件偵測]    2026-07-13: 0 篇 | T=0 D=0 R=0
[21:34:48]    事件偵測失敗: Expecting value: line 1 column 1 (char 0)
[21:34:49]    🪙 $TRUMP: $2.09 (-0.9%)
[21:34:49]    📊 Polymarket 快照: 456 個市場 (20 事件)
[21:34:49]    📊 Polymarket: 456 個市場已更新
[21:34:49] 驗證 1 個即時預測...
[21:39:53]    📡 三源抓取: CNN:50 → 合計 50 篇
[21:39:53]    沒有新推文
[事件偵測] 掃描最近 5 天的信號模式...
[事件偵測]    最近 5 天的信號:
[事件偵測]    2026-07-17: 0 篇 | T=0 D=0 R=0
[事件偵測]    2026-07-16: 0 篇 | T=0 D=0 R=0
[事件偵測]    2026-07-15: 0 篇 | T=0 D=0 R=0
[事件偵測]    2026-07-14: 0 篇 | T=0 D=0 R=0
[事件偵測]    2026-07-13: 0 篇 | T=0 D=0 R=0
[21:39:53]    事件偵測失敗: Expecting value: line 1 column 1 (char 0)
[21:39:53]    🪙 $TRUMP: $2.09 (-1.2%)
[21:39:54]    📊 Polymarket 快照: 456 個市場 (20 事件)
[21:39:54]    📊 Polymarket: 456 個市場已更新
[21:39:54] 驗證 1 個即時預測...
[21:44:58]    📡 三源抓取: CNN:50 → 合計 50 篇
[21:44:58]    沒有新推文
[事件偵測] 掃描最近 5 天的信號模式...
[事件偵測]    最近 5 天的信號:
[事件偵測]    2026-07-17: 0 篇 | T=0 D=0 R=0
[事件偵測]    2026-07-16: 0 篇 | T=0 D=0 R=0
[事件偵測]    2026-07-15: 0 篇 | T=0 D=0 R=0
[事件偵測]    2026-07-14: 0 篇 | T=0 D=0 R=0
[事件偵測]    2026-07-13: 0 篇 | T=0 D=0 R=0
[21:44:58]    事件偵測失敗: Expecting value: line 1 column 1 (char 0)
[21:44:58]    🪙 $TRUMP: $2.09 (-0.9%)
[21:44:58]    📊 Polymarket 快照: 456 個市場 (20 事件)
[21:44:58]    📊 Polymarket: 456 個市場已更新
[21:44:58] 驗證 1 個即時預測...
[21:50:01]    📡 三源抓取: CNN:50 → 合計 50 篇
[21:50:01]    沒有新推文
[事件偵測] 掃描最近 5 天的信號模式...
[事件偵測]    最近 5 天的信號:
[事件偵測]    2026-07-17: 0 篇 | T=0 D=0 R=0
[事件偵測]    2026-07-16: 0 篇 | T=0 D=0 R=0
[事件偵測]    2026-07-15: 0 篇 | T=0 D=0 R=0
[事件偵測]    2026-07-14: 0 篇 | T=0 D=0 R=0
[事件偵測]    2026-07-13: 0 篇 | T=0 D=0 R=0
[21:50:01]    事件偵測失敗: Expecting value: line 1 column 1 (char 0)
[21:50:01]    🪙 $TRUMP: $2.09 (-0.9%)
[21:50:02]    📊 Polymarket 快照: 456 個市場 (20 事件)
[21:50:02]    📊 Polymarket: 456 個市場已更新
[21:50:02] 驗證 1 個即時預測...
[21:55:05]    📡 三源抓取: CNN:50 → 合計 50 篇
[21:55:05]    沒有新推文
[事件偵測] 掃描最近 5 天的信號模式...
[事件偵測]    最近 5 天的信號:
[事件偵測]    2026-07-17: 0 篇 | T=0 D=0 R=0
[事件偵測]    2026-07-16: 0 篇 | T=0 D=0 R=0
[事件偵測]    2026-07-15: 0 篇 | T=0 D=0 R=0
[事件偵測]    2026-07-14: 0 篇 | T=0 D=0 R=0
[事件偵測]    2026-07-13: 0 篇 | T=0 D=0 R=0
[21:55:05]    事件偵測失敗: Expecting value: line 1 column 1 (char 0)
[21:55:05]    🪙 $TRUMP: $2.09 (-1.1%)
[21:55:06]    📊 Polymarket 快照: 476 個市場 (20 事件)
[21:55:06]    📊 Polymarket: 476 個市場已更新
[21:55:06] 驗證 1 個即時預測...
[22:00:08]    📡 三源抓取: CNN:50 → 合計 50 篇
[22:00:08]    沒有新推文
[事件偵測] 掃描最近 5 天的信號模式...
[事件偵測]    最近 5 天的信號:
[事件偵測]    2026-07-17: 0 篇 | T=0 D=0 R=0
[事件偵測]    2026-07-16: 0 篇 | T=0 D=0 R=0
[事件偵測]    2026-07-15: 0 篇 | T=0 D=0 R=0
[事件偵測]    2026-07-14: 0 篇 | T=0 D=0 R=0
[事件偵測]    2026-07-13: 0 篇 | T=0 D=0 R=0
[22:00:08]    事件偵測失敗: Expecting value: line 1 column 1 (char 0)
[22:00:09]    🪙 $TRUMP: $2.09 (-1.1%)
[22:00:09]    📊 Polymarket 快照: 476 個市場 (20 事件)
[22:00:14]    📊 Polymarket: 476 個市場已更新
[22:00:14] 驗證 1 個即時預測...
[22:05:18]    📡 三源抓取: CNN:50 → 合計 50 篇
[22:05:18]    沒有新推文
[事件偵測] 掃描最近 5 天的信號模式...
[事件偵測]    最近 5 天的信號:
[事件偵測]    2026-07-17: 0 篇 | T=0 D=0 R=0
[事件偵測]    2026-07-16: 0 篇 | T=0 D=0 R=0
[事件偵測]    2026-07-15: 0 篇 | T=0 D=0 R=0
[事件偵測]    2026-07-14: 0 篇 | T=0 D=0 R=0
[事件偵測]    2026-07-13: 0 篇 | T=0 D=0 R=0
[22:05:18]    事件偵測失敗: Expecting value: line 1 column 1 (char 0)
[22:05:18]    🪙 $TRUMP: $2.09 (-0.9%)
[22:05:18]    📊 Polymarket 快照: 476 個市場 (20 事件)
[22:05:18]    📊 Polymarket: 476 個市場已更新
[22:05:18] 驗證 1 個即時預測...
[22:10:21]    📡 三源抓取: CNN:50 → 合計 50 篇
[22:10:21]    沒有新推文
[事件偵測] 掃描最近 5 天的信號模式...
[事件偵測]    最近 5 天的信號:
[事件偵測]    2026-07-17: 0 篇 | T=0 D=0 R=0
[事件偵測]    2026-07-16: 0 篇 | T=0 D=0 R=0
[事件偵測]    2026-07-15: 0 篇 | T=0 D=0 R=0
[事件偵測]    2026-07-14: 0 篇 | T=0 D=0 R=0
[事件偵測]    2026-07-13: 0 篇 | T=0 D=0 R=0
[22:10:21]    事件偵測失敗: Expecting value: line 1 column 1 (char 0)
[22:10:21]    🪙 $TRUMP: $2.09 (-0.1%)
[22:10:22]    📊 Polymarket 快照: 476 個市場 (20 事件)
[22:10:22]    📊 Polymarket: 476 個市場已更新
[22:10:22] 驗證 1 個即時預測...
[22:15:25]    📡 三源抓取: CNN:50 → 合計 50 篇
[22:15:25]    沒有新推文
[事件偵測] 掃描最近 5 天的信號模式...
[事件偵測]    最近 5 天的信號:
[事件偵測]    2026-07-17: 0 篇 | T=0 D=0 R=0
[事件偵測]    2026-07-16: 0 篇 | T=0 D=0 R=0
[事件偵測]    2026-07-15: 0 篇 | T=0 D=0 R=0
[事件偵測]    2026-07-14: 0 篇 | T=0 D=0 R=0
[事件偵測]    2026-07-13: 0 篇 | T=0 D=0 R=0
[22:15:25]    事件偵測失敗: Expecting value: line 1 column 1 (char 0)
[22:15:25]    🪙 $TRUMP: $2.10 (-0.3%)
[22:15:26]    📊 Polymarket 快照: 476 個市場 (20 事件)
[22:15:26]    📊 Polymarket: 476 個市場已更新
[22:15:26] 驗證 1 個即時預測...
[22:20:29]    📡 三源抓取: CNN:50 → 合計 50 篇
[22:20:29]    沒有新推文
[事件偵測] 掃描最近 5 天的信號模式...
[事件偵測]    最近 5 天的信號:
[事件偵測]    2026-07-17: 0 篇 | T=0 D=0 R=0
[事件偵測]    2026-07-16: 0 篇 | T=0 D=0 R=0
[事件偵測]    2026-07-15: 0 篇 | T=0 D=0 R=0
[事件偵測]    2026-07-14: 0 篇 | T=0 D=0 R=0
[事件偵測]    2026-07-13: 0 篇 | T=0 D=0 R=0
[22:20:29]    事件偵測失敗: Expecting value: line 1 column 1 (char 0)
[22:20:29]    🪙 $TRUMP: $2.10 (+0.6%)
[22:20:29]    📊 Polymarket 快照: 476 個市場 (20 事件)
[22:20:29]    📊 Polymarket: 476 個市場已更新
[22:20:29] 驗證 1 個即時預測...
[22:25:33]    📡 三源抓取: CNN:50 → 合計 50 篇
[22:25:33]    沒有新推文
[事件偵測] 掃描最近 5 天的信號模式...
[事件偵測]    最近 5 天的信號:
[事件偵測]    2026-07-17: 0 篇 | T=0 D=0 R=0
[事件偵測]    2026-07-16: 0 篇 | T=0 D=0 R=0
[事件偵測]    2026-07-15: 0 篇 | T=0 D=0 R=0
[事件偵測]    2026-07-14: 0 篇 | T=0 D=0 R=0
[事件偵測]    2026-07-13: 0 篇 | T=0 D=0 R=0
[22:25:33]    事件偵測失敗: Expecting value: line 1 column 1 (char 0)
[22:25:33]    🪙 $TRUMP: $2.11 (+1.3%)
[22:25:33]    📊 Polymarket 快照: 422 個市場 (20 事件)
[22:25:33]    📊 Polymarket: 422 個市場已更新
[22:25:33] 驗證 1 個即時預測...
[22:30:37]    📡 三源抓取: CNN:50 → 合計 50 篇
[22:30:37]    沒有新推文
[事件偵測] 掃描最近 5 天的信號模式...
[事件偵測]    最近 5 天的信號:
[事件偵測]    2026-07-17: 0 篇 | T=0 D=0 R=0
[事件偵測]    2026-07-16: 0 篇 | T=0 D=0 R=0
[事件偵測]    2026-07-15: 0 篇 | T=0 D=0 R=0
[事件偵測]    2026-07-14: 0 篇 | T=0 D=0 R=0
[事件偵測]    2026-07-13: 0 篇 | T=0 D=0 R=0
[22:30:38]    事件偵測失敗: Expecting value: line 1 column 1 (char 0)
[22:30:38]    🪙 $TRUMP: $2.10 (+1.1%)
[22:30:38]    📊 Polymarket 快照: 422 個市場 (20 事件)
[22:30:38]    📊 Polymarket: 422 個市場已更新
[22:30:38] 驗證 1 個即時預測...
[22:35:41]    📡 三源抓取: CNN:50 → 合計 50 篇
[22:35:41]    沒有新推文
[事件偵測] 掃描最近 5 天的信號模式...
[事件偵測]    最近 5 天的信號:
[事件偵測]    2026-07-17: 0 篇 | T=0 D=0 R=0
[事件偵測]    2026-07-16: 0 篇 | T=0 D=0 R=0
[事件偵測]    2026-07-15: 0 篇 | T=0 D=0 R=0
[事件偵測]    2026-07-14: 0 篇 | T=0 D=0 R=0
[事件偵測]    2026-07-13: 0 篇 | T=0 D=0 R=0
[22:35:41]    事件偵測失敗: Expecting value: line 1 column 1 (char 0)
[22:35:42]    🪙 $TRUMP: $2.11 (+1.1%)
[22:35:42]    📊 Polymarket 快照: 422 個市場 (20 事件)
[22:35:42]    📊 Polymarket: 422 個市場已更新
[22:35:42] 驗證 1 個即時預測...
[22:40:44]    📡 三源抓取: CNN:50 → 合計 50 篇
[22:40:44]    沒有新推文
[事件偵測] 掃描最近 5 天的信號模式...
[事件偵測]    最近 5 天的信號:
[事件偵測]    2026-07-17: 0 篇 | T=0 D=0 R=0
[事件偵測]    2026-07-16: 0 篇 | T=0 D=0 R=0
[事件偵測]    2026-07-15: 0 篇 | T=0 D=0 R=0
[事件偵測]    2026-07-14: 0 篇 | T=0 D=0 R=0
[事件偵測]    2026-07-13: 0 篇 | T=0 D=0 R=0
[22:40:44]    事件偵測失敗: Expecting value: line 1 column 1 (char 0)
[22:40:45]    🪙 $TRUMP: $2.11 (+1.7%)
[22:40:45]    📊 Polymarket 快照: 422 個市場 (20 事件)
[22:40:45]    📊 Polymarket: 422 個市場已更新
[22:40:45] 驗證 1 個即時預測...
[22:45:53]    📡 三源抓取: CNN:50 → 合計 50 篇
[22:45:53]    沒有新推文
[事件偵測] 掃描最近 5 天的信號模式...
[事件偵測]    最近 5 天的信號:
[事件偵測]    2026-07-17: 0 篇 | T=0 D=0 R=0
[事件偵測]    2026-07-16: 0 篇 | T=0 D=0 R=0
[事件偵測]    2026-07-15: 0 篇 | T=0 D=0 R=0
[事件偵測]    2026-07-14: 0 篇 | T=0 D=0 R=0
[事件偵測]    2026-07-13: 0 篇 | T=0 D=0 R=0
[22:45:53]    事件偵測失敗: Expecting value: line 1 column 1 (char 0)
[22:45:53]    🪙 $TRUMP: $2.12 (+2.2%)
[22:45:54]    📊 Polymarket 快照: 428 個市場 (20 事件)
[22:45:54]    📊 Polymarket: 428 個市場已更新
[22:45:54] 驗證 1 個即時預測...
[22:50:58]    📡 三源抓取: CNN:50 → 合計 50 篇
[22:50:58]    沒有新推文
[事件偵測] 掃描最近 5 天的信號模式...
[事件偵測]    最近 5 天的信號:
[事件偵測]    2026-07-17: 0 篇 | T=0 D=0 R=0
[事件偵測]    2026-07-16: 0 篇 | T=0 D=0 R=0
[事件偵測]    2026-07-15: 0 篇 | T=0 D=0 R=0
[事件偵測]    2026-07-14: 0 篇 | T=0 D=0 R=0
[事件偵測]    2026-07-13: 0 篇 | T=0 D=0 R=0
[22:50:58]    事件偵測失敗: Expecting value: line 1 column 1 (char 0)
[22:50:58]    🪙 $TRUMP: $2.12 (+1.9%)
[22:50:58]    📊 Polymarket 快照: 428 個市場 (20 事件)
[22:50:58]    📊 Polymarket: 428 個市場已更新
[22:50:58] 驗證 1 個即時預測...
[22:56:02]    📡 三源抓取: CNN:50 → 合計 50 篇
[22:56:02]    沒有新推文
[事件偵測] 掃描最近 5 天的信號模式...
[事件偵測]    最近 5 天的信號:
[事件偵測]    2026-07-17: 0 篇 | T=0 D=0 R=0
[事件偵測]    2026-07-16: 0 篇 | T=0 D=0 R=0
[事件偵測]    2026-07-15: 0 篇 | T=0 D=0 R=0
[事件偵測]    2026-07-14: 0 篇 | T=0 D=0 R=0
[事件偵測]    2026-07-13: 0 篇 | T=0 D=0 R=0
[22:56:02]    事件偵測失敗: Expecting value: line 1 column 1 (char 0)
[22:56:02]    🪙 $TRUMP: $2.12 (+2.2%)
[22:56:02]    📊 Polymarket 快照: 428 個市場 (20 事件)
[22:56:02]    📊 Polymarket: 428 個市場已更新
[22:56:02] 驗證 1 個即時預測...
[23:01:06]    📡 三源抓取: CNN:50 → 合計 50 篇
[23:01:06]    沒有新推文
[事件偵測] 掃描最近 5 天的信號模式...
[事件偵測]    最近 5 天的信號:
[事件偵測]    2026-07-17: 0 篇 | T=0 D=0 R=0
[事件偵測]    2026-07-16: 0 篇 | T=0 D=0 R=0
[事件偵測]    2026-07-15: 0 篇 | T=0 D=0 R=0
[事件偵測]    2026-07-14: 0 篇 | T=0 D=0 R=0
[事件偵測]    2026-07-13: 0 篇 | T=0 D=0 R=0
[23:01:06]    事件偵測失敗: Expecting value: line 1 column 1 (char 0)
[23:01:06]    🪙 $TRUMP: $2.13 (+2.4%)
[23:01:07]    📊 Polymarket 快照: 428 個市場 (20 事件)
[23:01:07]    📊 Polymarket: 428 個市場已更新
[23:01:07] 驗證 1 個即時預測...
[23:06:10]    📡 三源抓取: CNN:50 → 合計 50 篇
[23:06:10]    沒有新推文
[事件偵測] 掃描最近 5 天的信號模式...
[事件偵測]    最近 5 天的信號:
[事件偵測]    2026-07-17: 0 篇 | T=0 D=0 R=0
[事件偵測]    2026-07-16: 0 篇 | T=0 D=0 R=0
[事件偵測]    2026-07-15: 0 篇 | T=0 D=0 R=0
[事件偵測]    2026-07-14: 0 篇 | T=0 D=0 R=0
[事件偵測]    2026-07-13: 0 篇 | T=0 D=0 R=0
[23:06:10]    事件偵測失敗: Expecting value: line 1 column 1 (char 0)
[23:06:10]    🪙 $TRUMP: $2.13 (+2.1%)
[23:06:10]    📊 Polymarket 快照: 428 個市場 (20 事件)
[23:06:10]    📊 Polymarket: 428 個市場已更新
[23:06:10] 驗證 1 個即時預測...
[23:11:14]    📡 三源抓取: CNN:50 → 合計 50 篇
[23:11:14]    沒有新推文
[事件偵測] 掃描最近 5 天的信號模式...
[事件偵測]    最近 5 天的信號:
[事件偵測]    2026-07-17: 0 篇 | T=0 D=0 R=0
[事件偵測]    2026-07-16: 0 篇 | T=0 D=0 R=0
[事件偵測]    2026-07-15: 0 篇 | T=0 D=0 R=0
[事件偵測]    2026-07-14: 0 篇 | T=0 D=0 R=0
[事件偵測]    2026-07-13: 0 篇 | T=0 D=0 R=0
[23:11:14]    事件偵測失敗: Expecting value: line 1 column 1 (char 0)
[23:11:14]    🪙 $TRUMP: $2.12 (+1.7%)
[23:11:14]    📊 Polymarket 快照: 428 個市場 (20 事件)
[23:11:14]    📊 Polymarket: 428 個市場已更新
[23:11:14] 驗證 1 個即時預測...
[23:16:18]    📡 三源抓取: CNN:50 → 合計 50 篇
[23:16:18]    沒有新推文
[事件偵測] 掃描最近 5 天的信號模式...
[事件偵測]    最近 5 天的信號:
[事件偵測]    2026-07-17: 0 篇 | T=0 D=0 R=0
[事件偵測]    2026-07-16: 0 篇 | T=0 D=0 R=0
[事件偵測]    2026-07-15: 0 篇 | T=0 D=0 R=0
[事件偵測]    2026-07-14: 0 篇 | T=0 D=0 R=0
[事件偵測]    2026-07-13: 0 篇 | T=0 D=0 R=0
[23:16:18]    事件偵測失敗: Expecting value: line 1 column 1 (char 0)
[23:16:18]    🪙 $TRUMP: $2.12 (+1.9%)
[23:16:18]    📊 Polymarket 快照: 428 個市場 (20 事件)
[23:16:18]    📊 Polymarket: 428 個市場已更新
[23:16:18] 驗證 1 個即時預測...
[23:21:21]    📡 三源抓取: CNN:50 → 合計 50 篇
[23:21:21]    沒有新推文
[事件偵測] 掃描最近 5 天的信號模式...
[事件偵測]    最近 5 天的信號:
[事件偵測]    2026-07-17: 0 篇 | T=0 D=0 R=0
[事件偵測]    2026-07-16: 0 篇 | T=0 D=0 R=0
[事件偵測]    2026-07-15: 0 篇 | T=0 D=0 R=0
[事件偵測]    2026-07-14: 0 篇 | T=0 D=0 R=0
[事件偵測]    2026-07-13: 0 篇 | T=0 D=0 R=0
[23:21:21]    事件偵測失敗: Expecting value: line 1 column 1 (char 0)
[23:21:22]    🪙 $TRUMP: $2.12 (+1.9%)
[23:21:22]    📊 Polymarket 快照: 428 個市場 (20 事件)
[23:21:22]    📊 Polymarket: 428 個市場已更新
[23:21:22] 驗證 1 個即時預測...
[23:26:26]    📡 三源抓取: CNN:50 → 合計 50 篇
[23:26:26]    沒有新推文
[事件偵測] 掃描最近 5 天的信號模式...
[事件偵測]    最近 5 天的信號:
[事件偵測]    2026-07-17: 0 篇 | T=0 D=0 R=0
[事件偵測]    2026-07-16: 0 篇 | T=0 D=0 R=0
[事件偵測]    2026-07-15: 0 篇 | T=0 D=0 R=0
[事件偵測]    2026-07-14: 0 篇 | T=0 D=0 R=0
[事件偵測]    2026-07-13: 0 篇 | T=0 D=0 R=0
[23:26:26]    事件偵測失敗: Expecting value: line 1 column 1 (char 0)
[23:26:26]    🪙 $TRUMP: $2.12 (+1.8%)
[23:26:26]    📊 Polymarket 快照: 428 個市場 (20 事件)
[23:26:26]    📊 Polymarket: 428 個市場已更新
[23:26:26] 驗證 1 個即時預測...
[23:31:30]    📡 三源抓取: CNN:50 → 合計 50 篇
[23:31:30]    沒有新推文
[事件偵測] 掃描最近 5 天的信號模式...
[事件偵測]    最近 5 天的信號:
[事件偵測]    2026-07-17: 0 篇 | T=0 D=0 R=0
[事件偵測]    2026-07-16: 0 篇 | T=0 D=0 R=0
[事件偵測]    2026-07-15: 0 篇 | T=0 D=0 R=0
[事件偵測]    2026-07-14: 0 篇 | T=0 D=0 R=0
[事件偵測]    2026-07-13: 0 篇 | T=0 D=0 R=0
[23:31:30]    事件偵測失敗: Expecting value: line 1 column 1 (char 0)
[23:31:30]    🪙 $TRUMP: $2.12 (+1.8%)
[23:31:30]    📊 Polymarket 快照: 428 個市場 (20 事件)
[23:31:30]    📊 Polymarket: 428 個市場已更新
[23:31:30] 驗證 1 個即時預測...
[23:36:34]    📡 三源抓取: CNN:50 → 合計 50 篇
[23:36:34]    沒有新推文
[事件偵測] 掃描最近 5 天的信號模式...
[事件偵測]    最近 5 天的信號:
[事件偵測]    2026-07-17: 0 篇 | T=0 D=0 R=0
[事件偵測]    2026-07-16: 0 篇 | T=0 D=0 R=0
[事件偵測]    2026-07-15: 0 篇 | T=0 D=0 R=0
[事件偵測]    2026-07-14: 0 篇 | T=0 D=0 R=0
[事件偵測]    2026-07-13: 0 篇 | T=0 D=0 R=0
[23:36:34]    事件偵測失敗: Expecting value: line 1 column 1 (char 0)
[23:36:34]    🪙 $TRUMP: $2.12 (+1.8%)
[23:36:35]    📊 Polymarket 快照: 428 個市場 (20 事件)
[23:36:35]    📊 Polymarket: 428 個市場已更新
[23:36:35] 驗證 1 個即時預測...
[23:41:38]    📡 三源抓取: CNN:50 → 合計 50 篇
[23:41:38]    沒有新推文
[事件偵測] 掃描最近 5 天的信號模式...
[事件偵測]    最近 5 天的信號:
[事件偵測]    2026-07-17: 0 篇 | T=0 D=0 R=0
[事件偵測]    2026-07-16: 0 篇 | T=0 D=0 R=0
[事件偵測]    2026-07-15: 0 篇 | T=0 D=0 R=0
[事件偵測]    2026-07-14: 0 篇 | T=0 D=0 R=0
[事件偵測]    2026-07-13: 0 篇 | T=0 D=0 R=0
[23:41:38]    事件偵測失敗: Expecting value: line 1 column 1 (char 0)
[23:41:39]    🪙 $TRUMP: $2.12 (+1.9%)
[23:41:39]    📊 Polymarket 快照: 408 個市場 (20 事件)
[23:41:39]    📊 Polymarket: 408 個市場已更新
[23:41:39] 驗證 1 個即時預測...
[23:46:43]    📡 三源抓取: CNN:50 → 合計 50 篇
[23:46:43]    沒有新推文
[事件偵測] 掃描最近 5 天的信號模式...
[事件偵測]    最近 5 天的信號:
[事件偵測]    2026-07-17: 0 篇 | T=0 D=0 R=0
[事件偵測]    2026-07-16: 0 篇 | T=0 D=0 R=0
[事件偵測]    2026-07-15: 0 篇 | T=0 D=0 R=0
[事件偵測]    2026-07-14: 0 篇 | T=0 D=0 R=0
[事件偵測]    2026-07-13: 0 篇 | T=0 D=0 R=0
[23:46:43]    事件偵測失敗: Expecting value: line 1 column 1 (char 0)
[23:46:43]    🪙 $TRUMP: $2.12 (+2.1%)
[23:46:43]    📊 Polymarket 快照: 408 個市場 (20 事件)
[23:46:43]    📊 Polymarket: 408 個市場已更新
[23:46:43] 驗證 1 個即時預測...
[23:51:47]    📡 三源抓取: CNN:50 → 合計 50 篇
[23:51:47]    沒有新推文
[事件偵測] 掃描最近 5 天的信號模式...
[事件偵測]    最近 5 天的信號:
[事件偵測]    2026-07-17: 0 篇 | T=0 D=0 R=0
[事件偵測]    2026-07-16: 0 篇 | T=0 D=0 R=0
[事件偵測]    2026-07-15: 0 篇 | T=0 D=0 R=0
[事件偵測]    2026-07-14: 0 篇 | T=0 D=0 R=0
[事件偵測]    2026-07-13: 0 篇 | T=0 D=0 R=0
[23:51:47]    事件偵測失敗: Expecting value: line 1 column 1 (char 0)
[23:51:47]    🪙 $TRUMP: $2.12 (+2.1%)
[23:51:48]    📊 Polymarket 快照: 408 個市場 (20 事件)
[23:51:48]    📊 Polymarket: 408 個市場已更新
[23:51:48] 驗證 1 個即時預測...
[23:56:51]    📡 三源抓取: CNN:50 → 合計 50 篇
[23:56:51]    沒有新推文
[事件偵測] 掃描最近 5 天的信號模式...
[事件偵測]    最近 5 天的信號:
[事件偵測]    2026-07-17: 0 篇 | T=0 D=0 R=0
[事件偵測]    2026-07-16: 0 篇 | T=0 D=0 R=0
[事件偵測]    2026-07-15: 0 篇 | T=0 D=0 R=0
[事件偵測]    2026-07-14: 0 篇 | T=0 D=0 R=0
[事件偵測]    2026-07-13: 0 篇 | T=0 D=0 R=0
[23:56:51]    事件偵測失敗: Expecting value: line 1 column 1 (char 0)
[23:56:52]    🪙 $TRUMP: $2.12 (+2.3%)
[23:56:52]    📊 Polymarket 快照: 408 個市場 (20 事件)
[23:56:52]    📊 Polymarket: 408 個市場已更新
[23:56:52] 驗證 1 個即時預測...
[00:01:55]    📡 三源抓取: CNN:50 → 合計 50 篇
[00:01:55]    沒有新推文
[事件偵測] 掃描最近 5 天的信號模式...
[事件偵測]    最近 5 天的信號:
[事件偵測]    2026-07-17: 0 篇 | T=0 D=0 R=0
[事件偵測]    2026-07-16: 0 篇 | T=0 D=0 R=0
[事件偵測]    2026-07-15: 0 篇 | T=0 D=0 R=0
[事件偵測]    2026-07-14: 0 篇 | T=0 D=0 R=0
[事件偵測]    2026-07-13: 0 篇 | T=0 D=0 R=0
[00:01:55]    事件偵測失敗: Expecting value: line 1 column 1 (char 0)
[00:01:55]    🪙 $TRUMP: $2.12 (+2.2%)
[00:01:56]    📊 Polymarket 快照: 408 個市場 (20 事件)
[00:01:56]    📊 Polymarket: 408 個市場已更新
[00:01:56] 驗證 1 個即時預測...
[00:07:00]    📡 三源抓取: CNN:50 → 合計 50 篇
[00:07:00]    沒有新推文
[事件偵測] 掃描最近 5 天的信號模式...
[事件偵測]    最近 5 天的信號:
[事件偵測]    2026-07-17: 0 篇 | T=0 D=0 R=0
[事件偵測]    2026-07-16: 0 篇 | T=0 D=0 R=0
[事件偵測]    2026-07-15: 0 篇 | T=0 D=0 R=0
[事件偵測]    2026-07-14: 0 篇 | T=0 D=0 R=0
[事件偵測]    2026-07-13: 0 篇 | T=0 D=0 R=0
[00:07:00]    事件偵測失敗: Expecting value: line 1 column 1 (char 0)
[00:07:00]    🪙 $TRUMP: $2.11 (+1.1%)
[00:07:01]    📊 Polymarket 快照: 408 個市場 (20 事件)
[00:07:01]    📊 Polymarket: 408 個市場已更新
[00:07:01] 驗證 1 個即時預測...
[00:12:04]    📡 三源抓取: CNN:50 → 合計 50 篇
[00:12:04]    沒有新推文
[事件偵測] 掃描最近 5 天的信號模式...
[事件偵測]    最近 5 天的信號:
[事件偵測]    2026-07-17: 0 篇 | T=0 D=0 R=0
[事件偵測]    2026-07-16: 0 篇 | T=0 D=0 R=0
[事件偵測]    2026-07-15: 0 篇 | T=0 D=0 R=0
[事件偵測]    2026-07-14: 0 篇 | T=0 D=0 R=0
[事件偵測]    2026-07-13: 0 篇 | T=0 D=0 R=0
[00:12:04]    事件偵測失敗: Expecting value: line 1 column 1 (char 0)
[00:12:05]    🪙 $TRUMP: $2.12 (+1.1%)
[00:12:05]    📊 Polymarket 快照: 408 個市場 (20 事件)
[00:12:05]    📊 Polymarket: 408 個市場已更新
[00:12:05] 驗證 1 個即時預測...
[00:17:08]    📡 三源抓取: CNN:50 → 合計 50 篇
[00:17:08]    沒有新推文
[事件偵測] 掃描最近 5 天的信號模式...
[事件偵測]    最近 5 天的信號:
[事件偵測]    2026-07-17: 0 篇 | T=0 D=0 R=0
[事件偵測]    2026-07-16: 0 篇 | T=0 D=0 R=0
[事件偵測]    2026-07-15: 0 篇 | T=0 D=0 R=0
[事件偵測]    2026-07-14: 0 篇 | T=0 D=0 R=0
[事件偵測]    2026-07-13: 0 篇 | T=0 D=0 R=0
[00:17:09]    事件偵測失敗: Expecting value: line 1 column 1 (char 0)
[00:17:09]    🪙 $TRUMP: $2.13 (+1.5%)
[00:17:09]    📊 Polymarket 快照: 408 個市場 (20 事件)
[00:17:09]    📊 Polymarket: 408 個市場已更新
[00:17:09] 驗證 1 個即時預測...
[00:22:12]    📡 三源抓取: CNN:50 → 合計 50 篇
[00:22:12]    沒有新推文
[事件偵測] 掃描最近 5 天的信號模式...
[事件偵測]    最近 5 天的信號:
[事件偵測]    2026-07-17: 0 篇 | T=0 D=0 R=0
[事件偵測]    2026-07-16: 0 篇 | T=0 D=0 R=0
[事件偵測]    2026-07-15: 0 篇 | T=0 D=0 R=0
[事件偵測]    2026-07-14: 0 篇 | T=0 D=0 R=0
[事件偵測]    2026-07-13: 0 篇 | T=0 D=0 R=0
[00:22:12]    事件偵測失敗: Expecting value: line 1 column 1 (char 0)
[00:22:12]    🪙 $TRUMP: $2.12 (+1.1%)
[00:22:13]    📊 Polymarket 快照: 408 個市場 (20 事件)
[00:22:13]    📊 Polymarket: 408 個市場已更新
[00:22:13] 驗證 1 個即時預測...
[00:27:17]    📡 三源抓取: CNN:50 → 合計 50 篇
[00:27:17]    沒有新推文
[事件偵測] 掃描最近 5 天的信號模式...
[事件偵測]    最近 5 天的信號:
[事件偵測]    2026-07-17: 0 篇 | T=0 D=0 R=0
[事件偵測]    2026-07-16: 0 篇 | T=0 D=0 R=0
[事件偵測]    2026-07-15: 0 篇 | T=0 D=0 R=0
[事件偵測]    2026-07-14: 0 篇 | T=0 D=0 R=0
[事件偵測]    2026-07-13: 0 篇 | T=0 D=0 R=0
[00:27:17]    事件偵測失敗: Expecting value: line 1 column 1 (char 0)
[00:27:17]    🪙 $TRUMP: $2.12 (+1.6%)
[00:27:17]    📊 Polymarket 快照: 408 個市場 (20 事件)
[00:27:17]    📊 Polymarket: 408 個市場已更新
[00:27:17] 驗證 1 個即時預測...
[00:32:22]    📡 三源抓取: CNN:50 → 合計 50 篇
[00:32:25]    沒有新推文
[事件偵測] 掃描最近 5 天的信號模式...
[事件偵測]    最近 5 天的信號:
[事件偵測]    2026-07-17: 0 篇 | T=0 D=0 R=0
[事件偵測]    2026-07-16: 0 篇 | T=0 D=0 R=0
[事件偵測]    2026-07-15: 0 篇 | T=0 D=0 R=0
[事件偵測]    2026-07-14: 0 篇 | T=0 D=0 R=0
[事件偵測]    2026-07-13: 0 篇 | T=0 D=0 R=0
[00:32:25]    事件偵測失敗: Expecting value: line 1 column 1 (char 0)
[00:32:26]    🪙 $TRUMP: $2.12 (+1.4%)
[00:32:26]    📊 Polymarket 快照: 408 個市場 (20 事件)
[00:32:26]    📊 Polymarket: 408 個市場已更新
[00:32:26] 驗證 1 個即時預測...
[00:37:29]    📡 三源抓取: CNN:50 → 合計 50 篇
[00:37:29]    沒有新推文
[事件偵測] 掃描最近 5 天的信號模式...
[事件偵測]    最近 5 天的信號:
[事件偵測]    2026-07-17: 0 篇 | T=0 D=0 R=0
[事件偵測]    2026-07-16: 0 篇 | T=0 D=0 R=0
[事件偵測]    2026-07-15: 0 篇 | T=0 D=0 R=0
[事件偵測]    2026-07-14: 0 篇 | T=0 D=0 R=0
[事件偵測]    2026-07-13: 0 篇 | T=0 D=0 R=0
[00:37:29]    事件偵測失敗: Expecting value: line 1 column 1 (char 0)
[00:37:29]    🪙 $TRUMP: $2.11 (+0.6%)
[00:37:33]    📊 Polymarket 快照: 408 個市場 (20 事件)
[00:37:33]    📊 Polymarket: 408 個市場已更新
[00:37:33] 驗證 1 個即時預測...
[00:42:35]    📡 三源抓取: CNN:50 → 合計 50 篇
[00:42:36]    沒有新推文
[事件偵測] 掃描最近 5 天的信號模式...
[事件偵測]    最近 5 天的信號:
[事件偵測]    2026-07-17: 0 篇 | T=0 D=0 R=0
[事件偵測]    2026-07-16: 0 篇 | T=0 D=0 R=0
[事件偵測]    2026-07-15: 0 篇 | T=0 D=0 R=0
[事件偵測]    2026-07-14: 0 篇 | T=0 D=0 R=0
[事件偵測]    2026-07-13: 0 篇 | T=0 D=0 R=0
[00:42:36]    事件偵測失敗: Expecting value: line 1 column 1 (char 0)
[00:42:36]    🪙 $TRUMP: $2.10 (+0.5%)
[00:42:36]    📊 Polymarket 快照: 408 個市場 (20 事件)
[00:42:36]    📊 Polymarket: 408 個市場已更新
[00:42:36] 驗證 1 個即時預測...
[00:47:39]    📡 三源抓取: CNN:50 → 合計 50 篇
[00:47:39]    沒有新推文
[事件偵測] 掃描最近 5 天的信號模式...
[事件偵測]    最近 5 天的信號:
[事件偵測]    2026-07-17: 0 篇 | T=0 D=0 R=0
[事件偵測]    2026-07-16: 0 篇 | T=0 D=0 R=0
[事件偵測]    2026-07-15: 0 篇 | T=0 D=0 R=0
[事件偵測]    2026-07-14: 0 篇 | T=0 D=0 R=0
[事件偵測]    2026-07-13: 0 篇 | T=0 D=0 R=0
[00:47:39]    事件偵測失敗: Expecting value: line 1 column 1 (char 0)
[00:47:39]    🪙 $TRUMP: $2.11 (+0.8%)
[00:47:39]    📊 Polymarket 快照: 408 個市場 (20 事件)
[00:47:39]    📊 Polymarket: 408 個市場已更新
[00:47:39] 驗證 1 個即時預測...
[00:52:42]    📡 三源抓取: CNN:50 → 合計 50 篇
[00:52:42]    沒有新推文
[事件偵測] 掃描最近 5 天的信號模式...
[事件偵測]    最近 5 天的信號:
[事件偵測]    2026-07-17: 0 篇 | T=0 D=0 R=0
[事件偵測]    2026-07-16: 0 篇 | T=0 D=0 R=0
[事件偵測]    2026-07-15: 0 篇 | T=0 D=0 R=0
[事件偵測]    2026-07-14: 0 篇 | T=0 D=0 R=0
[事件偵測]    2026-07-13: 0 篇 | T=0 D=0 R=0
[00:52:42]    事件偵測失敗: Expecting value: line 1 column 1 (char 0)
[00:52:43]    🪙 $TRUMP: $2.11 (+0.9%)
[00:52:43]    📊 Polymarket 快照: 408 個市場 (20 事件)
[00:52:43]    📊 Polymarket: 408 個市場已更新
[00:52:43] 驗證 1 個即時預測...
[00:57:47]    📡 三源抓取: CNN:50 → 合計 50 篇
[00:57:47]    沒有新推文
[事件偵測] 掃描最近 5 天的信號模式...
[事件偵測]    最近 5 天的信號:
[事件偵測]    2026-07-17: 0 篇 | T=0 D=0 R=0
[事件偵測]    2026-07-16: 0 篇 | T=0 D=0 R=0
[事件偵測]    2026-07-15: 0 篇 | T=0 D=0 R=0
[事件偵測]    2026-07-14: 0 篇 | T=0 D=0 R=0
[事件偵測]    2026-07-13: 0 篇 | T=0 D=0 R=0
[00:57:47]    事件偵測失敗: Expecting value: line 1 column 1 (char 0)
[00:57:47]    🪙 $TRUMP: $2.11 (+0.8%)
[00:57:48]    📊 Polymarket 快照: 408 個市場 (20 事件)
[00:57:48]    📊 Polymarket: 408 個市場已更新
[00:57:48] 驗證 1 個即時預測...
[01:02:51]    📡 三源抓取: CNN:50 → 合計 50 篇
[01:02:51]    沒有新推文
[事件偵測] 掃描最近 5 天的信號模式...
[事件偵測]    最近 5 天的信號:
[事件偵測]    2026-07-17: 0 篇 | T=0 D=0 R=0
[事件偵測]    2026-07-16: 0 篇 | T=0 D=0 R=0
[事件偵測]    2026-07-15: 0 篇 | T=0 D=0 R=0
[事件偵測]    2026-07-14: 0 篇 | T=0 D=0 R=0
[事件偵測]    2026-07-13: 0 篇 | T=0 D=0 R=0
[01:02:51]    事件偵測失敗: Expecting value: line 1 column 1 (char 0)
[01:02:52]    🪙 $TRUMP: $2.11 (+0.2%)
[01:02:52]    📊 Polymarket 快照: 408 個市場 (20 事件)
[01:02:52]    📊 Polymarket: 408 個市場已更新
[01:02:52] 驗證 1 個即時預測...
[01:07:56]    📡 三源抓取: CNN:50 → 合計 50 篇
[01:07:56] 🆕 偵測到 2 篇新推文！
[01:07:57]    📥 寫入 2 篇新推文到 trump_posts_all.json（總計 46156 篇）
[01:07:58]    📊 Polymarket 快照: 408 個市場 (20 事件)
[01:07:58]    🪙 $TRUMP: $2.12 (+0.5%)
[01:07:58]    📝 [00:55] This is where we send our Killers, Drug Dealers, and Thugs. It's why Murder, and...
[01:07:58]       信號: DEAL(65%)
[01:07:58]       預測: PM UP (65%) | 追蹤 5 個市場
[01:07:58]    📝 [00:48] This is where we send our Killers, Drug Dealers, and Thugs. It's why Murder, and...
[01:07:58]       信號: DEAL(65%)
[01:07:58]       預測: PM UP (65%) | 追蹤 5 個市場
[事件偵測] 掃描最近 5 天的信號模式...
[事件偵測]    最近 5 天的信號:
[事件偵測]    2026-07-17: 0 篇 | T=0 D=0 R=0
[事件偵測]    2026-07-16: 0 篇 | T=0 D=0 R=0
[事件偵測]    2026-07-15: 0 篇 | T=0 D=0 R=0
[事件偵測]    2026-07-14: 0 篇 | T=0 D=0 R=0
[事件偵測]    2026-07-13: 0 篇 | T=0 D=0 R=0
[01:07:58]    事件偵測失敗: Expecting value: line 1 column 1 (char 0)
[01:07:58]    🪙 $TRUMP: $2.12 (+0.5%)
[01:07:58]    📊 Polymarket 快照: 408 個市場 (20 事件)
[01:07:58]    📊 Polymarket: 408 個市場已更新
[01:07:58] 驗證 3 個即時預測...
[01:07:59] 📊 本輪: 2 新推文 | 2 預測 | 0 驗證
[01:13:02]    📡 三源抓取: CNN:50 → 合計 50 篇
[01:13:02]    沒有新推文
[事件偵測] 掃描最近 5 天的信號模式...
[事件偵測]    最近 5 天的信號:
[事件偵測]    2026-07-17: 0 篇 | T=0 D=0 R=0
[事件偵測]    2026-07-16: 0 篇 | T=0 D=0 R=0
[事件偵測]    2026-07-15: 0 篇 | T=0 D=0 R=0
[事件偵測]    2026-07-14: 0 篇 | T=0 D=0 R=0
[事件偵測]    2026-07-13: 0 篇 | T=0 D=0 R=0
[01:13:02]    事件偵測失敗: Expecting value: line 1 column 1 (char 0)
[01:13:02]    🪙 $TRUMP: $2.12 (+0.1%)
[01:13:02]    📊 Polymarket 快照: 408 個市場 (20 事件)
[01:13:02]    📊 Polymarket: 408 個市場已更新
[01:13:02] 驗證 3 個即時預測...
[01:18:06]    📡 三源抓取: CNN:50 → 合計 50 篇
[01:18:06]    沒有新推文
[事件偵測] 掃描最近 5 天的信號模式...
[事件偵測]    最近 5 天的信號:
[事件偵測]    2026-07-17: 0 篇 | T=0 D=0 R=0
[事件偵測]    2026-07-16: 0 篇 | T=0 D=0 R=0
[事件偵測]    2026-07-15: 0 篇 | T=0 D=0 R=0
[事件偵測]    2026-07-14: 0 篇 | T=0 D=0 R=0
[事件偵測]    2026-07-13: 0 篇 | T=0 D=0 R=0
[01:18:06]    事件偵測失敗: Expecting value: line 1 column 1 (char 0)
[01:18:06]    🪙 $TRUMP: $2.11 (-0.1%)
[01:18:06]    📊 Polymarket 快照: 408 個市場 (20 事件)
[01:18:06]    📊 Polymarket: 408 個市場已更新
[01:18:06] 驗證 3 個即時預測...
[01:23:10]    📡 三源抓取: CNN:50 → 合計 50 篇
[01:23:10]    沒有新推文
[事件偵測] 掃描最近 5 天的信號模式...
[事件偵測]    最近 5 天的信號:
[事件偵測]    2026-07-17: 0 篇 | T=0 D=0 R=0
[事件偵測]    2026-07-16: 0 篇 | T=0 D=0 R=0
[事件偵測]    2026-07-15: 0 篇 | T=0 D=0 R=0
[事件偵測]    2026-07-14: 0 篇 | T=0 D=0 R=0
[事件偵測]    2026-07-13: 0 篇 | T=0 D=0 R=0
[01:23:10]    事件偵測失敗: Expecting value: line 1 column 1 (char 0)
[01:23:10]    🪙 $TRUMP: $2.12 (+0.9%)
[01:23:10]    📊 Polymarket 快照: 408 個市場 (20 事件)
[01:23:10]    📊 Polymarket: 408 個市場已更新
[01:23:10] 驗證 3 個即時預測...
[01:28:14]    📡 三源抓取: CNN:50 → 合計 50 篇
[01:28:14]    沒有新推文
[事件偵測] 掃描最近 5 天的信號模式...
[事件偵測]    最近 5 天的信號:
[事件偵測]    2026-07-17: 0 篇 | T=0 D=0 R=0
[事件偵測]    2026-07-16: 0 篇 | T=0 D=0 R=0
[事件偵測]    2026-07-15: 0 篇 | T=0 D=0 R=0
[事件偵測]    2026-07-14: 0 篇 | T=0 D=0 R=0
[事件偵測]    2026-07-13: 0 篇 | T=0 D=0 R=0
[01:28:14]    事件偵測失敗: Expecting value: line 1 column 1 (char 0)
[01:28:14]    🪙 $TRUMP: $2.12 (+1.1%)
[01:28:14]    📊 Polymarket 快照: 408 個市場 (20 事件)
[01:28:14]    📊 Polymarket: 408 個市場已更新
[01:28:14] 驗證 3 個即時預測...
[01:33:19]    📡 三源抓取: CNN:50 → 合計 50 篇
[01:33:19]    沒有新推文
[事件偵測] 掃描最近 5 天的信號模式...
[事件偵測]    最近 5 天的信號:
[事件偵測]    2026-07-17: 0 篇 | T=0 D=0 R=0
[事件偵測]    2026-07-16: 0 篇 | T=0 D=0 R=0
[事件偵測]    2026-07-15: 0 篇 | T=0 D=0 R=0
[事件偵測]    2026-07-14: 0 篇 | T=0 D=0 R=0
[事件偵測]    2026-07-13: 0 篇 | T=0 D=0 R=0
[01:33:19]    事件偵測失敗: Expecting value: line 1 column 1 (char 0)
[01:33:19]    🪙 $TRUMP: $2.12 (+1.5%)
[01:33:22]    📊 Polymarket 快照: 408 個市場 (20 事件)
[01:33:22]    📊 Polymarket: 408 個市場已更新
[01:33:22] 驗證 3 個即時預測...
[01:38:25]    📡 三源抓取: CNN:50 → 合計 50 篇
[01:38:25]    沒有新推文
[事件偵測] 掃描最近 5 天的信號模式...
[事件偵測]    最近 5 天的信號:
[事件偵測]    2026-07-17: 0 篇 | T=0 D=0 R=0
[事件偵測]    2026-07-16: 0 篇 | T=0 D=0 R=0
[事件偵測]    2026-07-15: 0 篇 | T=0 D=0 R=0
[事件偵測]    2026-07-14: 0 篇 | T=0 D=0 R=0
[事件偵測]    2026-07-13: 0 篇 | T=0 D=0 R=0
[01:38:25]    事件偵測失敗: Expecting value: line 1 column 1 (char 0)
[01:38:26]    🪙 $TRUMP: $2.12 (+1.7%)
[01:38:26]    📊 Polymarket 快照: 408 個市場 (20 事件)
[01:38:26]    📊 Polymarket: 408 個市場已更新
[01:38:26] 驗證 3 個即時預測...
[01:43:29]    📡 三源抓取: CNN:50 → 合計 50 篇
[01:43:29]    沒有新推文
[事件偵測] 掃描最近 5 天的信號模式...
[事件偵測]    最近 5 天的信號:
[事件偵測]    2026-07-17: 0 篇 | T=0 D=0 R=0
[事件偵測]    2026-07-16: 0 篇 | T=0 D=0 R=0
[事件偵測]    2026-07-15: 0 篇 | T=0 D=0 R=0
[事件偵測]    2026-07-14: 0 篇 | T=0 D=0 R=0
[事件偵測]    2026-07-13: 0 篇 | T=0 D=0 R=0
[01:43:29]    事件偵測失敗: Expecting value: line 1 column 1 (char 0)
[01:43:30]    🪙 $TRUMP: $2.13 (+1.6%)
[01:43:30]    📊 Polymarket 快照: 408 個市場 (20 事件)
[01:43:30]    📊 Polymarket: 408 個市場已更新
[01:43:30] 驗證 3 個即時預測...
[01:48:33]    📡 三源抓取: CNN:50 → 合計 50 篇
[01:48:33]    沒有新推文
[事件偵測] 掃描最近 5 天的信號模式...
[事件偵測]    最近 5 天的信號:
[事件偵測]    2026-07-17: 0 篇 | T=0 D=0 R=0
[事件偵測]    2026-07-16: 0 篇 | T=0 D=0 R=0
[事件偵測]    2026-07-15: 0 篇 | T=0 D=0 R=0
[事件偵測]    2026-07-14: 0 篇 | T=0 D=0 R=0
[事件偵測]    2026-07-13: 0 篇 | T=0 D=0 R=0
[01:48:33]    事件偵測失敗: Expecting value: line 1 column 1 (char 0)
[01:48:33]    🪙 $TRUMP: $2.13 (+1.5%)
[01:48:34]    📊 Polymarket 快照: 408 個市場 (20 事件)
[01:48:34]    📊 Polymarket: 408 個市場已更新
[01:48:34] 驗證 3 個即時預測...
[01:53:37]    📡 三源抓取: CNN:50 → 合計 50 篇
[01:53:37]    沒有新推文
[事件偵測] 掃描最近 5 天的信號模式...
[事件偵測]    最近 5 天的信號:
[事件偵測]    2026-07-17: 0 篇 | T=0 D=0 R=0
[事件偵測]    2026-07-16: 0 篇 | T=0 D=0 R=0
[事件偵測]    2026-07-15: 0 篇 | T=0 D=0 R=0
[事件偵測]    2026-07-14: 0 篇 | T=0 D=0 R=0
[事件偵測]    2026-07-13: 0 篇 | T=0 D=0 R=0
[01:53:37]    事件偵測失敗: Expecting value: line 1 column 1 (char 0)
[01:53:37]    🪙 $TRUMP: $2.13 (+1.7%)
[01:53:38]    📊 Polymarket 快照: 408 個市場 (20 事件)
[01:53:38]    📊 Polymarket: 408 個市場已更新
[01:53:38] 驗證 3 個即時預測...
[01:58:41]    📡 三源抓取: CNN:50 → 合計 50 篇
[01:58:41]    沒有新推文
[事件偵測] 掃描最近 5 天的信號模式...
[事件偵測]    最近 5 天的信號:
[事件偵測]    2026-07-17: 0 篇 | T=0 D=0 R=0
[事件偵測]    2026-07-16: 0 篇 | T=0 D=0 R=0
[事件偵測]    2026-07-15: 0 篇 | T=0 D=0 R=0
[事件偵測]    2026-07-14: 0 篇 | T=0 D=0 R=0
[事件偵測]    2026-07-13: 0 篇 | T=0 D=0 R=0
[01:58:41]    事件偵測失敗: Expecting value: line 1 column 1 (char 0)
[01:58:41]    🪙 $TRUMP: $2.13 (+1.9%)
[01:58:42]    📊 Polymarket 快照: 408 個市場 (20 事件)
[01:58:42]    📊 Polymarket: 408 個市場已更新
[01:58:42] 驗證 3 個即時預測...
[02:03:45]    📡 三源抓取: CNN:50 → 合計 50 篇
[02:03:45]    沒有新推文
[事件偵測] 掃描最近 5 天的信號模式...
[事件偵測]    最近 5 天的信號:
[事件偵測]    2026-07-17: 0 篇 | T=0 D=0 R=0
[事件偵測]    2026-07-16: 0 篇 | T=0 D=0 R=0
[事件偵測]    2026-07-15: 0 篇 | T=0 D=0 R=0
[事件偵測]    2026-07-14: 0 篇 | T=0 D=0 R=0
[事件偵測]    2026-07-13: 0 篇 | T=0 D=0 R=0
[02:03:45]    事件偵測失敗: Expecting value: line 1 column 1 (char 0)
[02:03:45]    🪙 $TRUMP: $2.12 (+1.4%)
[02:03:46]    📊 Polymarket 快照: 408 個市場 (20 事件)
[02:03:46]    📊 Polymarket: 408 個市場已更新
[02:03:46] 驗證 3 個即時預測...
[02:08:49]    📡 三源抓取: CNN:50 → 合計 50 篇
[02:08:49]    沒有新推文
[事件偵測] 掃描最近 5 天的信號模式...
[事件偵測]    最近 5 天的信號:
[事件偵測]    2026-07-17: 0 篇 | T=0 D=0 R=0
[事件偵測]    2026-07-16: 0 篇 | T=0 D=0 R=0
[事件偵測]    2026-07-15: 0 篇 | T=0 D=0 R=0
[事件偵測]    2026-07-14: 0 篇 | T=0 D=0 R=0
[事件偵測]    2026-07-13: 0 篇 | T=0 D=0 R=0
[02:08:49]    事件偵測失敗: Expecting value: line 1 column 1 (char 0)
[02:08:49]    🪙 $TRUMP: $2.14 (+1.8%)
[02:08:49]    📊 Polymarket 快照: 408 個市場 (20 事件)
[02:08:49]    📊 Polymarket: 408 個市場已更新
[02:08:49] 驗證 3 個即時預測...
[02:13:53]    📡 三源抓取: CNN:50 → 合計 50 篇
[02:13:53]    沒有新推文
[事件偵測] 掃描最近 5 天的信號模式...
[事件偵測]    最近 5 天的信號:
[事件偵測]    2026-07-17: 0 篇 | T=0 D=0 R=0
[事件偵測]    2026-07-16: 0 篇 | T=0 D=0 R=0
[事件偵測]    2026-07-15: 0 篇 | T=0 D=0 R=0
[事件偵測]    2026-07-14: 0 篇 | T=0 D=0 R=0
[事件偵測]    2026-07-13: 0 篇 | T=0 D=0 R=0
[02:13:53]    事件偵測失敗: Expecting value: line 1 column 1 (char 0)
[02:13:53]    🪙 $TRUMP: $2.14 (+1.9%)
[02:13:53]    📊 Polymarket 快照: 408 個市場 (20 事件)
[02:13:53]    📊 Polymarket: 408 個市場已更新
[02:13:53] 驗證 3 個即時預測...
[02:19:02]    📡 三源抓取: CNN:50 → 合計 50 篇
[02:19:02]    沒有新推文
[事件偵測] 掃描最近 5 天的信號模式...
[事件偵測]    最近 5 天的信號:
[事件偵測]    2026-07-17: 0 篇 | T=0 D=0 R=0
[事件偵測]    2026-07-16: 0 篇 | T=0 D=0 R=0
[事件偵測]    2026-07-15: 0 篇 | T=0 D=0 R=0
[事件偵測]    2026-07-14: 0 篇 | T=0 D=0 R=0
[事件偵測]    2026-07-13: 0 篇 | T=0 D=0 R=0
[02:19:02]    事件偵測失敗: Expecting value: line 1 column 1 (char 0)
[02:19:02]    🪙 $TRUMP: $2.14 (+2.4%)
[02:19:03]    📊 Polymarket 快照: 408 個市場 (20 事件)
[02:19:03]    📊 Polymarket: 408 個市場已更新
[02:19:03] 驗證 3 個即時預測...
[02:24:06]    📡 三源抓取: CNN:50 → 合計 50 篇
[02:24:06]    沒有新推文
[事件偵測] 掃描最近 5 天的信號模式...
[事件偵測]    最近 5 天的信號:
[事件偵測]    2026-07-17: 0 篇 | T=0 D=0 R=0
[事件偵測]    2026-07-16: 0 篇 | T=0 D=0 R=0
[事件偵測]    2026-07-15: 0 篇 | T=0 D=0 R=0
[事件偵測]    2026-07-14: 0 篇 | T=0 D=0 R=0
[事件偵測]    2026-07-13: 0 篇 | T=0 D=0 R=0
[02:24:06]    事件偵測失敗: Expecting value: line 1 column 1 (char 0)
[02:24:07]    🪙 $TRUMP: $2.14 (+2.2%)
[02:24:07]    📊 Polymarket 快照: 408 個市場 (20 事件)
[02:24:07]    📊 Polymarket: 408 個市場已更新
[02:24:07] 驗證 3 個即時預測...
[02:29:11]    📡 三源抓取: CNN:50 → 合計 50 篇
[02:29:11]    沒有新推文
[事件偵測] 掃描最近 5 天的信號模式...
[事件偵測]    最近 5 天的信號:
[事件偵測]    2026-07-17: 0 篇 | T=0 D=0 R=0
[事件偵測]    2026-07-16: 0 篇 | T=0 D=0 R=0
[事件偵測]    2026-07-15: 0 篇 | T=0 D=0 R=0
[事件偵測]    2026-07-14: 0 篇 | T=0 D=0 R=0
[事件偵測]    2026-07-13: 0 篇 | T=0 D=0 R=0
[02:29:11]    事件偵測失敗: Expecting value: line 1 column 1 (char 0)
[02:29:11]    🪙 $TRUMP: $2.14 (+2.4%)
[02:29:12]    📊 Polymarket 快照: 412 個市場 (20 事件)
[02:29:12]    📊 Polymarket: 412 個市場已更新
[02:29:12] 驗證 3 個即時預測...
[02:34:16]    📡 三源抓取: CNN:50 → 合計 50 篇
[02:34:16]    沒有新推文
[事件偵測] 掃描最近 5 天的信號模式...
[事件偵測]    最近 5 天的信號:
[事件偵測]    2026-07-17: 0 篇 | T=0 D=0 R=0
[事件偵測]    2026-07-16: 0 篇 | T=0 D=0 R=0
[事件偵測]    2026-07-15: 0 篇 | T=0 D=0 R=0
[事件偵測]    2026-07-14: 0 篇 | T=0 D=0 R=0
[事件偵測]    2026-07-13: 0 篇 | T=0 D=0 R=0
[02:34:16]    事件偵測失敗: Expecting value: line 1 column 1 (char 0)
[02:34:16]    🪙 $TRUMP: $2.13 (+2.2%)
[02:34:17]    📊 Polymarket 快照: 412 個市場 (20 事件)
[02:34:17]    📊 Polymarket: 412 個市場已更新
[02:34:17] 驗證 3 個即時預測...
[02:39:21]    📡 三源抓取: CNN:50 → 合計 50 篇
[02:39:21]    沒有新推文
[事件偵測] 掃描最近 5 天的信號模式...
[事件偵測]    最近 5 天的信號:
[事件偵測]    2026-07-17: 0 篇 | T=0 D=0 R=0
[事件偵測]    2026-07-16: 0 篇 | T=0 D=0 R=0
[事件偵測]    2026-07-15: 0 篇 | T=0 D=0 R=0
[事件偵測]    2026-07-14: 0 篇 | T=0 D=0 R=0
[事件偵測]    2026-07-13: 0 篇 | T=0 D=0 R=0
[02:39:21]    事件偵測失敗: Expecting value: line 1 column 1 (char 0)
[02:39:21]    🪙 $TRUMP: $2.13 (+3.0%)
[02:39:22]    📊 Polymarket 快照: 412 個市場 (20 事件)
[02:39:22]    📊 Polymarket: 412 個市場已更新
[02:39:22] 驗證 3 個即時預測...
[02:44:26]    📡 三源抓取: CNN:50 → 合計 50 篇
[02:44:26]    沒有新推文
[事件偵測] 掃描最近 5 天的信號模式...
[事件偵測]    最近 5 天的信號:
[事件偵測]    2026-07-17: 0 篇 | T=0 D=0 R=0
[事件偵測]    2026-07-16: 0 篇 | T=0 D=0 R=0
[事件偵測]    2026-07-15: 0 篇 | T=0 D=0 R=0
[事件偵測]    2026-07-14: 0 篇 | T=0 D=0 R=0
[事件偵測]    2026-07-13: 0 篇 | T=0 D=0 R=0
[02:44:26]    事件偵測失敗: Expecting value: line 1 column 1 (char 0)
[02:44:26]    🪙 $TRUMP: $2.13 (+3.1%)
[02:44:27]    📊 Polymarket 快照: 412 個市場 (20 事件)
[02:44:27]    📊 Polymarket: 412 個市場已更新
[02:44:27] 驗證 3 個即時預測...
[02:49:31]    📡 三源抓取: CNN:50 → 合計 50 篇
[02:49:31]    沒有新推文
[事件偵測] 掃描最近 5 天的信號模式...
[事件偵測]    最近 5 天的信號:
[事件偵測]    2026-07-17: 0 篇 | T=0 D=0 R=0
[事件偵測]    2026-07-16: 0 篇 | T=0 D=0 R=0
[事件偵測]    2026-07-15: 0 篇 | T=0 D=0 R=0
[事件偵測]    2026-07-14: 0 篇 | T=0 D=0 R=0
[事件偵測]    2026-07-13: 0 篇 | T=0 D=0 R=0
[02:49:31]    事件偵測失敗: Expecting value: line 1 column 1 (char 0)
[02:49:32]    🪙 $TRUMP: $2.14 (+3.8%)
[02:49:32]    📊 Polymarket 快照: 412 個市場 (20 事件)
[02:49:32]    📊 Polymarket: 412 個市場已更新
[02:49:32] 驗證 3 個即時預測...
[02:54:36]    📡 三源抓取: CNN:50 → 合計 50 篇
[02:54:36]    沒有新推文
[事件偵測] 掃描最近 5 天的信號模式...
[事件偵測]    最近 5 天的信號:
[事件偵測]    2026-07-17: 0 篇 | T=0 D=0 R=0
[事件偵測]    2026-07-16: 0 篇 | T=0 D=0 R=0
[事件偵測]    2026-07-15: 0 篇 | T=0 D=0 R=0
[事件偵測]    2026-07-14: 0 篇 | T=0 D=0 R=0
[事件偵測]    2026-07-13: 0 篇 | T=0 D=0 R=0
[02:54:36]    事件偵測失敗: Expecting value: line 1 column 1 (char 0)
[02:54:36]    🪙 $TRUMP: $2.14 (+3.5%)
[02:54:37]    📊 Polymarket 快照: 412 個市場 (20 事件)
[02:54:37]    📊 Polymarket: 412 個市場已更新
[02:54:37] 驗證 3 個即時預測...
[02:59:41]    📡 三源抓取: CNN:50 → 合計 50 篇
[02:59:41]    沒有新推文
[事件偵測] 掃描最近 5 天的信號模式...
[事件偵測]    最近 5 天的信號:
[事件偵測]    2026-07-17: 0 篇 | T=0 D=0 R=0
[事件偵測]    2026-07-16: 0 篇 | T=0 D=0 R=0
[事件偵測]    2026-07-15: 0 篇 | T=0 D=0 R=0
[事件偵測]    2026-07-14: 0 篇 | T=0 D=0 R=0
[事件偵測]    2026-07-13: 0 篇 | T=0 D=0 R=0
[02:59:41]    事件偵測失敗: Expecting value: line 1 column 1 (char 0)
[02:59:41]    🪙 $TRUMP: $2.14 (+3.5%)
[02:59:42]    📊 Polymarket 快照: 412 個市場 (20 事件)
[02:59:42]    📊 Polymarket: 412 個市場已更新
[02:59:42] 驗證 3 個即時預測...
[03:04:46]    📡 三源抓取: CNN:50 → 合計 50 篇
[03:04:46]    沒有新推文
[事件偵測] 掃描最近 5 天的信號模式...
[事件偵測]    最近 5 天的信號:
[事件偵測]    2026-07-17: 0 篇 | T=0 D=0 R=0
[事件偵測]    2026-07-16: 0 篇 | T=0 D=0 R=0
[事件偵測]    2026-07-15: 0 篇 | T=0 D=0 R=0
[事件偵測]    2026-07-14: 0 篇 | T=0 D=0 R=0
[事件偵測]    2026-07-13: 0 篇 | T=0 D=0 R=0
[03:04:46]    事件偵測失敗: Expecting value: line 1 column 1 (char 0)
[03:04:46]    🪙 $TRUMP: $2.13 (+3.1%)
[03:04:47]    📊 Polymarket 快照: 412 個市場 (20 事件)
[03:04:47]    📊 Polymarket: 412 個市場已更新
[03:04:47] 驗證 3 個即時預測...
[03:09:51]    📡 三源抓取: CNN:50 → 合計 50 篇
[03:09:51]    沒有新推文
[事件偵測] 掃描最近 5 天的信號模式...
[事件偵測]    最近 5 天的信號:
[事件偵測]    2026-07-17: 0 篇 | T=0 D=0 R=0
[事件偵測]    2026-07-16: 0 篇 | T=0 D=0 R=0
[事件偵測]    2026-07-15: 0 篇 | T=0 D=0 R=0
[事件偵測]    2026-07-14: 0 篇 | T=0 D=0 R=0
[事件偵測]    2026-07-13: 0 篇 | T=0 D=0 R=0
[03:09:51]    事件偵測失敗: Expecting value: line 1 column 1 (char 0)
[03:09:51]    🪙 $TRUMP: $2.13 (+2.9%)
[03:09:51]    📊 Polymarket 快照: 412 個市場 (20 事件)
[03:09:51]    📊 Polymarket: 412 個市場已更新
[03:09:51] 驗證 3 個即時預測...
[03:14:55]    📡 三源抓取: CNN:50 → 合計 50 篇
[03:14:55]    沒有新推文
[事件偵測] 掃描最近 5 天的信號模式...
[事件偵測]    最近 5 天的信號:
[事件偵測]    2026-07-17: 0 篇 | T=0 D=0 R=0
[事件偵測]    2026-07-16: 0 篇 | T=0 D=0 R=0
[事件偵測]    2026-07-15: 0 篇 | T=0 D=0 R=0
[事件偵測]    2026-07-14: 0 篇 | T=0 D=0 R=0
[事件偵測]    2026-07-13: 0 篇 | T=0 D=0 R=0
[03:14:55]    事件偵測失敗: Expecting value: line 1 column 1 (char 0)
[03:14:56]    🪙 $TRUMP: $2.12 (+2.7%)
[03:14:56]    📊 Polymarket 快照: 410 個市場 (20 事件)
[03:14:56]    📊 Polymarket: 410 個市場已更新
[03:14:56] 驗證 3 個即時預測...
[03:20:01]    📡 三源抓取: CNN:50 → 合計 50 篇
[03:20:01]    沒有新推文
[事件偵測] 掃描最近 5 天的信號模式...
[事件偵測]    最近 5 天的信號:
[事件偵測]    2026-07-17: 0 篇 | T=0 D=0 R=0
[事件偵測]    2026-07-16: 0 篇 | T=0 D=0 R=0
[事件偵測]    2026-07-15: 0 篇 | T=0 D=0 R=0
[事件偵測]    2026-07-14: 0 篇 | T=0 D=0 R=0
[事件偵測]    2026-07-13: 0 篇 | T=0 D=0 R=0
[03:20:01]    事件偵測失敗: Expecting value: line 1 column 1 (char 0)
[03:20:01]    🪙 $TRUMP: $2.13 (+3.0%)
[03:20:01]    📊 Polymarket 快照: 410 個市場 (20 事件)
[03:20:01]    📊 Polymarket: 410 個市場已更新
[03:20:01] 驗證 3 個即時預測...
[03:25:06]    📡 三源抓取: CNN:50 → 合計 50 篇
[03:25:06] 🆕 偵測到 1 篇新推文！
[03:25:07]    📥 寫入 1 篇新推文到 trump_posts_all.json（總計 46157 篇）
[03:25:07]    📊 Polymarket 快照: 410 個市場 (20 事件)
[03:25:08]    🪙 $TRUMP: $2.13 (+2.9%)
[03:25:08]    📝 [03:07] RT: https://truthsocial.com/users/realDonaldTrump/statuses/117335132934731885...
[03:25:08]    🚀拉盤 劇本觸發: 他閉嘴（什麼都沒講）
[03:25:08]       歷史: +0.409% | 建議: LONG — 沉默是金
[事件偵測] 掃描最近 5 天的信號模式...
[事件偵測]    最近 5 天的信號:
[事件偵測]    2026-07-17: 0 篇 | T=0 D=0 R=0
[事件偵測]    2026-07-16: 0 篇 | T=0 D=0 R=0
[事件偵測]    2026-07-15: 0 篇 | T=0 D=0 R=0
[事件偵測]    2026-07-14: 0 篇 | T=0 D=0 R=0
[事件偵測]    2026-07-13: 0 篇 | T=0 D=0 R=0
[03:25:08]    事件偵測失敗: Expecting value: line 1 column 1 (char 0)
[03:25:08]    🪙 $TRUMP: $2.13 (+2.9%)
[03:25:08]    📊 Polymarket 快照: 410 個市場 (20 事件)
[03:25:08]    📊 Polymarket: 410 個市場已更新
[03:25:08] 驗證 3 個即時預測...
[03:25:09] 📊 本輪: 1 新推文 | 0 預測 | 0 驗證
[03:30:12]    📡 三源抓取: CNN:50 → 合計 50 篇
[03:30:12]    沒有新推文
[事件偵測] 掃描最近 5 天的信號模式...
[事件偵測]    最近 5 天的信號:
[事件偵測]    2026-07-17: 0 篇 | T=0 D=0 R=0
[事件偵測]    2026-07-16: 0 篇 | T=0 D=0 R=0
[事件偵測]    2026-07-15: 0 篇 | T=0 D=0 R=0
[事件偵測]    2026-07-14: 0 篇 | T=0 D=0 R=0
[事件偵測]    2026-07-13: 0 篇 | T=0 D=0 R=0
[03:30:12]    事件偵測失敗: Expecting value: line 1 column 1 (char 0)
[03:30:12]    🪙 $TRUMP: $2.13 (+3.4%)
[03:30:12]    📊 Polymarket 快照: 428 個市場 (20 事件)
[03:30:12]    📊 Polymarket: 428 個市場已更新
[03:30:12] 驗證 3 個即時預測...
[03:35:16]    📡 三源抓取: CNN:50 → 合計 50 篇
[03:35:16]    沒有新推文
[事件偵測] 掃描最近 5 天的信號模式...
[事件偵測]    最近 5 天的信號:
[事件偵測]    2026-07-17: 0 篇 | T=0 D=0 R=0
[事件偵測]    2026-07-16: 0 篇 | T=0 D=0 R=0
[事件偵測]    2026-07-15: 0 篇 | T=0 D=0 R=0
[事件偵測]    2026-07-14: 0 篇 | T=0 D=0 R=0
[事件偵測]    2026-07-13: 0 篇 | T=0 D=0 R=0
[03:35:16]    事件偵測失敗: Expecting value: line 1 column 1 (char 0)
[03:35:16]    🪙 $TRUMP: $2.14 (+3.6%)
[03:35:17]    📊 Polymarket 快照: 428 個市場 (20 事件)
[03:35:17]    📊 Polymarket: 428 個市場已更新
[03:35:17] 驗證 3 個即時預測...
[03:40:20]    📡 三源抓取: CNN:50 → 合計 50 篇
[03:40:20]    沒有新推文
[事件偵測] 掃描最近 5 天的信號模式...
[事件偵測]    最近 5 天的信號:
[事件偵測]    2026-07-17: 0 篇 | T=0 D=0 R=0
[事件偵測]    2026-07-16: 0 篇 | T=0 D=0 R=0
[事件偵測]    2026-07-15: 0 篇 | T=0 D=0 R=0
[事件偵測]    2026-07-14: 0 篇 | T=0 D=0 R=0
[事件偵測]    2026-07-13: 0 篇 | T=0 D=0 R=0
[03:40:20]    事件偵測失敗: Expecting value: line 1 column 1 (char 0)
[03:40:21]    🪙 $TRUMP: $2.14 (+2.8%)
[03:40:21]    📊 Polymarket 快照: 428 個市場 (20 事件)
[03:40:21]    📊 Polymarket: 428 個市場已更新
[03:40:21] 驗證 3 個即時預測...
[03:45:25]    📡 三源抓取: CNN:50 → 合計 50 篇
[03:45:25]    沒有新推文
[事件偵測] 掃描最近 5 天的信號模式...
[事件偵測]    最近 5 天的信號:
[事件偵測]    2026-07-17: 0 篇 | T=0 D=0 R=0
[事件偵測]    2026-07-16: 0 篇 | T=0 D=0 R=0
[事件偵測]    2026-07-15: 0 篇 | T=0 D=0 R=0
[事件偵測]    2026-07-14: 0 篇 | T=0 D=0 R=0
[事件偵測]    2026-07-13: 0 篇 | T=0 D=0 R=0
[03:45:25]    事件偵測失敗: Expecting value: line 1 column 1 (char 0)
[03:45:25]    🪙 $TRUMP: $2.13 (+2.8%)
[03:45:25]    📊 Polymarket 快照: 428 個市場 (20 事件)
[03:45:25]    📊 Polymarket: 428 個市場已更新
[03:45:25] 驗證 3 個即時預測...
[03:50:29]    📡 三源抓取: CNN:50 → 合計 50 篇
[03:50:29]    沒有新推文
[事件偵測] 掃描最近 5 天的信號模式...
[事件偵測]    最近 5 天的信號:
[事件偵測]    2026-07-17: 0 篇 | T=0 D=0 R=0
[事件偵測]    2026-07-16: 0 篇 | T=0 D=0 R=0
[事件偵測]    2026-07-15: 0 篇 | T=0 D=0 R=0
[事件偵測]    2026-07-14: 0 篇 | T=0 D=0 R=0
[事件偵測]    2026-07-13: 0 篇 | T=0 D=0 R=0
[03:50:29]    事件偵測失敗: Expecting value: line 1 column 1 (char 0)
[03:50:30]    🪙 $TRUMP: $2.14 (+3.0%)
[03:50:30]    📊 Polymarket 快照: 428 個市場 (20 事件)
[03:50:30]    📊 Polymarket: 428 個市場已更新
[03:50:30] 驗證 3 個即時預測...
[03:55:34]    📡 三源抓取: CNN:50 → 合計 50 篇
[03:55:34]    沒有新推文
[事件偵測] 掃描最近 5 天的信號模式...
[事件偵測]    最近 5 天的信號:
[事件偵測]    2026-07-17: 0 篇 | T=0 D=0 R=0
[事件偵測]    2026-07-16: 0 篇 | T=0 D=0 R=0
[事件偵測]    2026-07-15: 0 篇 | T=0 D=0 R=0
[事件偵測]    2026-07-14: 0 篇 | T=0 D=0 R=0
[事件偵測]    2026-07-13: 0 篇 | T=0 D=0 R=0
[03:55:34]    事件偵測失敗: Expecting value: line 1 column 1 (char 0)
[03:55:34]    🪙 $TRUMP: $2.14 (+2.7%)
[03:55:35]    📊 Polymarket 快照: 428 個市場 (20 事件)
[03:55:35]    📊 Polymarket: 428 個市場已更新
[03:55:35] 驗證 3 個即時預測...
[04:00:39]    📡 三源抓取: CNN:50 → 合計 50 篇
[04:00:39]    沒有新推文
[事件偵測] 掃描最近 5 天的信號模式...
[事件偵測]    最近 5 天的信號:
[事件偵測]    2026-07-17: 0 篇 | T=0 D=0 R=0
[事件偵測]    2026-07-16: 0 篇 | T=0 D=0 R=0
[事件偵測]    2026-07-15: 0 篇 | T=0 D=0 R=0
[事件偵測]    2026-07-14: 0 篇 | T=0 D=0 R=0
[事件偵測]    2026-07-13: 0 篇 | T=0 D=0 R=0
[04:00:39]    事件偵測失敗: Expecting value: line 1 column 1 (char 0)
[04:00:39]    🪙 $TRUMP: $2.14 (+2.9%)
[04:00:39]    📊 Polymarket 快照: 428 個市場 (20 事件)
[04:00:39]    📊 Polymarket: 428 個市場已更新
[04:00:39] 驗證 3 個即時預測...
[04:05:44]    📡 三源抓取: CNN:50 → 合計 50 篇
[04:05:44]    沒有新推文
[事件偵測] 掃描最近 5 天的信號模式...
[事件偵測]    最近 5 天的信號:
[事件偵測]    2026-07-17: 0 篇 | T=0 D=0 R=0
[事件偵測]    2026-07-16: 0 篇 | T=0 D=0 R=0
[事件偵測]    2026-07-15: 0 篇 | T=0 D=0 R=0
[事件偵測]    2026-07-14: 0 篇 | T=0 D=0 R=0
[事件偵測]    2026-07-13: 0 篇 | T=0 D=0 R=0
[04:05:44]    事件偵測失敗: Expecting value: line 1 column 1 (char 0)
[04:05:44]    🪙 $TRUMP: $2.15 (+3.5%)
[04:05:44]    📊 Polymarket 快照: 428 個市場 (20 事件)
[04:05:44]    📊 Polymarket: 428 個市場已更新
[04:05:45] 驗證 3 個即時預測...
[04:10:53]    📡 三源抓取: CNN:50 → 合計 50 篇
[04:10:53]    沒有新推文
[事件偵測] 掃描最近 5 天的信號模式...
[事件偵測]    最近 5 天的信號:
[事件偵測]    2026-07-17: 0 篇 | T=0 D=0 R=0
[事件偵測]    2026-07-16: 0 篇 | T=0 D=0 R=0
[事件偵測]    2026-07-15: 0 篇 | T=0 D=0 R=0
[事件偵測]    2026-07-14: 0 篇 | T=0 D=0 R=0
[事件偵測]    2026-07-13: 0 篇 | T=0 D=0 R=0
[04:10:53]    事件偵測失敗: Expecting value: line 1 column 1 (char 0)
[04:10:54]    🪙 $TRUMP: $2.16 (+3.5%)
[04:10:54]    📊 Polymarket 快照: 428 個市場 (20 事件)
[04:10:54]    📊 Polymarket: 428 個市場已更新
[04:10:54] 驗證 3 個即時預測...
[04:15:57]    📡 三源抓取: CNN:50 → 合計 50 篇
[04:15:57]    沒有新推文
[事件偵測] 掃描最近 5 天的信號模式...
[事件偵測]    最近 5 天的信號:
[事件偵測]    2026-07-17: 0 篇 | T=0 D=0 R=0
[事件偵測]    2026-07-16: 0 篇 | T=0 D=0 R=0
[事件偵測]    2026-07-15: 0 篇 | T=0 D=0 R=0
[事件偵測]    2026-07-14: 0 篇 | T=0 D=0 R=0
[事件偵測]    2026-07-13: 0 篇 | T=0 D=0 R=0
[04:15:57]    事件偵測失敗: Expecting value: line 1 column 1 (char 0)
[04:15:58]    🪙 $TRUMP: $2.15 (+3.4%)
[04:15:58]    📊 Polymarket 快照: 428 個市場 (20 事件)
[04:15:58]    📊 Polymarket: 428 個市場已更新
[04:15:58] 驗證 3 個即時預測...
[04:21:03]    📡 三源抓取: CNN:50 → 合計 50 篇
[04:21:03]    沒有新推文
[事件偵測] 掃描最近 5 天的信號模式...
[事件偵測]    最近 5 天的信號:
[事件偵測]    2026-07-17: 0 篇 | T=0 D=0 R=0
[事件偵測]    2026-07-16: 0 篇 | T=0 D=0 R=0
[事件偵測]    2026-07-15: 0 篇 | T=0 D=0 R=0
[事件偵測]    2026-07-14: 0 篇 | T=0 D=0 R=0
[事件偵測]    2026-07-13: 0 篇 | T=0 D=0 R=0
[04:21:03]    事件偵測失敗: Expecting value: line 1 column 1 (char 0)
[04:21:03]    🪙 $TRUMP: $2.15 (+3.3%)
[04:21:03]    📊 Polymarket 快照: 428 個市場 (20 事件)
[04:21:03]    📊 Polymarket: 428 個市場已更新
[04:21:03] 驗證 3 個即時預測...
[04:26:11]    📡 三源抓取: CNN:50 → 合計 50 篇
[04:26:11]    沒有新推文
[事件偵測] 掃描最近 5 天的信號模式...
[事件偵測]    最近 5 天的信號:
[事件偵測]    2026-07-17: 0 篇 | T=0 D=0 R=0
[事件偵測]    2026-07-16: 0 篇 | T=0 D=0 R=0
[事件偵測]    2026-07-15: 0 篇 | T=0 D=0 R=0
[事件偵測]    2026-07-14: 0 篇 | T=0 D=0 R=0
[事件偵測]    2026-07-13: 0 篇 | T=0 D=0 R=0
[04:26:11]    事件偵測失敗: Expecting value: line 1 column 1 (char 0)
[04:26:11]    🪙 $TRUMP: $2.14 (+2.7%)
[04:26:12]    📊 Polymarket 快照: 428 個市場 (20 事件)
[04:26:12]    📊 Polymarket: 428 個市場已更新
[04:26:12] 驗證 3 個即時預測...
[04:31:16]    📡 三源抓取: CNN:50 → 合計 50 篇
[04:31:16]    沒有新推文
[事件偵測] 掃描最近 5 天的信號模式...
[事件偵測]    最近 5 天的信號:
[事件偵測]    2026-07-17: 0 篇 | T=0 D=0 R=0
[事件偵測]    2026-07-16: 0 篇 | T=0 D=0 R=0
[事件偵測]    2026-07-15: 0 篇 | T=0 D=0 R=0
[事件偵測]    2026-07-14: 0 篇 | T=0 D=0 R=0
[事件偵測]    2026-07-13: 0 篇 | T=0 D=0 R=0
[04:31:16]    事件偵測失敗: Expecting value: line 1 column 1 (char 0)
[04:31:17]    🪙 $TRUMP: $2.13 (+2.2%)
[04:31:17]    📊 Polymarket 快照: 428 個市場 (20 事件)
[04:31:17]    📊 Polymarket: 428 個市場已更新
[04:31:17] 驗證 3 個即時預測...
[04:36:21]    📡 三源抓取: CNN:50 → 合計 50 篇
[04:36:21]    沒有新推文
[事件偵測] 掃描最近 5 天的信號模式...
[事件偵測]    最近 5 天的信號:
[事件偵測]    2026-07-17: 0 篇 | T=0 D=0 R=0
[事件偵測]    2026-07-16: 0 篇 | T=0 D=0 R=0
[事件偵測]    2026-07-15: 0 篇 | T=0 D=0 R=0
[事件偵測]    2026-07-14: 0 篇 | T=0 D=0 R=0
[事件偵測]    2026-07-13: 0 篇 | T=0 D=0 R=0
[04:36:21]    事件偵測失敗: Expecting value: line 1 column 1 (char 0)
[04:36:21]    🪙 $TRUMP: $2.13 (+2.1%)
[04:36:21]    📊 Polymarket 快照: 428 個市場 (20 事件)
[04:36:21]    📊 Polymarket: 428 個市場已更新
[04:36:21] 驗證 3 個即時預測...
[04:41:26]    📡 三源抓取: CNN:50 → 合計 50 篇
[04:41:26]    沒有新推文
[事件偵測] 掃描最近 5 天的信號模式...
[事件偵測]    最近 5 天的信號:
[事件偵測]    2026-07-17: 0 篇 | T=0 D=0 R=0
[事件偵測]    2026-07-16: 0 篇 | T=0 D=0 R=0
[事件偵測]    2026-07-15: 0 篇 | T=0 D=0 R=0
[事件偵測]    2026-07-14: 0 篇 | T=0 D=0 R=0
[事件偵測]    2026-07-13: 0 篇 | T=0 D=0 R=0
[04:41:26]    事件偵測失敗: Expecting value: line 1 column 1 (char 0)
[04:41:27]    🪙 $TRUMP: $2.13 (+1.9%)
[04:41:27]    📊 Polymarket 快照: 428 個市場 (20 事件)
[04:41:27]    📊 Polymarket: 428 個市場已更新
[04:41:27] 驗證 3 個即時預測...
[04:46:32]    📡 三源抓取: CNN:50 → 合計 50 篇
[04:46:32]    沒有新推文
[事件偵測] 掃描最近 5 天的信號模式...
[事件偵測]    最近 5 天的信號:
[事件偵測]    2026-07-17: 0 篇 | T=0 D=0 R=0
[事件偵測]    2026-07-16: 0 篇 | T=0 D=0 R=0
[事件偵測]    2026-07-15: 0 篇 | T=0 D=0 R=0
[事件偵測]    2026-07-14: 0 篇 | T=0 D=0 R=0
[事件偵測]    2026-07-13: 0 篇 | T=0 D=0 R=0
[04:46:32]    事件偵測失敗: Expecting value: line 1 column 1 (char 0)
[04:46:32]    🪙 $TRUMP: $2.14 (+2.2%)
[04:46:32]    📊 Polymarket 快照: 428 個市場 (20 事件)
[04:46:32]    📊 Polymarket: 428 個市場已更新
[04:46:32] 驗證 3 個即時預測...
[04:51:38]    📡 三源抓取: CNN:50 → 合計 50 篇
[04:51:38]    沒有新推文
[事件偵測] 掃描最近 5 天的信號模式...
[事件偵測]    最近 5 天的信號:
[事件偵測]    2026-07-17: 0 篇 | T=0 D=0 R=0
[事件偵測]    2026-07-16: 0 篇 | T=0 D=0 R=0
[事件偵測]    2026-07-15: 0 篇 | T=0 D=0 R=0
[事件偵測]    2026-07-14: 0 篇 | T=0 D=0 R=0
[事件偵測]    2026-07-13: 0 篇 | T=0 D=0 R=0
[04:51:38]    事件偵測失敗: Expecting value: line 1 column 1 (char 0)
[04:51:38]    🪙 $TRUMP: $2.14 (+2.7%)
[04:51:38]    📊 Polymarket 快照: 428 個市場 (20 事件)
[04:51:38]    📊 Polymarket: 428 個市場已更新
[04:51:38] 驗證 3 個即時預測...
[04:56:43]    📡 三源抓取: CNN:50 → 合計 50 篇
[04:56:43]    沒有新推文
[事件偵測] 掃描最近 5 天的信號模式...
[事件偵測]    最近 5 天的信號:
[事件偵測]    2026-07-17: 0 篇 | T=0 D=0 R=0
[事件偵測]    2026-07-16: 0 篇 | T=0 D=0 R=0
[事件偵測]    2026-07-15: 0 篇 | T=0 D=0 R=0
[事件偵測]    2026-07-14: 0 篇 | T=0 D=0 R=0
[事件偵測]    2026-07-13: 0 篇 | T=0 D=0 R=0
[04:56:43]    事件偵測失敗: Expecting value: line 1 column 1 (char 0)
[04:56:43]    🪙 $TRUMP: $2.14 (+2.7%)
[04:56:43]    📊 Polymarket 快照: 428 個市場 (20 事件)
[04:56:43]    📊 Polymarket: 428 個市場已更新
[04:56:43] 驗證 3 個即時預測...
[05:01:47]    📡 三源抓取: CNN:50 → 合計 50 篇
[05:01:47]    沒有新推文
[事件偵測] 掃描最近 5 天的信號模式...
[事件偵測]    最近 5 天的信號:
[事件偵測]    2026-07-17: 0 篇 | T=0 D=0 R=0
[事件偵測]    2026-07-16: 0 篇 | T=0 D=0 R=0
[事件偵測]    2026-07-15: 0 篇 | T=0 D=0 R=0
[事件偵測]    2026-07-14: 0 篇 | T=0 D=0 R=0
[事件偵測]    2026-07-13: 0 篇 | T=0 D=0 R=0
[05:01:47]    事件偵測失敗: Expecting value: line 1 column 1 (char 0)
[05:01:48]    🪙 $TRUMP: $2.13 (+2.7%)
[05:01:48]    📊 Polymarket 快照: 428 個市場 (20 事件)
[05:01:48]    📊 Polymarket: 428 個市場已更新
[05:01:48] 驗證 3 個即時預測...
[05:06:51]    📡 三源抓取: CNN:50 → 合計 50 篇
[05:06:51]    沒有新推文
[事件偵測] 掃描最近 5 天的信號模式...
[事件偵測]    最近 5 天的信號:
[事件偵測]    2026-07-17: 0 篇 | T=0 D=0 R=0
[事件偵測]    2026-07-16: 0 篇 | T=0 D=0 R=0
[事件偵測]    2026-07-15: 0 篇 | T=0 D=0 R=0
[事件偵測]    2026-07-14: 0 篇 | T=0 D=0 R=0
[事件偵測]    2026-07-13: 0 篇 | T=0 D=0 R=0
[05:06:51]    事件偵測失敗: Expecting value: line 1 column 1 (char 0)
[05:06:52]    🪙 $TRUMP: $2.13 (+2.5%)
[05:06:52]    📊 Polymarket 快照: 428 個市場 (20 事件)
[05:06:52]    📊 Polymarket: 428 個市場已更新
[05:06:52] 驗證 3 個即時預測...
[05:11:56]    📡 三源抓取: CNN:50 → 合計 50 篇
[05:11:56]    沒有新推文
[事件偵測] 掃描最近 5 天的信號模式...
[事件偵測]    最近 5 天的信號:
[事件偵測]    2026-07-17: 0 篇 | T=0 D=0 R=0
[事件偵測]    2026-07-16: 0 篇 | T=0 D=0 R=0
[事件偵測]    2026-07-15: 0 篇 | T=0 D=0 R=0
[事件偵測]    2026-07-14: 0 篇 | T=0 D=0 R=0
[事件偵測]    2026-07-13: 0 篇 | T=0 D=0 R=0
[05:11:56]    事件偵測失敗: Expecting value: line 1 column 1 (char 0)
[05:11:57]    🪙 $TRUMP: $2.14 (+2.9%)
[05:11:57]    📊 Polymarket 快照: 428 個市場 (20 事件)
[05:11:57]    📊 Polymarket: 428 個市場已更新
[05:11:57] 驗證 3 個即時預測...
[05:17:01]    📡 三源抓取: CNN:50 → 合計 50 篇
[05:17:01]    沒有新推文
[事件偵測] 掃描最近 5 天的信號模式...
[事件偵測]    最近 5 天的信號:
[事件偵測]    2026-07-17: 0 篇 | T=0 D=0 R=0
[事件偵測]    2026-07-16: 0 篇 | T=0 D=0 R=0
[事件偵測]    2026-07-15: 0 篇 | T=0 D=0 R=0
[事件偵測]    2026-07-14: 0 篇 | T=0 D=0 R=0
[事件偵測]    2026-07-13: 0 篇 | T=0 D=0 R=0
[05:17:01]    事件偵測失敗: Expecting value: line 1 column 1 (char 0)
[05:17:01]    🪙 $TRUMP: $2.13 (+2.7%)
[05:17:02]    📊 Polymarket 快照: 428 個市場 (20 事件)
[05:17:02]    📊 Polymarket: 428 個市場已更新
[05:17:02] 驗證 3 個即時預測...
[05:22:06]    📡 三源抓取: CNN:50 → 合計 50 篇
[05:22:06]    沒有新推文
[事件偵測] 掃描最近 5 天的信號模式...
[事件偵測]    最近 5 天的信號:
[事件偵測]    2026-07-17: 0 篇 | T=0 D=0 R=0
[事件偵測]    2026-07-16: 0 篇 | T=0 D=0 R=0
[事件偵測]    2026-07-15: 0 篇 | T=0 D=0 R=0
[事件偵測]    2026-07-14: 0 篇 | T=0 D=0 R=0
[事件偵測]    2026-07-13: 0 篇 | T=0 D=0 R=0
[05:22:06]    事件偵測失敗: Expecting value: line 1 column 1 (char 0)
[05:22:06]    🪙 $TRUMP: $2.13 (+2.7%)
[05:22:06]    📊 Polymarket 快照: 428 個市場 (20 事件)
[05:22:06]    📊 Polymarket: 428 個市場已更新
[05:22:07] 驗證 3 個即時預測...
[05:27:11]    📡 三源抓取: CNN:50 → 合計 50 篇
[05:27:11]    沒有新推文
[事件偵測] 掃描最近 5 天的信號模式...
[事件偵測]    最近 5 天的信號:
[事件偵測]    2026-07-17: 0 篇 | T=0 D=0 R=0
[事件偵測]    2026-07-16: 0 篇 | T=0 D=0 R=0
[事件偵測]    2026-07-15: 0 篇 | T=0 D=0 R=0
[事件偵測]    2026-07-14: 0 篇 | T=0 D=0 R=0
[事件偵測]    2026-07-13: 0 篇 | T=0 D=0 R=0
[05:27:11]    事件偵測失敗: Expecting value: line 1 column 1 (char 0)
[05:27:12]    🪙 $TRUMP: $2.13 (+2.8%)
[05:27:12]    📊 Polymarket 快照: 428 個市場 (20 事件)
[05:27:12]    📊 Polymarket: 428 個市場已更新
[05:27:12] 驗證 3 個即時預測...
[05:32:16]    📡 三源抓取: CNN:50 → 合計 50 篇
[05:32:16]    沒有新推文
[事件偵測] 掃描最近 5 天的信號模式...
[事件偵測]    最近 5 天的信號:
[事件偵測]    2026-07-17: 0 篇 | T=0 D=0 R=0
[事件偵測]    2026-07-16: 0 篇 | T=0 D=0 R=0
[事件偵測]    2026-07-15: 0 篇 | T=0 D=0 R=0
[事件偵測]    2026-07-14: 0 篇 | T=0 D=0 R=0
[事件偵測]    2026-07-13: 0 篇 | T=0 D=0 R=0
[05:32:16]    事件偵測失敗: Expecting value: line 1 column 1 (char 0)
[05:32:16]    🪙 $TRUMP: $2.12 (+2.5%)
[05:32:16]    📊 Polymarket 快照: 428 個市場 (20 事件)
[05:32:16]    📊 Polymarket: 428 個市場已更新
[05:32:16] 驗證 3 個即時預測...
[05:37:20]    📡 三源抓取: CNN:50 → 合計 50 篇
[05:37:20]    沒有新推文
[事件偵測] 掃描最近 5 天的信號模式...
[事件偵測]    最近 5 天的信號:
[事件偵測]    2026-07-17: 0 篇 | T=0 D=0 R=0
[事件偵測]    2026-07-16: 0 篇 | T=0 D=0 R=0
[事件偵測]    2026-07-15: 0 篇 | T=0 D=0 R=0
[事件偵測]    2026-07-14: 0 篇 | T=0 D=0 R=0
[事件偵測]    2026-07-13: 0 篇 | T=0 D=0 R=0
[05:37:20]    事件偵測失敗: Expecting value: line 1 column 1 (char 0)
[05:37:21]    🪙 $TRUMP: $2.12 (+2.6%)
[05:37:21]    📊 Polymarket 快照: 428 個市場 (20 事件)
[05:37:21]    📊 Polymarket: 428 個市場已更新
[05:37:21] 驗證 3 個即時預測...
[05:42:25]    📡 三源抓取: CNN:50 → 合計 50 篇
[05:42:25]    沒有新推文
[事件偵測] 掃描最近 5 天的信號模式...
[事件偵測]    最近 5 天的信號:
[事件偵測]    2026-07-17: 0 篇 | T=0 D=0 R=0
[事件偵測]    2026-07-16: 0 篇 | T=0 D=0 R=0
[事件偵測]    2026-07-15: 0 篇 | T=0 D=0 R=0
[事件偵測]    2026-07-14: 0 篇 | T=0 D=0 R=0
[事件偵測]    2026-07-13: 0 篇 | T=0 D=0 R=0
[05:42:25]    事件偵測失敗: Expecting value: line 1 column 1 (char 0)
[05:42:25]    🪙 $TRUMP: $2.13 (+2.8%)
[05:42:25]    📊 Polymarket 快照: 428 個市場 (20 事件)
[05:42:25]    📊 Polymarket: 428 個市場已更新
[05:42:25] 驗證 3 個即時預測...
[05:47:29]    📡 三源抓取: CNN:50 → 合計 50 篇
[05:47:29]    沒有新推文
[事件偵測] 掃描最近 5 天的信號模式...
[事件偵測]    最近 5 天的信號:
[事件偵測]    2026-07-17: 0 篇 | T=0 D=0 R=0
[事件偵測]    2026-07-16: 0 篇 | T=0 D=0 R=0
[事件偵測]    2026-07-15: 0 篇 | T=0 D=0 R=0
[事件偵測]    2026-07-14: 0 篇 | T=0 D=0 R=0
[事件偵測]    2026-07-13: 0 篇 | T=0 D=0 R=0
[05:47:29]    事件偵測失敗: Expecting value: line 1 column 1 (char 0)
[05:47:29]    🪙 $TRUMP: $2.13 (+2.8%)
[05:47:30]    📊 Polymarket 快照: 428 個市場 (20 事件)
[05:47:30]    📊 Polymarket: 428 個市場已更新
[05:47:30] 驗證 3 個即時預測...
[05:52:34]    📡 三源抓取: CNN:50 → 合計 50 篇
[05:52:34]    沒有新推文
[事件偵測] 掃描最近 5 天的信號模式...
[事件偵測]    最近 5 天的信號:
[事件偵測]    2026-07-17: 0 篇 | T=0 D=0 R=0
[事件偵測]    2026-07-16: 0 篇 | T=0 D=0 R=0
[事件偵測]    2026-07-15: 0 篇 | T=0 D=0 R=0
[事件偵測]    2026-07-14: 0 篇 | T=0 D=0 R=0
[事件偵測]    2026-07-13: 0 篇 | T=0 D=0 R=0
[05:52:34]    事件偵測失敗: Expecting value: line 1 column 1 (char 0)
[05:52:34]    🪙 $TRUMP: $2.12 (+2.7%)
[05:52:34]    📊 Polymarket 快照: 428 個市場 (20 事件)
[05:52:34]    📊 Polymarket: 428 個市場已更新
[05:52:34] 驗證 3 個即時預測...
[05:58:05]    📡 三源抓取: CNN:50 → 合計 50 篇
[05:58:05]    沒有新推文
[事件偵測] 掃描最近 5 天的信號模式...
[事件偵測]    最近 5 天的信號:
[事件偵測]    2026-07-17: 0 篇 | T=0 D=0 R=0
[事件偵測]    2026-07-16: 0 篇 | T=0 D=0 R=0
[事件偵測]    2026-07-15: 0 篇 | T=0 D=0 R=0
[事件偵測]    2026-07-14: 0 篇 | T=0 D=0 R=0
[事件偵測]    2026-07-13: 0 篇 | T=0 D=0 R=0
[05:58:05]    事件偵測失敗: Expecting value: line 1 column 1 (char 0)
[05:58:05]    🪙 $TRUMP: $2.12 (+2.5%)
[05:58:07]    📊 Polymarket 快照: 428 個市場 (20 事件)
[05:58:07]    📊 Polymarket: 428 個市場已更新
[05:58:07] 驗證 3 個即時預測...
[06:03:49]    📡 三源抓取: CNN:50 → 合計 50 篇
[06:03:49]    沒有新推文
[事件偵測] 掃描最近 5 天的信號模式...
[事件偵測]    最近 5 天的信號:
[事件偵測]    2026-07-17: 0 篇 | T=0 D=0 R=0
[事件偵測]    2026-07-16: 0 篇 | T=0 D=0 R=0
[事件偵測]    2026-07-15: 0 篇 | T=0 D=0 R=0
[事件偵測]    2026-07-14: 0 篇 | T=0 D=0 R=0
[事件偵測]    2026-07-13: 0 篇 | T=0 D=0 R=0
[06:03:49]    事件偵測失敗: Expecting value: line 1 column 1 (char 0)
[06:03:49]    🪙 $TRUMP: $2.12 (+2.6%)
[06:03:49]    📊 Polymarket 快照: 428 個市場 (20 事件)
[06:03:49]    📊 Polymarket: 428 個市場已更新
[06:03:49] 驗證 3 個即時預測...
[06:08:53]    📡 三源抓取: CNN:50 → 合計 50 篇
[06:08:53]    沒有新推文
[事件偵測] 掃描最近 5 天的信號模式...
[事件偵測]    最近 5 天的信號:
[事件偵測]    2026-07-17: 0 篇 | T=0 D=0 R=0
[事件偵測]    2026-07-16: 0 篇 | T=0 D=0 R=0
[事件偵測]    2026-07-15: 0 篇 | T=0 D=0 R=0
[事件偵測]    2026-07-14: 0 篇 | T=0 D=0 R=0
[事件偵測]    2026-07-13: 0 篇 | T=0 D=0 R=0
[06:08:53]    事件偵測失敗: Expecting value: line 1 column 1 (char 0)
[06:08:53]    🪙 $TRUMP: $2.12 (+2.6%)
[06:08:54]    📊 Polymarket 快照: 428 個市場 (20 事件)
[06:08:54]    📊 Polymarket: 428 個市場已更新
[06:08:54] 驗證 3 個即時預測...
[06:13:58]    📡 三源抓取: CNN:50 → 合計 50 篇
[06:13:58]    沒有新推文
[事件偵測] 掃描最近 5 天的信號模式...
[事件偵測]    最近 5 天的信號:
[事件偵測]    2026-07-17: 0 篇 | T=0 D=0 R=0
[事件偵測]    2026-07-16: 0 篇 | T=0 D=0 R=0
[事件偵測]    2026-07-15: 0 篇 | T=0 D=0 R=0
[事件偵測]    2026-07-14: 0 篇 | T=0 D=0 R=0
[事件偵測]    2026-07-13: 0 篇 | T=0 D=0 R=0
[06:13:58]    事件偵測失敗: Expecting value: line 1 column 1 (char 0)
[06:13:58]    🪙 $TRUMP: $2.12 (+2.9%)
[06:13:58]    📊 Polymarket 快照: 428 個市場 (20 事件)
[06:13:58]    📊 Polymarket: 428 個市場已更新
[06:13:58] 驗證 3 個即時預測...
[06:19:03]    📡 三源抓取: CNN:50 → 合計 50 篇
[06:19:03]    沒有新推文
[事件偵測] 掃描最近 5 天的信號模式...
[事件偵測]    最近 5 天的信號:
[事件偵測]    2026-07-17: 0 篇 | T=0 D=0 R=0
[事件偵測]    2026-07-16: 0 篇 | T=0 D=0 R=0
[事件偵測]    2026-07-15: 0 篇 | T=0 D=0 R=0
[事件偵測]    2026-07-14: 0 篇 | T=0 D=0 R=0
[事件偵測]    2026-07-13: 0 篇 | T=0 D=0 R=0
[06:19:03]    事件偵測失敗: Expecting value: line 1 column 1 (char 0)
[06:19:04]    🪙 $TRUMP: $2.12 (+2.6%)
[06:19:04]    📊 Polymarket 快照: 428 個市場 (20 事件)
[06:19:04]    📊 Polymarket: 428 個市場已更新
[06:19:04] 驗證 3 個即時預測...
[06:24:07]    📡 三源抓取: CNN:50 → 合計 50 篇
[06:24:07]    沒有新推文
[事件偵測] 掃描最近 5 天的信號模式...
[事件偵測]    最近 5 天的信號:
[事件偵測]    2026-07-17: 0 篇 | T=0 D=0 R=0
[事件偵測]    2026-07-16: 0 篇 | T=0 D=0 R=0
[事件偵測]    2026-07-15: 0 篇 | T=0 D=0 R=0
[事件偵測]    2026-07-14: 0 篇 | T=0 D=0 R=0
[事件偵測]    2026-07-13: 0 篇 | T=0 D=0 R=0
[06:24:07]    事件偵測失敗: Expecting value: line 1 column 1 (char 0)
[06:24:08]    🪙 $TRUMP: $2.12 (+2.3%)
[06:24:08]    📊 Polymarket 快照: 428 個市場 (20 事件)
[06:24:08]    📊 Polymarket: 428 個市場已更新
[06:24:08] 驗證 3 個即時預測...
[06:29:11]    📡 三源抓取: CNN:50 → 合計 50 篇
[06:29:11]    沒有新推文
[事件偵測] 掃描最近 5 天的信號模式...
[事件偵測]    最近 5 天的信號:
[事件偵測]    2026-07-17: 0 篇 | T=0 D=0 R=0
[事件偵測]    2026-07-16: 0 篇 | T=0 D=0 R=0
[事件偵測]    2026-07-15: 0 篇 | T=0 D=0 R=0
[事件偵測]    2026-07-14: 0 篇 | T=0 D=0 R=0
[事件偵測]    2026-07-13: 0 篇 | T=0 D=0 R=0
[06:29:11]    事件偵測失敗: Expecting value: line 1 column 1 (char 0)
[06:29:12]    🪙 $TRUMP: $2.12 (+2.8%)
[06:29:12]    📊 Polymarket 快照: 414 個市場 (20 事件)
[06:29:12]    📊 Polymarket: 414 個市場已更新
[06:29:12] 驗證 3 個即時預測...
[06:34:16]    📡 三源抓取: CNN:50 → 合計 50 篇
[06:34:16]    沒有新推文
[事件偵測] 掃描最近 5 天的信號模式...
[事件偵測]    最近 5 天的信號:
[事件偵測]    2026-07-17: 0 篇 | T=0 D=0 R=0
[事件偵測]    2026-07-16: 0 篇 | T=0 D=0 R=0
[事件偵測]    2026-07-15: 0 篇 | T=0 D=0 R=0
[事件偵測]    2026-07-14: 0 篇 | T=0 D=0 R=0
[事件偵測]    2026-07-13: 0 篇 | T=0 D=0 R=0
[06:34:16]    事件偵測失敗: Expecting value: line 1 column 1 (char 0)
[06:34:17]    🪙 $TRUMP: $2.12 (+3.0%)
[06:34:17]    📊 Polymarket 快照: 414 個市場 (20 事件)
[06:34:17]    📊 Polymarket: 414 個市場已更新
[06:34:17] 驗證 3 個即時預測...
[06:39:21]    📡 三源抓取: CNN:50 → 合計 50 篇
[06:39:21]    沒有新推文
[事件偵測] 掃描最近 5 天的信號模式...
[事件偵測]    最近 5 天的信號:
[事件偵測]    2026-07-17: 0 篇 | T=0 D=0 R=0
[事件偵測]    2026-07-16: 0 篇 | T=0 D=0 R=0
[事件偵測]    2026-07-15: 0 篇 | T=0 D=0 R=0
[事件偵測]    2026-07-14: 0 篇 | T=0 D=0 R=0
[事件偵測]    2026-07-13: 0 篇 | T=0 D=0 R=0
[06:39:21]    事件偵測失敗: Expecting value: line 1 column 1 (char 0)
[06:39:21]    🪙 $TRUMP: $2.12 (+3.2%)
[06:39:22]    📊 Polymarket 快照: 414 個市場 (20 事件)
[06:39:22]    📊 Polymarket: 414 個市場已更新
[06:39:22] 驗證 3 個即時預測...
[06:44:26]    📡 三源抓取: CNN:50 → 合計 50 篇
[06:44:26]    沒有新推文
[事件偵測] 掃描最近 5 天的信號模式...
[事件偵測]    最近 5 天的信號:
[事件偵測]    2026-07-17: 0 篇 | T=0 D=0 R=0
[事件偵測]    2026-07-16: 0 篇 | T=0 D=0 R=0
[事件偵測]    2026-07-15: 0 篇 | T=0 D=0 R=0
[事件偵測]    2026-07-14: 0 篇 | T=0 D=0 R=0
[事件偵測]    2026-07-13: 0 篇 | T=0 D=0 R=0
[06:44:26]    事件偵測失敗: Expecting value: line 1 column 1 (char 0)
[06:44:26]    🪙 $TRUMP: $2.12 (+3.2%)
[06:44:26]    📊 Polymarket 快照: 444 個市場 (20 事件)
[06:44:26]    📊 Polymarket: 444 個市場已更新
[06:44:26] 驗證 3 個即時預測...
[06:49:30]    📡 三源抓取: CNN:50 → 合計 50 篇
[06:49:30]    沒有新推文
[事件偵測] 掃描最近 5 天的信號模式...
[事件偵測]    最近 5 天的信號:
[事件偵測]    2026-07-17: 0 篇 | T=0 D=0 R=0
[事件偵測]    2026-07-16: 0 篇 | T=0 D=0 R=0
[事件偵測]    2026-07-15: 0 篇 | T=0 D=0 R=0
[事件偵測]    2026-07-14: 0 篇 | T=0 D=0 R=0
[事件偵測]    2026-07-13: 0 篇 | T=0 D=0 R=0
[06:49:30]    事件偵測失敗: Expecting value: line 1 column 1 (char 0)
[06:49:30]    🪙 $TRUMP: $2.12 (+3.3%)
[06:49:30]    📊 Polymarket 快照: 444 個市場 (20 事件)
[06:49:31]    📊 Polymarket: 444 個市場已更新
[06:49:31] 驗證 3 個即時預測...
[06:54:34]    📡 三源抓取: CNN:50 → 合計 50 篇
[06:54:34]    沒有新推文
[事件偵測] 掃描最近 5 天的信號模式...
[事件偵測]    最近 5 天的信號:
[事件偵測]    2026-07-17: 0 篇 | T=0 D=0 R=0
[事件偵測]    2026-07-16: 0 篇 | T=0 D=0 R=0
[事件偵測]    2026-07-15: 0 篇 | T=0 D=0 R=0
[事件偵測]    2026-07-14: 0 篇 | T=0 D=0 R=0
[事件偵測]    2026-07-13: 0 篇 | T=0 D=0 R=0
[06:54:34]    事件偵測失敗: Expecting value: line 1 column 1 (char 0)
[06:54:34]    🪙 $TRUMP: $2.12 (+3.3%)
[06:54:35]    📊 Polymarket 快照: 444 個市場 (20 事件)
[06:54:35]    📊 Polymarket: 444 個市場已更新
[06:54:35] 驗證 3 個即時預測...
[06:59:39]    📡 三源抓取: CNN:50 → 合計 50 篇
[06:59:39]    沒有新推文
[事件偵測] 掃描最近 5 天的信號模式...
[事件偵測]    最近 5 天的信號:
[事件偵測]    2026-07-17: 0 篇 | T=0 D=0 R=0
[事件偵測]    2026-07-16: 0 篇 | T=0 D=0 R=0
[事件偵測]    2026-07-15: 0 篇 | T=0 D=0 R=0
[事件偵測]    2026-07-14: 0 篇 | T=0 D=0 R=0
[事件偵測]    2026-07-13: 0 篇 | T=0 D=0 R=0
[06:59:39]    事件偵測失敗: Expecting value: line 1 column 1 (char 0)
[06:59:39]    🪙 $TRUMP: $2.12 (+3.3%)
[06:59:39]    📊 Polymarket 快照: 444 個市場 (20 事件)
[06:59:39]    📊 Polymarket: 444 個市場已更新
[06:59:39] 驗證 3 個即時預測...
[07:04:44]    📡 三源抓取: CNN:50 → 合計 50 篇
[07:04:44]    沒有新推文
[事件偵測] 掃描最近 5 天的信號模式...
[事件偵測]    最近 5 天的信號:
[事件偵測]    2026-07-17: 0 篇 | T=0 D=0 R=0
[事件偵測]    2026-07-16: 0 篇 | T=0 D=0 R=0
[事件偵測]    2026-07-15: 0 篇 | T=0 D=0 R=0
[事件偵測]    2026-07-14: 0 篇 | T=0 D=0 R=0
[事件偵測]    2026-07-13: 0 篇 | T=0 D=0 R=0
[07:04:44]    事件偵測失敗: Expecting value: line 1 column 1 (char 0)
[07:04:44]    🪙 $TRUMP: $2.12 (+3.0%)
[07:04:44]    📊 Polymarket 快照: 444 個市場 (20 事件)
[07:04:44]    📊 Polymarket: 444 個市場已更新
[07:04:44] 驗證 3 個即時預測...
[07:09:48]    📡 三源抓取: CNN:50 → 合計 50 篇
[07:09:48]    沒有新推文
[事件偵測] 掃描最近 5 天的信號模式...
[事件偵測]    最近 5 天的信號:
[事件偵測]    2026-07-17: 0 篇 | T=0 D=0 R=0
[事件偵測]    2026-07-16: 0 篇 | T=0 D=0 R=0
[事件偵測]    2026-07-15: 0 篇 | T=0 D=0 R=0
[事件偵測]    2026-07-14: 0 篇 | T=0 D=0 R=0
[事件偵測]    2026-07-13: 0 篇 | T=0 D=0 R=0
[07:09:48]    事件偵測失敗: Expecting value: line 1 column 1 (char 0)
[07:09:48]    🪙 $TRUMP: $2.12 (+3.3%)
[07:09:48]    📊 Polymarket 快照: 444 個市場 (20 事件)
[07:09:48]    📊 Polymarket: 444 個市場已更新
[07:09:48] 驗證 3 個即時預測...
[07:14:52]    📡 三源抓取: CNN:50 → 合計 50 篇
[07:14:52]    沒有新推文
[事件偵測] 掃描最近 5 天的信號模式...
[事件偵測]    最近 5 天的信號:
[事件偵測]    2026-07-17: 0 篇 | T=0 D=0 R=0
[事件偵測]    2026-07-16: 0 篇 | T=0 D=0 R=0
[事件偵測]    2026-07-15: 0 篇 | T=0 D=0 R=0
[事件偵測]    2026-07-14: 0 篇 | T=0 D=0 R=0
[事件偵測]    2026-07-13: 0 篇 | T=0 D=0 R=0
[07:14:52]    事件偵測失敗: Expecting value: line 1 column 1 (char 0)
[07:14:53]    🪙 $TRUMP: $2.13 (+3.5%)
[07:14:53]    📊 Polymarket 快照: 444 個市場 (20 事件)
[07:14:53]    📊 Polymarket: 444 個市場已更新
[07:14:53] 驗證 3 個即時預測...
[07:19:57]    📡 三源抓取: CNN:50 → 合計 50 篇
[07:19:57]    沒有新推文
[事件偵測] 掃描最近 5 天的信號模式...
[事件偵測]    最近 5 天的信號:
[事件偵測]    2026-07-17: 0 篇 | T=0 D=0 R=0
[事件偵測]    2026-07-16: 0 篇 | T=0 D=0 R=0
[事件偵測]    2026-07-15: 0 篇 | T=0 D=0 R=0
[事件偵測]    2026-07-14: 0 篇 | T=0 D=0 R=0
[事件偵測]    2026-07-13: 0 篇 | T=0 D=0 R=0
[07:19:57]    事件偵測失敗: Expecting value: line 1 column 1 (char 0)
[07:19:57]    🪙 $TRUMP: $2.13 (+2.8%)
[07:19:58]    📊 Polymarket 快照: 444 個市場 (20 事件)
[07:19:58]    📊 Polymarket: 444 個市場已更新
[07:19:58] 驗證 3 個即時預測...
[07:25:02]    📡 三源抓取: CNN:50 → 合計 50 篇
[07:25:02]    沒有新推文
[事件偵測] 掃描最近 5 天的信號模式...
[事件偵測]    最近 5 天的信號:
[事件偵測]    2026-07-17: 0 篇 | T=0 D=0 R=0
[事件偵測]    2026-07-16: 0 篇 | T=0 D=0 R=0
[事件偵測]    2026-07-15: 0 篇 | T=0 D=0 R=0
[事件偵測]    2026-07-14: 0 篇 | T=0 D=0 R=0
[事件偵測]    2026-07-13: 0 篇 | T=0 D=0 R=0
[07:25:02]    事件偵測失敗: Expecting value: line 1 column 1 (char 0)
[07:25:02]    🪙 $TRUMP: $2.12 (+2.8%)
[07:25:03]    📊 Polymarket 快照: 444 個市場 (20 事件)
[07:25:03]    📊 Polymarket: 444 個市場已更新
[07:25:03] 驗證 3 個即時預測...
[07:30:06]    📡 三源抓取: CNN:50 → 合計 50 篇
[07:30:07]    沒有新推文
[事件偵測] 掃描最近 5 天的信號模式...
[事件偵測]    最近 5 天的信號:
[事件偵測]    2026-07-17: 0 篇 | T=0 D=0 R=0
[事件偵測]    2026-07-16: 0 篇 | T=0 D=0 R=0
[事件偵測]    2026-07-15: 0 篇 | T=0 D=0 R=0
[事件偵測]    2026-07-14: 0 篇 | T=0 D=0 R=0
[事件偵測]    2026-07-13: 0 篇 | T=0 D=0 R=0
[07:30:07]    事件偵測失敗: Expecting value: line 1 column 1 (char 0)
[07:30:07]    🪙 $TRUMP: $2.12 (+2.8%)
[07:30:07]    📊 Polymarket 快照: 444 個市場 (20 事件)
[07:30:07]    📊 Polymarket: 444 個市場已更新
[07:30:07] 驗證 3 個即時預測...
[07:35:11]    📡 三源抓取: CNN:50 → 合計 50 篇
[07:35:11]    沒有新推文
[事件偵測] 掃描最近 5 天的信號模式...
[事件偵測]    最近 5 天的信號:
[事件偵測]    2026-07-17: 0 篇 | T=0 D=0 R=0
[事件偵測]    2026-07-16: 0 篇 | T=0 D=0 R=0
[事件偵測]    2026-07-15: 0 篇 | T=0 D=0 R=0
[事件偵測]    2026-07-14: 0 篇 | T=0 D=0 R=0
[事件偵測]    2026-07-13: 0 篇 | T=0 D=0 R=0
[07:35:11]    事件偵測失敗: Expecting value: line 1 column 1 (char 0)
[07:35:12]    🪙 $TRUMP: $2.12 (+3.2%)
[07:35:12]    📊 Polymarket 快照: 444 個市場 (20 事件)
[07:35:12]    📊 Polymarket: 444 個市場已更新
[07:35:12] 驗證 3 個即時預測...
[07:41:01]    📡 三源抓取: CNN:50 → 合計 50 篇
[07:41:01]    沒有新推文
[事件偵測] 掃描最近 5 天的信號模式...
[事件偵測]    最近 5 天的信號:
[事件偵測]    2026-07-17: 0 篇 | T=0 D=0 R=0
[事件偵測]    2026-07-16: 0 篇 | T=0 D=0 R=0
[事件偵測]    2026-07-15: 0 篇 | T=0 D=0 R=0
[事件偵測]    2026-07-14: 0 篇 | T=0 D=0 R=0
[事件偵測]    2026-07-13: 0 篇 | T=0 D=0 R=0
[07:41:01]    事件偵測失敗: Expecting value: line 1 column 1 (char 0)
[07:41:02]    🪙 $TRUMP: $2.12 (+3.5%)
[07:41:02]    📊 Polymarket 快照: 444 個市場 (20 事件)
[07:41:03]    📊 Polymarket: 444 個市場已更新
[07:41:03] 驗證 3 個即時預測...
[07:46:07]    📡 三源抓取: CNN:50 → 合計 50 篇
[07:46:07]    沒有新推文
[事件偵測] 掃描最近 5 天的信號模式...
[事件偵測]    最近 5 天的信號:
[事件偵測]    2026-07-17: 0 篇 | T=0 D=0 R=0
[事件偵測]    2026-07-16: 0 篇 | T=0 D=0 R=0
[事件偵測]    2026-07-15: 0 篇 | T=0 D=0 R=0
[事件偵測]    2026-07-14: 0 篇 | T=0 D=0 R=0
[事件偵測]    2026-07-13: 0 篇 | T=0 D=0 R=0
[07:46:07]    事件偵測失敗: Expecting value: line 1 column 1 (char 0)
[07:46:07]    🪙 $TRUMP: $2.13 (+3.5%)
[07:46:08]    📊 Polymarket 快照: 390 個市場 (20 事件)
[07:46:08]    📊 Polymarket: 390 個市場已更新
[07:46:08] 驗證 3 個即時預測...
[07:51:11]    📡 三源抓取: CNN:50 → 合計 50 篇
[07:51:11]    沒有新推文
[事件偵測] 掃描最近 5 天的信號模式...
[事件偵測]    最近 5 天的信號:
[事件偵測]    2026-07-17: 0 篇 | T=0 D=0 R=0
[事件偵測]    2026-07-16: 0 篇 | T=0 D=0 R=0
[事件偵測]    2026-07-15: 0 篇 | T=0 D=0 R=0
[事件偵測]    2026-07-14: 0 篇 | T=0 D=0 R=0
[事件偵測]    2026-07-13: 0 篇 | T=0 D=0 R=0
[07:51:11]    事件偵測失敗: Expecting value: line 1 column 1 (char 0)
[07:51:12]    🪙 $TRUMP: $2.13 (+3.6%)
[07:51:12]    📊 Polymarket 快照: 390 個市場 (20 事件)
[07:51:12]    📊 Polymarket: 390 個市場已更新
[07:51:12] 驗證 3 個即時預測...
[07:56:16]    📡 三源抓取: CNN:50 → 合計 50 篇
[07:56:16]    沒有新推文
[事件偵測] 掃描最近 5 天的信號模式...
[事件偵測]    最近 5 天的信號:
[事件偵測]    2026-07-17: 0 篇 | T=0 D=0 R=0
[事件偵測]    2026-07-16: 0 篇 | T=0 D=0 R=0
[事件偵測]    2026-07-15: 0 篇 | T=0 D=0 R=0
[事件偵測]    2026-07-14: 0 篇 | T=0 D=0 R=0
[事件偵測]    2026-07-13: 0 篇 | T=0 D=0 R=0
[07:56:16]    事件偵測失敗: Expecting value: line 1 column 1 (char 0)
[07:56:16]    🪙 $TRUMP: $2.13 (+3.4%)
[07:56:16]    📊 Polymarket 快照: 390 個市場 (20 事件)
[07:56:16]    📊 Polymarket: 390 個市場已更新
[07:56:16] 驗證 3 個即時預測...
[08:01:20]    📡 三源抓取: CNN:50 → 合計 50 篇
[08:01:20]    沒有新推文
[事件偵測] 掃描最近 5 天的信號模式...
[事件偵測]    最近 5 天的信號:
[事件偵測]    2026-07-17: 0 篇 | T=0 D=0 R=0
[事件偵測]    2026-07-16: 0 篇 | T=0 D=0 R=0
[事件偵測]    2026-07-15: 0 篇 | T=0 D=0 R=0
[事件偵測]    2026-07-14: 0 篇 | T=0 D=0 R=0
[事件偵測]    2026-07-13: 0 篇 | T=0 D=0 R=0
[08:01:20]    事件偵測失敗: Expecting value: line 1 column 1 (char 0)
[08:01:20]    🪙 $TRUMP: $2.13 (+2.9%)
[08:01:20]    📊 Polymarket 快照: 390 個市場 (20 事件)
[08:01:20]    📊 Polymarket: 390 個市場已更新
[08:01:20] 驗證 3 個即時預測...
[08:06:25]    📡 三源抓取: CNN:50 → 合計 50 篇
[08:06:25]    沒有新推文
[事件偵測] 掃描最近 5 天的信號模式...
[事件偵測]    最近 5 天的信號:
[事件偵測]    2026-07-17: 0 篇 | T=0 D=0 R=0
[事件偵測]    2026-07-16: 0 篇 | T=0 D=0 R=0
[事件偵測]    2026-07-15: 0 篇 | T=0 D=0 R=0
[事件偵測]    2026-07-14: 0 篇 | T=0 D=0 R=0
[事件偵測]    2026-07-13: 0 篇 | T=0 D=0 R=0
[08:06:25]    事件偵測失敗: Expecting value: line 1 column 1 (char 0)
[08:06:25]    🪙 $TRUMP: $2.13 (+2.7%)
[08:06:25]    📊 Polymarket 快照: 390 個市場 (20 事件)
[08:06:25]    📊 Polymarket: 390 個市場已更新
[08:06:25] 驗證 3 個即時預測...
[08:11:30]    📡 三源抓取: CNN:50 → 合計 50 篇
[08:11:30]    沒有新推文
[事件偵測] 掃描最近 5 天的信號模式...
[事件偵測]    最近 5 天的信號:
[事件偵測]    2026-07-17: 0 篇 | T=0 D=0 R=0
[事件偵測]    2026-07-16: 0 篇 | T=0 D=0 R=0
[事件偵測]    2026-07-15: 0 篇 | T=0 D=0 R=0
[事件偵測]    2026-07-14: 0 篇 | T=0 D=0 R=0
[事件偵測]    2026-07-13: 0 篇 | T=0 D=0 R=0
[08:11:30]    事件偵測失敗: Expecting value: line 1 column 1 (char 0)
[08:11:30]    🪙 $TRUMP: $2.12 (+2.8%)
[08:11:30]    📊 Polymarket 快照: 390 個市場 (20 事件)
[08:11:30]    📊 Polymarket: 390 個市場已更新
[08:11:30] 驗證 3 個即時預測...
[08:16:35]    📡 三源抓取: CNN:50 → 合計 50 篇
[08:16:35]    沒有新推文
[事件偵測] 掃描最近 5 天的信號模式...
[事件偵測]    最近 5 天的信號:
[事件偵測]    2026-07-17: 0 篇 | T=0 D=0 R=0
[事件偵測]    2026-07-16: 0 篇 | T=0 D=0 R=0
[事件偵測]    2026-07-15: 0 篇 | T=0 D=0 R=0
[事件偵測]    2026-07-14: 0 篇 | T=0 D=0 R=0
[事件偵測]    2026-07-13: 0 篇 | T=0 D=0 R=0
[08:16:35]    事件偵測失敗: Expecting value: line 1 column 1 (char 0)
[08:16:35]    🪙 $TRUMP: $2.12 (+2.5%)
[08:16:35]    📊 Polymarket 快照: 390 個市場 (20 事件)
[08:16:35]    📊 Polymarket: 390 個市場已更新
[08:16:35] 驗證 3 個即時預測...
[08:21:39]    📡 三源抓取: CNN:50 → 合計 50 篇
[08:21:39]    沒有新推文
[事件偵測] 掃描最近 5 天的信號模式...
[事件偵測]    最近 5 天的信號:
[事件偵測]    2026-07-17: 0 篇 | T=0 D=0 R=0
[事件偵測]    2026-07-16: 0 篇 | T=0 D=0 R=0
[事件偵測]    2026-07-15: 0 篇 | T=0 D=0 R=0
[事件偵測]    2026-07-14: 0 篇 | T=0 D=0 R=0
[事件偵測]    2026-07-13: 0 篇 | T=0 D=0 R=0
[08:21:39]    事件偵測失敗: Expecting value: line 1 column 1 (char 0)
[08:21:40]    🪙 $TRUMP: $2.12 (+1.9%)
[08:21:40]    📊 Polymarket 快照: 390 個市場 (20 事件)
[08:21:40]    📊 Polymarket: 390 個市場已更新
[08:21:40] 驗證 3 個即時預測...
[08:26:44]    📡 三源抓取: CNN:50 → 合計 50 篇
[08:26:44]    沒有新推文
[事件偵測] 掃描最近 5 天的信號模式...
[事件偵測]    最近 5 天的信號:
[事件偵測]    2026-07-17: 0 篇 | T=0 D=0 R=0
[事件偵測]    2026-07-16: 0 篇 | T=0 D=0 R=0
[事件偵測]    2026-07-15: 0 篇 | T=0 D=0 R=0
[事件偵測]    2026-07-14: 0 篇 | T=0 D=0 R=0
[事件偵測]    2026-07-13: 0 篇 | T=0 D=0 R=0
[08:26:44]    事件偵測失敗: Expecting value: line 1 column 1 (char 0)
[08:26:44]    🪙 $TRUMP: $2.12 (+1.8%)
[08:26:44]    📊 Polymarket 快照: 390 個市場 (20 事件)
[08:26:44]    📊 Polymarket: 390 個市場已更新
[08:26:44] 驗證 3 個即時預測...
[08:31:49]    📡 三源抓取: CNN:50 → 合計 50 篇
[08:31:49]    沒有新推文
[事件偵測] 掃描最近 5 天的信號模式...
[事件偵測]    最近 5 天的信號:
[事件偵測]    2026-07-17: 0 篇 | T=0 D=0 R=0
[事件偵測]    2026-07-16: 0 篇 | T=0 D=0 R=0
[事件偵測]    2026-07-15: 0 篇 | T=0 D=0 R=0
[事件偵測]    2026-07-14: 0 篇 | T=0 D=0 R=0
[事件偵測]    2026-07-13: 0 篇 | T=0 D=0 R=0
[08:31:49]    事件偵測失敗: Expecting value: line 1 column 1 (char 0)
[08:31:49]    🪙 $TRUMP: $2.12 (+2.1%)
[08:31:49]    📊 Polymarket 快照: 390 個市場 (20 事件)
[08:31:49]    📊 Polymarket: 390 個市場已更新
[08:31:49] 驗證 3 個即時預測...
[08:36:53]    📡 三源抓取: CNN:50 → 合計 50 篇
[08:36:53]    沒有新推文
[事件偵測] 掃描最近 5 天的信號模式...
[事件偵測]    最近 5 天的信號:
[事件偵測]    2026-07-17: 0 篇 | T=0 D=0 R=0
[事件偵測]    2026-07-16: 0 篇 | T=0 D=0 R=0
[事件偵測]    2026-07-15: 0 篇 | T=0 D=0 R=0
[事件偵測]    2026-07-14: 0 篇 | T=0 D=0 R=0
[事件偵測]    2026-07-13: 0 篇 | T=0 D=0 R=0
[08:36:53]    事件偵測失敗: Expecting value: line 1 column 1 (char 0)
[08:36:53]    🪙 $TRUMP: $2.13 (+2.5%)
[08:36:53]    📊 Polymarket 快照: 390 個市場 (20 事件)
[08:36:53]    📊 Polymarket: 390 個市場已更新
[08:36:53] 驗證 3 個即時預測...
[08:41:58]    📡 三源抓取: CNN:50 → 合計 50 篇
[08:41:58]    沒有新推文
[事件偵測] 掃描最近 5 天的信號模式...
[事件偵測]    最近 5 天的信號:
[事件偵測]    2026-07-17: 0 篇 | T=0 D=0 R=0
[事件偵測]    2026-07-16: 0 篇 | T=0 D=0 R=0
[事件偵測]    2026-07-15: 0 篇 | T=0 D=0 R=0
[事件偵測]    2026-07-14: 0 篇 | T=0 D=0 R=0
[事件偵測]    2026-07-13: 0 篇 | T=0 D=0 R=0
[08:41:58]    事件偵測失敗: Expecting value: line 1 column 1 (char 0)
[08:41:58]    🪙 $TRUMP: $2.13 (+2.6%)
[08:41:59]    📊 Polymarket 快照: 390 個市場 (20 事件)
[08:41:59]    📊 Polymarket: 390 個市場已更新
[08:41:59] 驗證 3 個即時預測...
[08:47:03]    📡 三源抓取: CNN:50 → 合計 50 篇
[08:47:03]    沒有新推文
[事件偵測] 掃描最近 5 天的信號模式...
[事件偵測]    最近 5 天的信號:
[事件偵測]    2026-07-17: 0 篇 | T=0 D=0 R=0
[事件偵測]    2026-07-16: 0 篇 | T=0 D=0 R=0
[事件偵測]    2026-07-15: 0 篇 | T=0 D=0 R=0
[事件偵測]    2026-07-14: 0 篇 | T=0 D=0 R=0
[事件偵測]    2026-07-13: 0 篇 | T=0 D=0 R=0
[08:47:03]    事件偵測失敗: Expecting value: line 1 column 1 (char 0)
[08:47:03]    🪙 $TRUMP: $2.13 (+2.6%)
[08:47:03]    📊 Polymarket 快照: 390 個市場 (20 事件)
[08:47:03]    📊 Polymarket: 390 個市場已更新
[08:47:03] 驗證 3 個即時預測...
[08:52:07]    📡 三源抓取: CNN:50 → 合計 50 篇
[08:52:07]    沒有新推文
[事件偵測] 掃描最近 5 天的信號模式...
[事件偵測]    最近 5 天的信號:
[事件偵測]    2026-07-17: 0 篇 | T=0 D=0 R=0
[事件偵測]    2026-07-16: 0 篇 | T=0 D=0 R=0
[事件偵測]    2026-07-15: 0 篇 | T=0 D=0 R=0
[事件偵測]    2026-07-14: 0 篇 | T=0 D=0 R=0
[事件偵測]    2026-07-13: 0 篇 | T=0 D=0 R=0
[08:52:07]    事件偵測失敗: Expecting value: line 1 column 1 (char 0)
[08:52:08]    🪙 $TRUMP: $2.13 (+2.7%)
[08:52:08]    📊 Polymarket 快照: 390 個市場 (20 事件)
[08:52:08]    📊 Polymarket: 390 個市場已更新
[08:52:08] 驗證 3 個即時預測...
[08:57:11]    📡 三源抓取: CNN:50 → 合計 50 篇
[08:57:11]    沒有新推文
[事件偵測] 掃描最近 5 天的信號模式...
[事件偵測]    最近 5 天的信號:
[事件偵測]    2026-07-17: 0 篇 | T=0 D=0 R=0
[事件偵測]    2026-07-16: 0 篇 | T=0 D=0 R=0
[事件偵測]    2026-07-15: 0 篇 | T=0 D=0 R=0
[事件偵測]    2026-07-14: 0 篇 | T=0 D=0 R=0
[事件偵測]    2026-07-13: 0 篇 | T=0 D=0 R=0
[08:57:11]    事件偵測失敗: Expecting value: line 1 column 1 (char 0)
[08:57:12]    🪙 $TRUMP: $2.12 (+2.3%)
[08:57:12]    📊 Polymarket 快照: 390 個市場 (20 事件)
[08:57:12]    📊 Polymarket: 390 個市場已更新
[08:57:12] 驗證 3 個即時預測...
[09:02:16]    📡 三源抓取: CNN:50 → 合計 50 篇
[09:02:16]    沒有新推文
[事件偵測] 掃描最近 5 天的信號模式...
[事件偵測]    最近 5 天的信號:
[事件偵測]    2026-07-17: 0 篇 | T=0 D=0 R=0
[事件偵測]    2026-07-16: 0 篇 | T=0 D=0 R=0
[事件偵測]    2026-07-15: 0 篇 | T=0 D=0 R=0
[事件偵測]    2026-07-14: 0 篇 | T=0 D=0 R=0
[事件偵測]    2026-07-13: 0 篇 | T=0 D=0 R=0
[09:02:16]    事件偵測失敗: Expecting value: line 1 column 1 (char 0)
[09:02:16]    🪙 $TRUMP: $2.12 (+2.2%)
[09:02:17]    📊 Polymarket 快照: 390 個市場 (20 事件)
[09:02:17]    📊 Polymarket: 390 個市場已更新
[09:02:17] 驗證 3 個即時預測...
[09:07:21]    📡 三源抓取: CNN:50 → 合計 50 篇
[09:07:21]    沒有新推文
[事件偵測] 掃描最近 5 天的信號模式...
[事件偵測]    最近 5 天的信號:
[事件偵測]    2026-07-17: 0 篇 | T=0 D=0 R=0
[事件偵測]    2026-07-16: 0 篇 | T=0 D=0 R=0
[事件偵測]    2026-07-15: 0 篇 | T=0 D=0 R=0
[事件偵測]    2026-07-14: 0 篇 | T=0 D=0 R=0
[事件偵測]    2026-07-13: 0 篇 | T=0 D=0 R=0
[09:07:21]    事件偵測失敗: Expecting value: line 1 column 1 (char 0)
[09:07:21]    🪙 $TRUMP: $2.12 (+1.7%)
[09:07:21]    📊 Polymarket 快照: 390 個市場 (20 事件)
[09:07:21]    📊 Polymarket: 390 個市場已更新
[09:07:21] 驗證 3 個即時預測...
[09:12:25]    📡 三源抓取: CNN:50 → 合計 50 篇
[09:12:25]    沒有新推文
[事件偵測] 掃描最近 5 天的信號模式...
[事件偵測]    最近 5 天的信號:
[事件偵測]    2026-07-17: 0 篇 | T=0 D=0 R=0
[事件偵測]    2026-07-16: 0 篇 | T=0 D=0 R=0
[事件偵測]    2026-07-15: 0 篇 | T=0 D=0 R=0
[事件偵測]    2026-07-14: 0 篇 | T=0 D=0 R=0
[事件偵測]    2026-07-13: 0 篇 | T=0 D=0 R=0
[09:12:25]    事件偵測失敗: Expecting value: line 1 column 1 (char 0)
[09:12:26]    🪙 $TRUMP: $2.11 (+1.7%)
[09:12:26]    📊 Polymarket 快照: 390 個市場 (20 事件)
[09:12:26]    📊 Polymarket: 390 個市場已更新
[09:12:26] 驗證 3 個即時預測...
[09:17:30]    📡 三源抓取: CNN:50 → 合計 50 篇
[09:17:30]    沒有新推文
[事件偵測] 掃描最近 5 天的信號模式...
[事件偵測]    最近 5 天的信號:
[事件偵測]    2026-07-17: 0 篇 | T=0 D=0 R=0
[事件偵測]    2026-07-16: 0 篇 | T=0 D=0 R=0
[事件偵測]    2026-07-15: 0 篇 | T=0 D=0 R=0
[事件偵測]    2026-07-14: 0 篇 | T=0 D=0 R=0
[事件偵測]    2026-07-13: 0 篇 | T=0 D=0 R=0
[09:17:30]    事件偵測失敗: Expecting value: line 1 column 1 (char 0)
[09:17:30]    🪙 $TRUMP: $2.11 (+1.8%)
[09:17:31]    📊 Polymarket 快照: 390 個市場 (20 事件)
[09:17:31]    📊 Polymarket: 390 個市場已更新
[09:17:31] 驗證 3 個即時預測...
[09:22:35]    📡 三源抓取: CNN:50 → 合計 50 篇
[09:22:35]    沒有新推文
[事件偵測] 掃描最近 5 天的信號模式...
[事件偵測]    最近 5 天的信號:
[事件偵測]    2026-07-17: 0 篇 | T=0 D=0 R=0
[事件偵測]    2026-07-16: 0 篇 | T=0 D=0 R=0
[事件偵測]    2026-07-15: 0 篇 | T=0 D=0 R=0
[事件偵測]    2026-07-14: 0 篇 | T=0 D=0 R=0
[事件偵測]    2026-07-13: 0 篇 | T=0 D=0 R=0
[09:22:35]    事件偵測失敗: Expecting value: line 1 column 1 (char 0)
[09:22:35]    🪙 $TRUMP: $2.11 (+1.7%)
[09:22:36]    📊 Polymarket 快照: 390 個市場 (20 事件)
[09:22:36]    📊 Polymarket: 390 個市場已更新
[09:22:36] 驗證 3 個即時預測...
[09:27:40]    📡 三源抓取: CNN:50 → 合計 50 篇
[09:27:40]    沒有新推文
[事件偵測] 掃描最近 5 天的信號模式...
[事件偵測]    最近 5 天的信號:
[事件偵測]    2026-07-17: 0 篇 | T=0 D=0 R=0
[事件偵測]    2026-07-16: 0 篇 | T=0 D=0 R=0
[事件偵測]    2026-07-15: 0 篇 | T=0 D=0 R=0
[事件偵測]    2026-07-14: 0 篇 | T=0 D=0 R=0
[事件偵測]    2026-07-13: 0 篇 | T=0 D=0 R=0
[09:27:40]    事件偵測失敗: Expecting value: line 1 column 1 (char 0)
[09:27:40]    🪙 $TRUMP: $2.10 (+1.2%)
[09:27:40]    📊 Polymarket 快照: 390 個市場 (20 事件)
[09:27:40]    📊 Polymarket: 390 個市場已更新
[09:27:40] 驗證 3 個即時預測...
[09:32:45]    📡 三源抓取: CNN:50 → 合計 50 篇
[09:32:45]    沒有新推文
[事件偵測] 掃描最近 5 天的信號模式...
[事件偵測]    最近 5 天的信號:
[事件偵測]    2026-07-17: 0 篇 | T=0 D=0 R=0
[事件偵測]    2026-07-16: 0 篇 | T=0 D=0 R=0
[事件偵測]    2026-07-15: 0 篇 | T=0 D=0 R=0
[事件偵測]    2026-07-14: 0 篇 | T=0 D=0 R=0
[事件偵測]    2026-07-13: 0 篇 | T=0 D=0 R=0
[09:32:45]    事件偵測失敗: Expecting value: line 1 column 1 (char 0)
[09:32:45]    🪙 $TRUMP: $2.10 (+0.9%)
[09:32:45]    📊 Polymarket 快照: 390 個市場 (20 事件)
[09:32:45]    📊 Polymarket: 390 個市場已更新
[09:32:45] 驗證 3 個即時預測...
[09:37:49]    📡 三源抓取: CNN:50 → 合計 50 篇
[09:37:49]    沒有新推文
[事件偵測] 掃描最近 5 天的信號模式...
[事件偵測]    最近 5 天的信號:
[事件偵測]    2026-07-17: 0 篇 | T=0 D=0 R=0
[事件偵測]    2026-07-16: 0 篇 | T=0 D=0 R=0
[事件偵測]    2026-07-15: 0 篇 | T=0 D=0 R=0
[事件偵測]    2026-07-14: 0 篇 | T=0 D=0 R=0
[事件偵測]    2026-07-13: 0 篇 | T=0 D=0 R=0
[09:37:49]    事件偵測失敗: Expecting value: line 1 column 1 (char 0)
[09:37:50]    🪙 $TRUMP: $2.11 (+1.1%)
[09:37:50]    📊 Polymarket 快照: 390 個市場 (20 事件)
[09:37:50]    📊 Polymarket: 390 個市場已更新
[09:37:50] 驗證 3 個即時預測...
[09:42:54]    📡 三源抓取: CNN:50 → 合計 50 篇
[09:42:54]    沒有新推文
[事件偵測] 掃描最近 5 天的信號模式...
[事件偵測]    最近 5 天的信號:
[事件偵測]    2026-07-17: 0 篇 | T=0 D=0 R=0
[事件偵測]    2026-07-16: 0 篇 | T=0 D=0 R=0
[事件偵測]    2026-07-15: 0 篇 | T=0 D=0 R=0
[事件偵測]    2026-07-14: 0 篇 | T=0 D=0 R=0
[事件偵測]    2026-07-13: 0 篇 | T=0 D=0 R=0
[09:42:54]    事件偵測失敗: Expecting value: line 1 column 1 (char 0)
[09:42:55]    🪙 $TRUMP: $2.11 (+1.2%)
[09:42:55]    📊 Polymarket 快照: 390 個市場 (20 事件)
[09:42:55]    📊 Polymarket: 390 個市場已更新
[09:42:55] 驗證 3 個即時預測...
[09:47:59]    📡 三源抓取: CNN:50 → 合計 50 篇
[09:47:59]    沒有新推文
[事件偵測] 掃描最近 5 天的信號模式...
[事件偵測]    最近 5 天的信號:
[事件偵測]    2026-07-17: 0 篇 | T=0 D=0 R=0
[事件偵測]    2026-07-16: 0 篇 | T=0 D=0 R=0
[事件偵測]    2026-07-15: 0 篇 | T=0 D=0 R=0
[事件偵測]    2026-07-14: 0 篇 | T=0 D=0 R=0
[事件偵測]    2026-07-13: 0 篇 | T=0 D=0 R=0
[09:47:59]    事件偵測失敗: Expecting value: line 1 column 1 (char 0)
[09:47:59]    🪙 $TRUMP: $2.11 (+1.2%)
[09:47:59]    📊 Polymarket 快照: 390 個市場 (20 事件)
[09:47:59]    📊 Polymarket: 390 個市場已更新
[09:47:59] 驗證 3 個即時預測...
[09:53:03]    📡 三源抓取: CNN:50 → 合計 50 篇
[09:53:03]    沒有新推文
[事件偵測] 掃描最近 5 天的信號模式...
[事件偵測]    最近 5 天的信號:
[事件偵測]    2026-07-17: 0 篇 | T=0 D=0 R=0
[事件偵測]    2026-07-16: 0 篇 | T=0 D=0 R=0
[事件偵測]    2026-07-15: 0 篇 | T=0 D=0 R=0
[事件偵測]    2026-07-14: 0 篇 | T=0 D=0 R=0
[事件偵測]    2026-07-13: 0 篇 | T=0 D=0 R=0
[09:53:03]    事件偵測失敗: Expecting value: line 1 column 1 (char 0)
[09:53:04]    🪙 $TRUMP: $2.11 (+1.4%)
[09:53:04]    📊 Polymarket 快照: 390 個市場 (20 事件)
[09:53:04]    📊 Polymarket: 390 個市場已更新
[09:53:04] 驗證 3 個即時預測...
[09:58:08]    📡 三源抓取: CNN:50 → 合計 50 篇
[09:58:08]    沒有新推文
[事件偵測] 掃描最近 5 天的信號模式...
[事件偵測]    最近 5 天的信號:
[事件偵測]    2026-07-17: 0 篇 | T=0 D=0 R=0
[事件偵測]    2026-07-16: 0 篇 | T=0 D=0 R=0
[事件偵測]    2026-07-15: 0 篇 | T=0 D=0 R=0
[事件偵測]    2026-07-14: 0 篇 | T=0 D=0 R=0
[事件偵測]    2026-07-13: 0 篇 | T=0 D=0 R=0
[09:58:08]    事件偵測失敗: Expecting value: line 1 column 1 (char 0)
[09:58:08]    🪙 $TRUMP: $2.11 (+1.5%)
[09:58:08]    📊 Polymarket 快照: 512 個市場 (20 事件)
[09:58:09]    📊 Polymarket: 512 個市場已更新
[09:58:09] 驗證 3 個即時預測...
[10:03:12]    📡 三源抓取: CNN:50 → 合計 50 篇
[10:03:12]    沒有新推文
[事件偵測] 掃描最近 5 天的信號模式...
[事件偵測]    最近 5 天的信號:
[事件偵測]    2026-07-17: 0 篇 | T=0 D=0 R=0
[事件偵測]    2026-07-16: 0 篇 | T=0 D=0 R=0
[事件偵測]    2026-07-15: 0 篇 | T=0 D=0 R=0
[事件偵測]    2026-07-14: 0 篇 | T=0 D=0 R=0
[事件偵測]    2026-07-13: 0 篇 | T=0 D=0 R=0
[10:03:12]    事件偵測失敗: Expecting value: line 1 column 1 (char 0)
[10:03:13]    🪙 $TRUMP: $2.11 (+1.9%)
[10:03:13]    📊 Polymarket 快照: 434 個市場 (20 事件)
[10:03:13]    📊 Polymarket: 434 個市場已更新
[10:03:13] 驗證 3 個即時預測...
[10:08:17]    📡 三源抓取: CNN:50 → 合計 50 篇
[10:08:17]    沒有新推文
[事件偵測] 掃描最近 5 天的信號模式...
[事件偵測]    最近 5 天的信號:
[事件偵測]    2026-07-17: 0 篇 | T=0 D=0 R=0
[事件偵測]    2026-07-16: 0 篇 | T=0 D=0 R=0
[事件偵測]    2026-07-15: 0 篇 | T=0 D=0 R=0
[事件偵測]    2026-07-14: 0 篇 | T=0 D=0 R=0
[事件偵測]    2026-07-13: 0 篇 | T=0 D=0 R=0
[10:08:17]    事件偵測失敗: Expecting value: line 1 column 1 (char 0)
[10:08:17]    🪙 $TRUMP: $2.12 (+2.4%)
[10:08:17]    📊 Polymarket 快照: 434 個市場 (20 事件)
[10:08:17]    📊 Polymarket: 434 個市場已更新
[10:08:17] 驗證 3 個即時預測...
[10:13:22]    📡 三源抓取: CNN:50 → 合計 50 篇
[10:13:22]    沒有新推文
[事件偵測] 掃描最近 5 天的信號模式...
[事件偵測]    最近 5 天的信號:
[事件偵測]    2026-07-17: 0 篇 | T=0 D=0 R=0
[事件偵測]    2026-07-16: 0 篇 | T=0 D=0 R=0
[事件偵測]    2026-07-15: 0 篇 | T=0 D=0 R=0
[事件偵測]    2026-07-14: 0 篇 | T=0 D=0 R=0
[事件偵測]    2026-07-13: 0 篇 | T=0 D=0 R=0
[10:13:22]    事件偵測失敗: Expecting value: line 1 column 1 (char 0)
[10:13:23]    🪙 $TRUMP: $2.13 (+2.6%)
[10:13:23]    📊 Polymarket 快照: 434 個市場 (20 事件)
[10:13:23]    📊 Polymarket: 434 個市場已更新
[10:13:23] 驗證 3 個即時預測...
[10:18:27]    📡 三源抓取: CNN:50 → 合計 50 篇
[10:18:27]    沒有新推文
[事件偵測] 掃描最近 5 天的信號模式...
[事件偵測]    最近 5 天的信號:
[事件偵測]    2026-07-17: 0 篇 | T=0 D=0 R=0
[事件偵測]    2026-07-16: 0 篇 | T=0 D=0 R=0
[事件偵測]    2026-07-15: 0 篇 | T=0 D=0 R=0
[事件偵測]    2026-07-14: 0 篇 | T=0 D=0 R=0
[事件偵測]    2026-07-13: 0 篇 | T=0 D=0 R=0
[10:18:27]    事件偵測失敗: Expecting value: line 1 column 1 (char 0)
[10:18:28]    🪙 $TRUMP: $2.13 (+2.7%)
[10:18:28]    📊 Polymarket 快照: 434 個市場 (20 事件)
[10:18:28]    📊 Polymarket: 434 個市場已更新
[10:18:28] 驗證 3 個即時預測...
[10:23:32]    📡 三源抓取: CNN:50 → 合計 50 篇
[10:23:32]    沒有新推文
[事件偵測] 掃描最近 5 天的信號模式...
[事件偵測]    最近 5 天的信號:
[事件偵測]    2026-07-17: 0 篇 | T=0 D=0 R=0
[事件偵測]    2026-07-16: 0 篇 | T=0 D=0 R=0
[事件偵測]    2026-07-15: 0 篇 | T=0 D=0 R=0
[事件偵測]    2026-07-14: 0 篇 | T=0 D=0 R=0
[事件偵測]    2026-07-13: 0 篇 | T=0 D=0 R=0
[10:23:32]    事件偵測失敗: Expecting value: line 1 column 1 (char 0)
[10:23:32]    🪙 $TRUMP: $2.13 (+3.0%)
[10:23:32]    📊 Polymarket 快照: 434 個市場 (20 事件)
[10:23:32]    📊 Polymarket: 434 個市場已更新
[10:23:32] 驗證 3 個即時預測...
[10:28:37]    📡 三源抓取: CNN:50 → 合計 50 篇
[10:28:37]    沒有新推文
[事件偵測] 掃描最近 5 天的信號模式...
[事件偵測]    最近 5 天的信號:
[事件偵測]    2026-07-17: 0 篇 | T=0 D=0 R=0
[事件偵測]    2026-07-16: 0 篇 | T=0 D=0 R=0
[事件偵測]    2026-07-15: 0 篇 | T=0 D=0 R=0
[事件偵測]    2026-07-14: 0 篇 | T=0 D=0 R=0
[事件偵測]    2026-07-13: 0 篇 | T=0 D=0 R=0
[10:28:37]    事件偵測失敗: Expecting value: line 1 column 1 (char 0)
[10:28:37]    🪙 $TRUMP: $2.13 (+2.7%)
[10:28:38]    📊 Polymarket 快照: 434 個市場 (20 事件)
[10:28:38]    📊 Polymarket: 434 個市場已更新
[10:28:38] 驗證 3 個即時預測...
[10:33:42]    📡 三源抓取: CNN:50 → 合計 50 篇
[10:33:42] 🆕 偵測到 3 篇新推文！
[10:33:43]    📥 寫入 3 篇新推文到 trump_posts_all.json（總計 46160 篇）
[10:33:43]    📊 Polymarket 快照: 434 個市場 (20 事件)
[10:33:44]    🪙 $TRUMP: $2.13 (+2.7%)
[10:33:44]    📝 [10:28] Justice Department charges four aliens in Pennsylvania with election fraud: http...
[10:33:44]    📝 [10:28] Two-tiered justice: Local DAs shield noncitizens from immigration consequences: ...
[10:33:44]    📝 [10:27] A big WIN for Republicans!!!Trump stacks wins: SCOTUS unleashes voter citizenshi...
[10:33:44]    🚀拉盤 劇本觸發: 他閉嘴（什麼都沒講）
[10:33:44]       歷史: +0.409% | 建議: LONG — 沉默是金
[事件偵測] 掃描最近 5 天的信號模式...
[事件偵測]    最近 5 天的信號:
[事件偵測]    2026-07-17: 0 篇 | T=0 D=0 R=0
[事件偵測]    2026-07-16: 0 篇 | T=0 D=0 R=0
[事件偵測]    2026-07-15: 0 篇 | T=0 D=0 R=0
[事件偵測]    2026-07-14: 0 篇 | T=0 D=0 R=0
[事件偵測]    2026-07-13: 0 篇 | T=0 D=0 R=0
[10:33:44]    事件偵測失敗: Expecting value: line 1 column 1 (char 0)
[10:33:44]    🪙 $TRUMP: $2.13 (+2.7%)
[10:33:44]    📊 Polymarket 快照: 434 個市場 (20 事件)
[10:33:44]    📊 Polymarket: 434 個市場已更新
[10:33:44] 驗證 3 個即時預測...
[10:33:46] 📊 本輪: 3 新推文 | 0 預測 | 0 驗證
[10:38:48]    📡 三源抓取: CNN:50 → 合計 50 篇
[10:38:48]    沒有新推文
[事件偵測] 掃描最近 5 天的信號模式...
[事件偵測]    最近 5 天的信號:
[事件偵測]    2026-07-17: 0 篇 | T=0 D=0 R=0
[事件偵測]    2026-07-16: 0 篇 | T=0 D=0 R=0
[事件偵測]    2026-07-15: 0 篇 | T=0 D=0 R=0
[事件偵測]    2026-07-14: 0 篇 | T=0 D=0 R=0
[事件偵測]    2026-07-13: 0 篇 | T=0 D=0 R=0
[10:38:48]    事件偵測失敗: Expecting value: line 1 column 1 (char 0)
[10:38:49]    🪙 $TRUMP: $2.13 (+2.7%)
[10:38:49]    📊 Polymarket 快照: 434 個市場 (20 事件)
[10:38:49]    📊 Polymarket: 434 個市場已更新
[10:38:49] 驗證 3 個即時預測...
[10:43:53]    📡 三源抓取: CNN:50 → 合計 50 篇
[10:43:53] 🆕 偵測到 6 篇新推文！
[10:43:54]    📥 寫入 6 篇新推文到 trump_posts_all.json（總計 46166 篇）
[10:43:54]    📊 Polymarket 快照: 434 個市場 (20 事件)
[10:43:55]    🪙 $TRUMP: $2.14 (+2.9%)
[10:43:55]    📝 [10:32] Keep the lights on, sideline Big Brother: Trump EPA rollback could save ratepaye...
[10:43:55]    📝 [10:32] Feds arrest, indict hundreds in Trump voter fraud crackdown: 'Catching it all ov...
[10:43:55]    📝 [10:31] Agent in Jack Smith case says he was kept in dark that subpoenaed phone data bel...
[10:43:55]    📝 [10:31] Trump's U.N. speech reveals a world realigned by his policy and pressure, with C...
[10:43:55]    📝 [10:30] White House press monopoly exposes risks of news blackout, as RAV steps in with ...
[10:43:55]    📝 [10:30] Fantastic news for America!SCOTUS reinstates Trump's voter citizenship verificat...
[10:43:55]    🚀拉盤 劇本觸發: 他閉嘴（什麼都沒講）
[10:43:55]       歷史: +0.409% | 建議: LONG — 沉默是金
[事件偵測] 掃描最近 5 天的信號模式...
[事件偵測]    最近 5 天的信號:
[事件偵測]    2026-07-17: 0 篇 | T=0 D=0 R=0
[事件偵測]    2026-07-16: 0 篇 | T=0 D=0 R=0
[事件偵測]    2026-07-15: 0 篇 | T=0 D=0 R=0
[事件偵測]    2026-07-14: 0 篇 | T=0 D=0 R=0
[事件偵測]    2026-07-13: 0 篇 | T=0 D=0 R=0
[10:43:55]    事件偵測失敗: Expecting value: line 1 column 1 (char 0)
[10:43:55]    🪙 $TRUMP: $2.14 (+2.9%)
[10:43:55]    📊 Polymarket 快照: 434 個市場 (20 事件)
[10:43:55]    📊 Polymarket: 434 個市場已更新
[10:43:55] 驗證 3 個即時預測...
[10:43:56] 📊 本輪: 6 新推文 | 0 預測 | 0 驗證
[10:49:00]    📡 三源抓取: CNN:50 → 合計 50 篇
[10:49:00]    沒有新推文
[事件偵測] 掃描最近 5 天的信號模式...
[事件偵測]    最近 5 天的信號:
[事件偵測]    2026-07-17: 0 篇 | T=0 D=0 R=0
[事件偵測]    2026-07-16: 0 篇 | T=0 D=0 R=0
[事件偵測]    2026-07-15: 0 篇 | T=0 D=0 R=0
[事件偵測]    2026-07-14: 0 篇 | T=0 D=0 R=0
[事件偵測]    2026-07-13: 0 篇 | T=0 D=0 R=0
[10:49:00]    事件偵測失敗: Expecting value: line 1 column 1 (char 0)
[10:49:00]    🪙 $TRUMP: $2.14 (+2.9%)
[10:49:00]    📊 Polymarket 快照: 434 個市場 (20 事件)
[10:49:00]    📊 Polymarket: 434 個市場已更新
[10:49:00] 驗證 3 個即時預測...
[10:54:04]    📡 三源抓取: CNN:50 → 合計 50 篇
[10:54:04] 🆕 偵測到 2 篇新推文！
[10:54:05]    📥 寫入 2 篇新推文到 trump_posts_all.json（總計 46168 篇）
[10:54:06]    📊 Polymarket 快照: 434 個市場 (20 事件)
[10:54:06]    🪙 $TRUMP: $2.14 (+2.8%)
[10:54:06]    📝 [10:51] Why should perpetrators of FAKE NEWS, like CNN and MSDNC, be allowed access to a...
[10:54:06]    📝 [10:50] Animal welfare groups praise Trump administration for more moves to reduce anima...
[10:54:06]    🚀拉盤 劇本觸發: 他閉嘴（什麼都沒講）
[10:54:06]       歷史: +0.409% | 建議: LONG — 沉默是金
[事件偵測] 掃描最近 5 天的信號模式...
[事件偵測]    最近 5 天的信號:
[事件偵測]    2026-07-17: 0 篇 | T=0 D=0 R=0
[事件偵測]    2026-07-16: 0 篇 | T=0 D=0 R=0
[事件偵測]    2026-07-15: 0 篇 | T=0 D=0 R=0
[事件偵測]    2026-07-14: 0 篇 | T=0 D=0 R=0
[事件偵測]    2026-07-13: 0 篇 | T=0 D=0 R=0
[10:54:06]    事件偵測失敗: Expecting value: line 1 column 1 (char 0)
[10:54:06]    🪙 $TRUMP: $2.14 (+2.8%)
[10:54:06]    📊 Polymarket 快照: 434 個市場 (20 事件)
[10:54:06]    📊 Polymarket: 434 個市場已更新
[10:54:06] 驗證 3 個即時預測...
[10:54:08] 📊 本輪: 2 新推文 | 0 預測 | 0 驗證
[10:59:11]    📡 三源抓取: CNN:50 → 合計 50 篇
[10:59:11]    沒有新推文
[事件偵測] 掃描最近 5 天的信號模式...
[事件偵測]    最近 5 天的信號:
[事件偵測]    2026-07-17: 0 篇 | T=0 D=0 R=0
[事件偵測]    2026-07-16: 0 篇 | T=0 D=0 R=0
[事件偵測]    2026-07-15: 0 篇 | T=0 D=0 R=0
[事件偵測]    2026-07-14: 0 篇 | T=0 D=0 R=0
[事件偵測]    2026-07-13: 0 篇 | T=0 D=0 R=0
[10:59:11]    事件偵測失敗: Expecting value: line 1 column 1 (char 0)
[10:59:11]    🪙 $TRUMP: $2.15 (+3.3%)
[10:59:11]    📊 Polymarket 快照: 434 個市場 (20 事件)
[10:59:11]    📊 Polymarket: 434 個市場已更新
[10:59:11] 驗證 3 個即時預測...
[11:04:15]    📡 三源抓取: CNN:50 → 合計 50 篇
[11:04:15]    沒有新推文
[事件偵測] 掃描最近 5 天的信號模式...
[事件偵測]    最近 5 天的信號:
[事件偵測]    2026-07-17: 0 篇 | T=0 D=0 R=0
[事件偵測]    2026-07-16: 0 篇 | T=0 D=0 R=0
[事件偵測]    2026-07-15: 0 篇 | T=0 D=0 R=0
[事件偵測]    2026-07-14: 0 篇 | T=0 D=0 R=0
[事件偵測]    2026-07-13: 0 篇 | T=0 D=0 R=0
[11:04:15]    事件偵測失敗: Expecting value: line 1 column 1 (char 0)
[11:04:16]    🪙 $TRUMP: $2.14 (+2.8%)
[11:04:16]    📊 Polymarket 快照: 434 個市場 (20 事件)
[11:04:16]    📊 Polymarket: 434 個市場已更新
[11:04:16] 驗證 3 個即時預測...
[11:09:20]    📡 三源抓取: CNN:50 → 合計 50 篇
[11:09:20]    沒有新推文
[事件偵測] 掃描最近 5 天的信號模式...
[事件偵測]    最近 5 天的信號:
[事件偵測]    2026-07-17: 0 篇 | T=0 D=0 R=0
[事件偵測]    2026-07-16: 0 篇 | T=0 D=0 R=0
[事件偵測]    2026-07-15: 0 篇 | T=0 D=0 R=0
[事件偵測]    2026-07-14: 0 篇 | T=0 D=0 R=0
[事件偵測]    2026-07-13: 0 篇 | T=0 D=0 R=0
[11:09:20]    事件偵測失敗: Expecting value: line 1 column 1 (char 0)
[11:09:20]    🪙 $TRUMP: $2.14 (+1.8%)
[11:09:21]    📊 Polymarket 快照: 434 個市場 (20 事件)
[11:09:21]    📊 Polymarket: 434 個市場已更新
[11:09:21] 驗證 3 個即時預測...
[11:14:25]    📡 三源抓取: CNN:50 → 合計 50 篇
[11:14:25]    沒有新推文
[事件偵測] 掃描最近 5 天的信號模式...
[事件偵測]    最近 5 天的信號:
[事件偵測]    2026-07-17: 0 篇 | T=0 D=0 R=0
[事件偵測]    2026-07-16: 0 篇 | T=0 D=0 R=0
[事件偵測]    2026-07-15: 0 篇 | T=0 D=0 R=0
[事件偵測]    2026-07-14: 0 篇 | T=0 D=0 R=0
[事件偵測]    2026-07-13: 0 篇 | T=0 D=0 R=0
[11:14:25]    事件偵測失敗: Expecting value: line 1 column 1 (char 0)
[11:14:26]    🪙 $TRUMP: $2.18 (+3.3%)
[11:14:26]    📊 Polymarket 快照: 434 個市場 (20 事件)
[11:14:26]    📊 Polymarket: 434 個市場已更新
[11:14:26] 驗證 3 個即時預測...
[11:19:30]    📡 三源抓取: CNN:50 → 合計 50 篇
[11:19:30]    沒有新推文
[事件偵測] 掃描最近 5 天的信號模式...
[事件偵測]    最近 5 天的信號:
[事件偵測]    2026-07-17: 0 篇 | T=0 D=0 R=0
[事件偵測]    2026-07-16: 0 篇 | T=0 D=0 R=0
[事件偵測]    2026-07-15: 0 篇 | T=0 D=0 R=0
[事件偵測]    2026-07-14: 0 篇 | T=0 D=0 R=0
[事件偵測]    2026-07-13: 0 篇 | T=0 D=0 R=0
[11:19:30]    事件偵測失敗: Expecting value: line 1 column 1 (char 0)
[11:19:30]    🪙 $TRUMP: $2.16 (+2.4%)
[11:19:30]    📊 Polymarket 快照: 434 個市場 (20 事件)
[11:19:30]    📊 Polymarket: 434 個市場已更新
[11:19:30] 驗證 3 個即時預測...
[11:24:34]    📡 三源抓取: CNN:50 → 合計 50 篇
[11:24:34]    沒有新推文
[事件偵測] 掃描最近 5 天的信號模式...
[事件偵測]    最近 5 天的信號:
[事件偵測]    2026-07-17: 0 篇 | T=0 D=0 R=0
[事件偵測]    2026-07-16: 0 篇 | T=0 D=0 R=0
[事件偵測]    2026-07-15: 0 篇 | T=0 D=0 R=0
[事件偵測]    2026-07-14: 0 篇 | T=0 D=0 R=0
[事件偵測]    2026-07-13: 0 篇 | T=0 D=0 R=0
[11:24:34]    事件偵測失敗: Expecting value: line 1 column 1 (char 0)
[11:24:34]    🪙 $TRUMP: $2.16 (+2.6%)
[11:24:34]    📊 Polymarket 快照: 434 個市場 (20 事件)
[11:24:34]    📊 Polymarket: 434 個市場已更新
[11:24:34] 驗證 3 個即時預測...
[11:29:38]    📡 三源抓取: CNN:50 → 合計 50 篇
[11:29:38]    沒有新推文
[事件偵測] 掃描最近 5 天的信號模式...
[事件偵測]    最近 5 天的信號:
[事件偵測]    2026-07-17: 0 篇 | T=0 D=0 R=0
[事件偵測]    2026-07-16: 0 篇 | T=0 D=0 R=0
[事件偵測]    2026-07-15: 0 篇 | T=0 D=0 R=0
[事件偵測]    2026-07-14: 0 篇 | T=0 D=0 R=0
[事件偵測]    2026-07-13: 0 篇 | T=0 D=0 R=0
[11:29:38]    事件偵測失敗: Expecting value: line 1 column 1 (char 0)
[11:29:38]    🪙 $TRUMP: $2.16 (+2.2%)
[11:29:39]    📊 Polymarket 快照: 434 個市場 (20 事件)
[11:29:39]    📊 Polymarket: 434 個市場已更新
[11:29:39] 驗證 3 個即時預測...
[11:34:42]    📡 三源抓取: CNN:50 → 合計 50 篇
[11:34:42]    沒有新推文
[事件偵測] 掃描最近 5 天的信號模式...
[事件偵測]    最近 5 天的信號:
[事件偵測]    2026-07-17: 0 篇 | T=0 D=0 R=0
[事件偵測]    2026-07-16: 0 篇 | T=0 D=0 R=0
[事件偵測]    2026-07-15: 0 篇 | T=0 D=0 R=0
[事件偵測]    2026-07-14: 0 篇 | T=0 D=0 R=0
[事件偵測]    2026-07-13: 0 篇 | T=0 D=0 R=0
[11:34:42]    事件偵測失敗: Expecting value: line 1 column 1 (char 0)
[11:34:42]    🪙 $TRUMP: $2.15 (+1.8%)
[11:34:43]    📊 Polymarket 快照: 434 個市場 (20 事件)
[11:34:43]    📊 Polymarket: 434 個市場已更新
[11:34:43] 驗證 3 個即時預測...
[11:39:47]    📡 三源抓取: CNN:50 → 合計 50 篇
[11:39:47]    沒有新推文
[事件偵測] 掃描最近 5 天的信號模式...
[事件偵測]    最近 5 天的信號:
[事件偵測]    2026-07-17: 0 篇 | T=0 D=0 R=0
[事件偵測]    2026-07-16: 0 篇 | T=0 D=0 R=0
[事件偵測]    2026-07-15: 0 篇 | T=0 D=0 R=0
[事件偵測]    2026-07-14: 0 篇 | T=0 D=0 R=0
[事件偵測]    2026-07-13: 0 篇 | T=0 D=0 R=0
[11:39:47]    事件偵測失敗: Expecting value: line 1 column 1 (char 0)
[11:39:47]    🪙 $TRUMP: $2.15 (+1.8%)
[11:39:47]    📊 Polymarket 快照: 434 個市場 (20 事件)
[11:39:47]    📊 Polymarket: 434 個市場已更新
[11:39:47] 驗證 3 個即時預測...
[11:44:52]    📡 三源抓取: CNN:50 → 合計 50 篇
[11:44:52]    沒有新推文
[事件偵測] 掃描最近 5 天的信號模式...
[事件偵測]    最近 5 天的信號:
[事件偵測]    2026-07-17: 0 篇 | T=0 D=0 R=0
[事件偵測]    2026-07-16: 0 篇 | T=0 D=0 R=0
[事件偵測]    2026-07-15: 0 篇 | T=0 D=0 R=0
[事件偵測]    2026-07-14: 0 篇 | T=0 D=0 R=0
[事件偵測]    2026-07-13: 0 篇 | T=0 D=0 R=0
[11:44:52]    事件偵測失敗: Expecting value: line 1 column 1 (char 0)
[11:44:53]    🪙 $TRUMP: $2.15 (+2.2%)
[11:44:53]    📊 Polymarket 快照: 434 個市場 (20 事件)
[11:44:53]    📊 Polymarket: 434 個市場已更新
[11:44:53] 驗證 3 個即時預測...
[11:49:56]    📡 三源抓取: CNN:50 → 合計 50 篇
[11:49:56]    沒有新推文
[事件偵測] 掃描最近 5 天的信號模式...
[事件偵測]    最近 5 天的信號:
[事件偵測]    2026-07-17: 0 篇 | T=0 D=0 R=0
[事件偵測]    2026-07-16: 0 篇 | T=0 D=0 R=0
[事件偵測]    2026-07-15: 0 篇 | T=0 D=0 R=0
[事件偵測]    2026-07-14: 0 篇 | T=0 D=0 R=0
[事件偵測]    2026-07-13: 0 篇 | T=0 D=0 R=0
[11:49:56]    事件偵測失敗: Expecting value: line 1 column 1 (char 0)
[11:49:56]    🪙 $TRUMP: $2.15 (+2.1%)
[11:49:57]    📊 Polymarket 快照: 434 個市場 (20 事件)
[11:49:57]    📊 Polymarket: 434 個市場已更新
[11:49:57] 驗證 3 個即時預測...
[11:55:00]    📡 三源抓取: CNN:50 → 合計 50 篇
[11:55:01]    沒有新推文
[事件偵測] 掃描最近 5 天的信號模式...
[事件偵測]    最近 5 天的信號:
[事件偵測]    2026-07-17: 0 篇 | T=0 D=0 R=0
[事件偵測]    2026-07-16: 0 篇 | T=0 D=0 R=0
[事件偵測]    2026-07-15: 0 篇 | T=0 D=0 R=0
[事件偵測]    2026-07-14: 0 篇 | T=0 D=0 R=0
[事件偵測]    2026-07-13: 0 篇 | T=0 D=0 R=0
[11:55:01]    事件偵測失敗: Expecting value: line 1 column 1 (char 0)
[11:55:01]    🪙 $TRUMP: $2.15 (+2.5%)
[11:55:01]    📊 Polymarket 快照: 434 個市場 (20 事件)
[11:55:01]    📊 Polymarket: 434 個市場已更新
[11:55:01] 驗證 3 個即時預測...
[12:00:05]    📡 三源抓取: CNN:50 → 合計 50 篇
[12:00:05]    沒有新推文
[事件偵測] 掃描最近 5 天的信號模式...
[事件偵測]    最近 5 天的信號:
[事件偵測]    2026-07-17: 0 篇 | T=0 D=0 R=0
[事件偵測]    2026-07-16: 0 篇 | T=0 D=0 R=0
[事件偵測]    2026-07-15: 0 篇 | T=0 D=0 R=0
[事件偵測]    2026-07-14: 0 篇 | T=0 D=0 R=0
[事件偵測]    2026-07-13: 0 篇 | T=0 D=0 R=0
[12:00:05]    事件偵測失敗: Expecting value: line 1 column 1 (char 0)
[12:00:06]    🪙 $TRUMP: $2.15 (+2.4%)
[12:00:06]    📊 Polymarket 快照: 434 個市場 (20 事件)
[12:00:06]    📊 Polymarket: 434 個市場已更新
[12:00:06] 驗證 3 個即時預測...
[12:05:11]    📡 三源抓取: CNN:50 → 合計 50 篇
[12:05:11]    沒有新推文
[事件偵測] 掃描最近 5 天的信號模式...
[事件偵測]    最近 5 天的信號:
[事件偵測]    2026-07-17: 0 篇 | T=0 D=0 R=0
[事件偵測]    2026-07-16: 0 篇 | T=0 D=0 R=0
[事件偵測]    2026-07-15: 0 篇 | T=0 D=0 R=0
[事件偵測]    2026-07-14: 0 篇 | T=0 D=0 R=0
[事件偵測]    2026-07-13: 0 篇 | T=0 D=0 R=0
[12:05:11]    事件偵測失敗: Expecting value: line 1 column 1 (char 0)
[12:05:11]    🪙 $TRUMP: $2.15 (+2.0%)
[12:05:11]    📊 Polymarket 快照: 434 個市場 (20 事件)
[12:05:11]    📊 Polymarket: 434 個市場已更新
[12:05:11] 驗證 3 個即時預測...
[12:10:15]    📡 三源抓取: CNN:50 → 合計 50 篇
[12:10:15]    沒有新推文
[事件偵測] 掃描最近 5 天的信號模式...
[事件偵測]    最近 5 天的信號:
[事件偵測]    2026-07-17: 0 篇 | T=0 D=0 R=0
[事件偵測]    2026-07-16: 0 篇 | T=0 D=0 R=0
[事件偵測]    2026-07-15: 0 篇 | T=0 D=0 R=0
[事件偵測]    2026-07-14: 0 篇 | T=0 D=0 R=0
[事件偵測]    2026-07-13: 0 篇 | T=0 D=0 R=0
[12:10:15]    事件偵測失敗: Expecting value: line 1 column 1 (char 0)
[12:10:16]    🪙 $TRUMP: $2.15 (+1.8%)
[12:10:16]    📊 Polymarket 快照: 434 個市場 (20 事件)
[12:10:16]    📊 Polymarket: 434 個市場已更新
[12:10:16] 驗證 3 個即時預測...
[12:15:20]    📡 三源抓取: CNN:50 → 合計 50 篇
[12:15:20]    沒有新推文
[事件偵測] 掃描最近 5 天的信號模式...
[事件偵測]    最近 5 天的信號:
[事件偵測]    2026-07-17: 0 篇 | T=0 D=0 R=0
[事件偵測]    2026-07-16: 0 篇 | T=0 D=0 R=0
[事件偵測]    2026-07-15: 0 篇 | T=0 D=0 R=0
[事件偵測]    2026-07-14: 0 篇 | T=0 D=0 R=0
[事件偵測]    2026-07-13: 0 篇 | T=0 D=0 R=0
[12:15:20]    事件偵測失敗: Expecting value: line 1 column 1 (char 0)
[12:15:20]    🪙 $TRUMP: $2.15 (+2.6%)
[12:15:20]    📊 Polymarket 快照: 434 個市場 (20 事件)
[12:15:20]    📊 Polymarket: 434 個市場已更新
[12:15:20] 驗證 3 個即時預測...
[12:20:24]    📡 三源抓取: CNN:50 → 合計 50 篇
[12:20:24]    沒有新推文
[事件偵測] 掃描最近 5 天的信號模式...
[事件偵測]    最近 5 天的信號:
[事件偵測]    2026-07-17: 0 篇 | T=0 D=0 R=0
[事件偵測]    2026-07-16: 0 篇 | T=0 D=0 R=0
[事件偵測]    2026-07-15: 0 篇 | T=0 D=0 R=0
[事件偵測]    2026-07-14: 0 篇 | T=0 D=0 R=0
[事件偵測]    2026-07-13: 0 篇 | T=0 D=0 R=0
[12:20:24]    事件偵測失敗: Expecting value: line 1 column 1 (char 0)
[12:20:24]    🪙 $TRUMP: $2.16 (+4.6%)
[12:20:25]    📊 Polymarket 快照: 434 個市場 (20 事件)
[12:20:25]    📊 Polymarket: 434 個市場已更新
[12:20:25] 驗證 3 個即時預測...
[12:25:29]    📡 三源抓取: CNN:50 → 合計 50 篇
[12:25:29]    沒有新推文
[事件偵測] 掃描最近 5 天的信號模式...
[事件偵測]    最近 5 天的信號:
[事件偵測]    2026-07-17: 0 篇 | T=0 D=0 R=0
[事件偵測]    2026-07-16: 0 篇 | T=0 D=0 R=0
[事件偵測]    2026-07-15: 0 篇 | T=0 D=0 R=0
[事件偵測]    2026-07-14: 0 篇 | T=0 D=0 R=0
[事件偵測]    2026-07-13: 0 篇 | T=0 D=0 R=0
[12:25:29]    事件偵測失敗: Expecting value: line 1 column 1 (char 0)
[12:25:30]    🪙 $TRUMP: $2.15 (+3.0%)
[12:25:30]    📊 Polymarket 快照: 434 個市場 (20 事件)
[12:25:30]    📊 Polymarket: 434 個市場已更新
[12:25:30] 驗證 3 個即時預測...
[12:30:34]    📡 三源抓取: CNN:50 → 合計 50 篇
[12:30:34] 🆕 偵測到 3 篇新推文！
[12:30:35]    📥 寫入 3 篇新推文到 trump_posts_all.json（總計 46171 篇）
[12:30:35]    📊 Polymarket 快照: 434 個市場 (20 事件)
[12:30:36]    🪙 $TRUMP: $2.15 (+2.3%)
[12:30:36]    📝 [12:22] FAKE NEWS SHOULD NOT BE ALLOWED IN THE WHITE HOUSE!!! IT HAS GONE ON FAR TOO LON...
[12:30:36]    📝 [12:18] IRAN CAN NOT HAVE A NUCLEAR WEAPON!!! President DJT...
[12:30:36]    📝 [12:15] A MUST SEE ON THE CLIMATE HOAX. President DJT...
[12:30:36]    🚀拉盤 劇本觸發: 他閉嘴（什麼都沒講）
[12:30:36]       歷史: +0.409% | 建議: LONG — 沉默是金
[事件偵測] 掃描最近 5 天的信號模式...
[事件偵測]    最近 5 天的信號:
[事件偵測]    2026-07-17: 0 篇 | T=0 D=0 R=0
[事件偵測]    2026-07-16: 0 篇 | T=0 D=0 R=0
[事件偵測]    2026-07-15: 0 篇 | T=0 D=0 R=0
[事件偵測]    2026-07-14: 0 篇 | T=0 D=0 R=0
[事件偵測]    2026-07-13: 0 篇 | T=0 D=0 R=0
[12:30:36]    事件偵測失敗: Expecting value: line 1 column 1 (char 0)
[12:30:36]    🪙 $TRUMP: $2.15 (+2.3%)
[12:30:36]    📊 Polymarket 快照: 434 個市場 (20 事件)
[12:30:36]    📊 Polymarket: 434 個市場已更新
[12:30:36] 驗證 3 個即時預測...
[12:30:38] 📊 本輪: 3 新推文 | 0 預測 | 0 驗證
[12:35:41]    📡 三源抓取: CNN:50 → 合計 50 篇
[12:35:41]    沒有新推文
[事件偵測] 掃描最近 5 天的信號模式...
[事件偵測]    最近 5 天的信號:
[事件偵測]    2026-07-17: 0 篇 | T=0 D=0 R=0
[事件偵測]    2026-07-16: 0 篇 | T=0 D=0 R=0
[事件偵測]    2026-07-15: 0 篇 | T=0 D=0 R=0
[事件偵測]    2026-07-14: 0 篇 | T=0 D=0 R=0
[事件偵測]    2026-07-13: 0 篇 | T=0 D=0 R=0
[12:35:41]    事件偵測失敗: Expecting value: line 1 column 1 (char 0)
[12:35:41]    🪙 $TRUMP: $2.14 (+1.8%)
[12:35:41]    📊 Polymarket 快照: 434 個市場 (20 事件)
[12:35:41]    📊 Polymarket: 434 個市場已更新
[12:35:41] 驗證 3 個即時預測...
[12:40:45]    📡 三源抓取: CNN:50 → 合計 50 篇
[12:40:45]    沒有新推文
[事件偵測] 掃描最近 5 天的信號模式...
[事件偵測]    最近 5 天的信號:
[事件偵測]    2026-07-17: 0 篇 | T=0 D=0 R=0
[事件偵測]    2026-07-16: 0 篇 | T=0 D=0 R=0
[事件偵測]    2026-07-15: 0 篇 | T=0 D=0 R=0
[事件偵測]    2026-07-14: 0 篇 | T=0 D=0 R=0
[事件偵測]    2026-07-13: 0 篇 | T=0 D=0 R=0
[12:40:45]    事件偵測失敗: Expecting value: line 1 column 1 (char 0)
[12:40:46]    🪙 $TRUMP: $2.14 (+1.5%)
[12:40:46]    📊 Polymarket 快照: 434 個市場 (20 事件)
[12:40:46]    📊 Polymarket: 434 個市場已更新
[12:40:46] 驗證 3 個即時預測...
[12:45:50]    📡 三源抓取: CNN:50 → 合計 50 篇
[12:45:50]    沒有新推文
[事件偵測] 掃描最近 5 天的信號模式...
[事件偵測]    最近 5 天的信號:
[事件偵測]    2026-07-17: 0 篇 | T=0 D=0 R=0
[事件偵測]    2026-07-16: 0 篇 | T=0 D=0 R=0
[事件偵測]    2026-07-15: 0 篇 | T=0 D=0 R=0
[事件偵測]    2026-07-14: 0 篇 | T=0 D=0 R=0
[事件偵測]    2026-07-13: 0 篇 | T=0 D=0 R=0
[12:45:50]    事件偵測失敗: Expecting value: line 1 column 1 (char 0)
[12:45:50]    🪙 $TRUMP: $2.14 (+1.5%)
[12:45:50]    📊 Polymarket 快照: 434 個市場 (20 事件)
[12:45:50]    📊 Polymarket: 434 個市場已更新
[12:45:50] 驗證 3 個即時預測...
[12:50:54]    📡 三源抓取: CNN:50 → 合計 50 篇
[12:50:54]    沒有新推文
[事件偵測] 掃描最近 5 天的信號模式...
[事件偵測]    最近 5 天的信號:
[事件偵測]    2026-07-17: 0 篇 | T=0 D=0 R=0
[事件偵測]    2026-07-16: 0 篇 | T=0 D=0 R=0
[事件偵測]    2026-07-15: 0 篇 | T=0 D=0 R=0
[事件偵測]    2026-07-14: 0 篇 | T=0 D=0 R=0
[事件偵測]    2026-07-13: 0 篇 | T=0 D=0 R=0
[12:50:54]    事件偵測失敗: Expecting value: line 1 column 1 (char 0)
[12:50:55]    🪙 $TRUMP: $2.14 (+1.4%)
[12:50:55]    📊 Polymarket 快照: 434 個市場 (20 事件)
[12:50:55]    📊 Polymarket: 434 個市場已更新
[12:50:55] 驗證 3 個即時預測...
[12:55:59]    📡 三源抓取: CNN:50 → 合計 50 篇
[12:55:59]    沒有新推文
[事件偵測] 掃描最近 5 天的信號模式...
[事件偵測]    最近 5 天的信號:
[事件偵測]    2026-07-17: 0 篇 | T=0 D=0 R=0
[事件偵測]    2026-07-16: 0 篇 | T=0 D=0 R=0
[事件偵測]    2026-07-15: 0 篇 | T=0 D=0 R=0
[事件偵測]    2026-07-14: 0 篇 | T=0 D=0 R=0
[事件偵測]    2026-07-13: 0 篇 | T=0 D=0 R=0
[12:55:59]    事件偵測失敗: Expecting value: line 1 column 1 (char 0)
[12:55:59]    🪙 $TRUMP: $2.14 (+1.4%)
[12:55:59]    📊 Polymarket 快照: 434 個市場 (20 事件)
[12:55:59]    📊 Polymarket: 434 個市場已更新
[12:55:59] 驗證 3 個即時預測...
[13:01:04]    📡 三源抓取: CNN:50 → 合計 50 篇
[13:01:04]    沒有新推文
[事件偵測] 掃描最近 5 天的信號模式...
[事件偵測]    最近 5 天的信號:
[事件偵測]    2026-07-17: 0 篇 | T=0 D=0 R=0
[事件偵測]    2026-07-16: 0 篇 | T=0 D=0 R=0
[事件偵測]    2026-07-15: 0 篇 | T=0 D=0 R=0
[事件偵測]    2026-07-14: 0 篇 | T=0 D=0 R=0
[事件偵測]    2026-07-13: 0 篇 | T=0 D=0 R=0
[13:01:04]    事件偵測失敗: Expecting value: line 1 column 1 (char 0)
[13:01:04]    🪙 $TRUMP: $2.14 (+1.3%)
[13:01:04]    📊 Polymarket 快照: 434 個市場 (20 事件)
[13:01:04]    📊 Polymarket: 434 個市場已更新
[13:01:04] 驗證 3 個即時預測...
[13:06:09]    📡 三源抓取: CNN:50 → 合計 50 篇
[13:06:09]    沒有新推文
[事件偵測] 掃描最近 5 天的信號模式...
[事件偵測]    最近 5 天的信號:
[事件偵測]    2026-07-17: 0 篇 | T=0 D=0 R=0
[事件偵測]    2026-07-16: 0 篇 | T=0 D=0 R=0
[事件偵測]    2026-07-15: 0 篇 | T=0 D=0 R=0
[事件偵測]    2026-07-14: 0 篇 | T=0 D=0 R=0
[事件偵測]    2026-07-13: 0 篇 | T=0 D=0 R=0
[13:06:09]    事件偵測失敗: Expecting value: line 1 column 1 (char 0)
[13:06:09]    🪙 $TRUMP: $2.14 (+1.2%)
[13:06:09]    📊 Polymarket 快照: 434 個市場 (20 事件)
[13:06:09]    📊 Polymarket: 434 個市場已更新
[13:06:09] 驗證 3 個即時預測...
[13:11:13]    📡 三源抓取: CNN:50 → 合計 50 篇
[13:11:13]    沒有新推文
[事件偵測] 掃描最近 5 天的信號模式...
[事件偵測]    最近 5 天的信號:
[事件偵測]    2026-07-17: 0 篇 | T=0 D=0 R=0
[事件偵測]    2026-07-16: 0 篇 | T=0 D=0 R=0
[事件偵測]    2026-07-15: 0 篇 | T=0 D=0 R=0
[事件偵測]    2026-07-14: 0 篇 | T=0 D=0 R=0
[事件偵測]    2026-07-13: 0 篇 | T=0 D=0 R=0
[13:11:13]    事件偵測失敗: Expecting value: line 1 column 1 (char 0)
[13:11:13]    🪙 $TRUMP: $2.14 (+1.4%)
[13:11:13]    📊 Polymarket 快照: 434 個市場 (20 事件)
[13:11:13]    📊 Polymarket: 434 個市場已更新
[13:11:13] 驗證 3 個即時預測...
[13:16:18]    📡 三源抓取: CNN:50 → 合計 50 篇
[13:16:18]    沒有新推文
[事件偵測] 掃描最近 5 天的信號模式...
[事件偵測]    最近 5 天的信號:
[事件偵測]    2026-07-17: 0 篇 | T=0 D=0 R=0
[事件偵測]    2026-07-16: 0 篇 | T=0 D=0 R=0
[事件偵測]    2026-07-15: 0 篇 | T=0 D=0 R=0
[事件偵測]    2026-07-14: 0 篇 | T=0 D=0 R=0
[事件偵測]    2026-07-13: 0 篇 | T=0 D=0 R=0
[13:16:18]    事件偵測失敗: Expecting value: line 1 column 1 (char 0)
[13:16:18]    🪙 $TRUMP: $2.14 (+1.3%)
[13:16:19]    📊 Polymarket 快照: 434 個市場 (20 事件)
[13:16:19]    📊 Polymarket: 434 個市場已更新
[13:16:19] 驗證 3 個即時預測...
[13:21:25]    📡 三源抓取: CNN:50 → 合計 50 篇
[13:21:25]    沒有新推文
[事件偵測] 掃描最近 5 天的信號模式...
[事件偵測]    最近 5 天的信號:
[事件偵測]    2026-07-17: 0 篇 | T=0 D=0 R=0
[事件偵測]    2026-07-16: 0 篇 | T=0 D=0 R=0
[事件偵測]    2026-07-15: 0 篇 | T=0 D=0 R=0
[事件偵測]    2026-07-14: 0 篇 | T=0 D=0 R=0
[事件偵測]    2026-07-13: 0 篇 | T=0 D=0 R=0
[13:21:25]    事件偵測失敗: Expecting value: line 1 column 1 (char 0)
[13:21:25]    🪙 $TRUMP: $2.14 (+1.7%)
[13:21:25]    📊 Polymarket 快照: 434 個市場 (20 事件)
[13:21:25]    📊 Polymarket: 434 個市場已更新
[13:21:25] 驗證 3 個即時預測...
[13:26:30]    📡 三源抓取: CNN:50 → 合計 50 篇
[13:26:30]    沒有新推文
[事件偵測] 掃描最近 5 天的信號模式...
[事件偵測]    最近 5 天的信號:
[事件偵測]    2026-07-17: 0 篇 | T=0 D=0 R=0
[事件偵測]    2026-07-16: 0 篇 | T=0 D=0 R=0
[事件偵測]    2026-07-15: 0 篇 | T=0 D=0 R=0
[事件偵測]    2026-07-14: 0 篇 | T=0 D=0 R=0
[事件偵測]    2026-07-13: 0 篇 | T=0 D=0 R=0
[13:26:30]    事件偵測失敗: Expecting value: line 1 column 1 (char 0)
[13:26:30]    🪙 $TRUMP: $2.13 (+1.5%)
[13:26:30]    📊 Polymarket 快照: 434 個市場 (20 事件)
[13:26:30]    📊 Polymarket: 434 個市場已更新
[13:26:30] 驗證 3 個即時預測...
[13:31:34]    📡 三源抓取: CNN:50 → 合計 50 篇
[13:31:34]    沒有新推文
[事件偵測] 掃描最近 5 天的信號模式...
[事件偵測]    最近 5 天的信號:
[事件偵測]    2026-07-17: 0 篇 | T=0 D=0 R=0
[事件偵測]    2026-07-16: 0 篇 | T=0 D=0 R=0
[事件偵測]    2026-07-15: 0 篇 | T=0 D=0 R=0
[事件偵測]    2026-07-14: 0 篇 | T=0 D=0 R=0
[事件偵測]    2026-07-13: 0 篇 | T=0 D=0 R=0
[13:31:34]    事件偵測失敗: Expecting value: line 1 column 1 (char 0)
[13:31:34]    🪙 $TRUMP: $2.13 (+1.8%)
[13:31:35]    📊 Polymarket 快照: 434 個市場 (20 事件)
[13:31:35]    📊 Polymarket: 434 個市場已更新
[13:31:35] 驗證 3 個即時預測...
[13:36:39]    📡 三源抓取: CNN:50 → 合計 50 篇
[13:36:39]    沒有新推文
[事件偵測] 掃描最近 5 天的信號模式...
[事件偵測]    最近 5 天的信號:
[事件偵測]    2026-07-17: 0 篇 | T=0 D=0 R=0
[事件偵測]    2026-07-16: 0 篇 | T=0 D=0 R=0
[事件偵測]    2026-07-15: 0 篇 | T=0 D=0 R=0
[事件偵測]    2026-07-14: 0 篇 | T=0 D=0 R=0
[事件偵測]    2026-07-13: 0 篇 | T=0 D=0 R=0
[13:36:39]    事件偵測失敗: Expecting value: line 1 column 1 (char 0)
[13:36:39]    🪙 $TRUMP: $2.13 (+1.3%)
[13:36:39]    📊 Polymarket 快照: 434 個市場 (20 事件)
[13:36:39]    📊 Polymarket: 434 個市場已更新
[13:36:39] 驗證 3 個即時預測...
[13:41:44]    📡 三源抓取: CNN:50 → 合計 50 篇
[13:41:44]    沒有新推文
[事件偵測] 掃描最近 5 天的信號模式...
[事件偵測]    最近 5 天的信號:
[事件偵測]    2026-07-17: 0 篇 | T=0 D=0 R=0
[事件偵測]    2026-07-16: 0 篇 | T=0 D=0 R=0
[事件偵測]    2026-07-15: 0 篇 | T=0 D=0 R=0
[事件偵測]    2026-07-14: 0 篇 | T=0 D=0 R=0
[事件偵測]    2026-07-13: 0 篇 | T=0 D=0 R=0
[13:41:44]    事件偵測失敗: Expecting value: line 1 column 1 (char 0)
[13:41:45]    🪙 $TRUMP: $2.14 (+1.9%)
[13:41:45]    📊 Polymarket 快照: 434 個市場 (20 事件)
[13:41:45]    📊 Polymarket: 434 個市場已更新
[13:41:45] 驗證 3 個即時預測...
[13:46:50]    📡 三源抓取: CNN:50 → 合計 50 篇
[13:46:50]    沒有新推文
[事件偵測] 掃描最近 5 天的信號模式...
[事件偵測]    最近 5 天的信號:
[事件偵測]    2026-07-17: 0 篇 | T=0 D=0 R=0
[事件偵測]    2026-07-16: 0 篇 | T=0 D=0 R=0
[事件偵測]    2026-07-15: 0 篇 | T=0 D=0 R=0
[事件偵測]    2026-07-14: 0 篇 | T=0 D=0 R=0
[事件偵測]    2026-07-13: 0 篇 | T=0 D=0 R=0
[13:46:50]    事件偵測失敗: Expecting value: line 1 column 1 (char 0)
[13:46:50]    🪙 $TRUMP: $2.14 (+2.2%)
[13:46:51]    📊 Polymarket 快照: 434 個市場 (20 事件)
[13:46:51]    📊 Polymarket: 434 個市場已更新
[13:46:51] 驗證 3 個即時預測...
[13:51:54]    📡 三源抓取: CNN:50 → 合計 50 篇
[13:51:54]    沒有新推文
[事件偵測] 掃描最近 5 天的信號模式...
[事件偵測]    最近 5 天的信號:
[事件偵測]    2026-07-17: 0 篇 | T=0 D=0 R=0
[事件偵測]    2026-07-16: 0 篇 | T=0 D=0 R=0
[事件偵測]    2026-07-15: 0 篇 | T=0 D=0 R=0
[事件偵測]    2026-07-14: 0 篇 | T=0 D=0 R=0
[事件偵測]    2026-07-13: 0 篇 | T=0 D=0 R=0
[13:51:54]    事件偵測失敗: Expecting value: line 1 column 1 (char 0)
[13:51:54]    🪙 $TRUMP: $2.14 (+2.0%)
[13:51:55]    📊 Polymarket 快照: 434 個市場 (20 事件)
[13:51:55]    📊 Polymarket: 434 個市場已更新
[13:51:55] 驗證 3 個即時預測...
[13:56:58]    📡 三源抓取: CNN:50 → 合計 50 篇
[13:56:58]    沒有新推文
[事件偵測] 掃描最近 5 天的信號模式...
[事件偵測]    最近 5 天的信號:
[事件偵測]    2026-07-17: 0 篇 | T=0 D=0 R=0
[事件偵測]    2026-07-16: 0 篇 | T=0 D=0 R=0
[事件偵測]    2026-07-15: 0 篇 | T=0 D=0 R=0
[事件偵測]    2026-07-14: 0 篇 | T=0 D=0 R=0
[事件偵測]    2026-07-13: 0 篇 | T=0 D=0 R=0
[13:56:58]    事件偵測失敗: Expecting value: line 1 column 1 (char 0)
[13:56:59]    🪙 $TRUMP: $2.14 (+1.4%)
[13:56:59]    📊 Polymarket 快照: 434 個市場 (20 事件)
[13:56:59]    📊 Polymarket: 434 個市場已更新
[13:56:59] 驗證 3 個即時預測...
[14:02:03]    📡 三源抓取: CNN:50 → 合計 50 篇
[14:02:03]    沒有新推文
[事件偵測] 掃描最近 5 天的信號模式...
[事件偵測]    最近 5 天的信號:
[事件偵測]    2026-07-17: 0 篇 | T=0 D=0 R=0
[事件偵測]    2026-07-16: 0 篇 | T=0 D=0 R=0
[事件偵測]    2026-07-15: 0 篇 | T=0 D=0 R=0
[事件偵測]    2026-07-14: 0 篇 | T=0 D=0 R=0
[事件偵測]    2026-07-13: 0 篇 | T=0 D=0 R=0
[14:02:03]    事件偵測失敗: Expecting value: line 1 column 1 (char 0)
[14:02:03]    🪙 $TRUMP: $2.13 (+1.5%)
[14:02:03]    📊 Polymarket 快照: 424 個市場 (20 事件)
[14:02:03]    📊 Polymarket: 424 個市場已更新
[14:02:03] 驗證 3 個即時預測...
[14:07:07]    📡 三源抓取: CNN:50 → 合計 50 篇
[14:07:07]    沒有新推文
[事件偵測] 掃描最近 5 天的信號模式...
[事件偵測]    最近 5 天的信號:
[事件偵測]    2026-07-17: 0 篇 | T=0 D=0 R=0
[事件偵測]    2026-07-16: 0 篇 | T=0 D=0 R=0
[事件偵測]    2026-07-15: 0 篇 | T=0 D=0 R=0
[事件偵測]    2026-07-14: 0 篇 | T=0 D=0 R=0
[事件偵測]    2026-07-13: 0 篇 | T=0 D=0 R=0
[14:07:07]    事件偵測失敗: Expecting value: line 1 column 1 (char 0)
[14:07:07]    🪙 $TRUMP: $2.13 (+3.1%)
[14:07:08]    📊 Polymarket 快照: 424 個市場 (20 事件)
[14:07:08]    📊 Polymarket: 424 個市場已更新
[14:07:08] 驗證 3 個即時預測...
[14:12:12]    📡 三源抓取: CNN:50 → 合計 50 篇
[14:12:12]    沒有新推文
[事件偵測] 掃描最近 5 天的信號模式...
[事件偵測]    最近 5 天的信號:
[事件偵測]    2026-07-17: 0 篇 | T=0 D=0 R=0
[事件偵測]    2026-07-16: 0 篇 | T=0 D=0 R=0
[事件偵測]    2026-07-15: 0 篇 | T=0 D=0 R=0
[事件偵測]    2026-07-14: 0 篇 | T=0 D=0 R=0
[事件偵測]    2026-07-13: 0 篇 | T=0 D=0 R=0
[14:12:12]    事件偵測失敗: Expecting value: line 1 column 1 (char 0)
[14:12:12]    🪙 $TRUMP: $2.13 (+2.1%)
[14:12:12]    📊 Polymarket 快照: 424 個市場 (20 事件)
[14:12:12]    📊 Polymarket: 424 個市場已更新
[14:12:12] 驗證 3 個即時預測...
[14:17:17]    📡 三源抓取: CNN:50 → 合計 50 篇
[14:17:17]    沒有新推文
[事件偵測] 掃描最近 5 天的信號模式...
[事件偵測]    最近 5 天的信號:
[事件偵測]    2026-07-17: 0 篇 | T=0 D=0 R=0
[事件偵測]    2026-07-16: 0 篇 | T=0 D=0 R=0
[事件偵測]    2026-07-15: 0 篇 | T=0 D=0 R=0
[事件偵測]    2026-07-14: 0 篇 | T=0 D=0 R=0
[事件偵測]    2026-07-13: 0 篇 | T=0 D=0 R=0
[14:17:17]    事件偵測失敗: Expecting value: line 1 column 1 (char 0)
[14:17:18]    🪙 $TRUMP: $2.14 (+2.2%)
[14:17:18]    📊 Polymarket 快照: 424 個市場 (20 事件)
[14:17:18]    📊 Polymarket: 424 個市場已更新
[14:17:18] 驗證 3 個即時預測...
[14:22:22]    📡 三源抓取: CNN:50 → 合計 50 篇
[14:22:22]    沒有新推文
[事件偵測] 掃描最近 5 天的信號模式...
[事件偵測]    最近 5 天的信號:
[事件偵測]    2026-07-17: 0 篇 | T=0 D=0 R=0
[事件偵測]    2026-07-16: 0 篇 | T=0 D=0 R=0
[事件偵測]    2026-07-15: 0 篇 | T=0 D=0 R=0
[事件偵測]    2026-07-14: 0 篇 | T=0 D=0 R=0
[事件偵測]    2026-07-13: 0 篇 | T=0 D=0 R=0
[14:22:22]    事件偵測失敗: Expecting value: line 1 column 1 (char 0)
[14:22:23]    🪙 $TRUMP: $2.13 (+1.9%)
[14:22:23]    📊 Polymarket 快照: 424 個市場 (20 事件)
[14:22:23]    📊 Polymarket: 424 個市場已更新
[14:22:23] 驗證 3 個即時預測...
[14:27:27]    📡 三源抓取: CNN:50 → 合計 50 篇
[14:27:27]    沒有新推文
[事件偵測] 掃描最近 5 天的信號模式...
[事件偵測]    最近 5 天的信號:
[事件偵測]    2026-07-17: 0 篇 | T=0 D=0 R=0
[事件偵測]    2026-07-16: 0 篇 | T=0 D=0 R=0
[事件偵測]    2026-07-15: 0 篇 | T=0 D=0 R=0
[事件偵測]    2026-07-14: 0 篇 | T=0 D=0 R=0
[事件偵測]    2026-07-13: 0 篇 | T=0 D=0 R=0
[14:27:27]    事件偵測失敗: Expecting value: line 1 column 1 (char 0)
[14:27:28]    🪙 $TRUMP: $2.13 (+2.0%)
[14:27:28]    📊 Polymarket 快照: 424 個市場 (20 事件)
[14:27:28]    📊 Polymarket: 424 個市場已更新
[14:27:28] 驗證 3 個即時預測...
[14:32:33]    📡 三源抓取: CNN:50 → 合計 50 篇
[14:32:33]    沒有新推文
[事件偵測] 掃描最近 5 天的信號模式...
[事件偵測]    最近 5 天的信號:
[事件偵測]    2026-07-17: 0 篇 | T=0 D=0 R=0
[事件偵測]    2026-07-16: 0 篇 | T=0 D=0 R=0
[事件偵測]    2026-07-15: 0 篇 | T=0 D=0 R=0
[事件偵測]    2026-07-14: 0 篇 | T=0 D=0 R=0
[事件偵測]    2026-07-13: 0 篇 | T=0 D=0 R=0
[14:32:33]    事件偵測失敗: Expecting value: line 1 column 1 (char 0)
[14:32:33]    🪙 $TRUMP: $2.14 (+2.0%)
[14:32:33]    📊 Polymarket 快照: 424 個市場 (20 事件)
[14:32:33]    📊 Polymarket: 424 個市場已更新
[14:32:33] 驗證 3 個即時預測...
[14:37:37]    📡 三源抓取: CNN:50 → 合計 50 篇
[14:37:37]    沒有新推文
[事件偵測] 掃描最近 5 天的信號模式...
[事件偵測]    最近 5 天的信號:
[事件偵測]    2026-07-17: 0 篇 | T=0 D=0 R=0
[事件偵測]    2026-07-16: 0 篇 | T=0 D=0 R=0
[事件偵測]    2026-07-15: 0 篇 | T=0 D=0 R=0
[事件偵測]    2026-07-14: 0 篇 | T=0 D=0 R=0
[事件偵測]    2026-07-13: 0 篇 | T=0 D=0 R=0
[14:37:37]    事件偵測失敗: Expecting value: line 1 column 1 (char 0)
[14:37:37]    🪙 $TRUMP: $2.14 (+1.8%)
[14:37:37]    📊 Polymarket 快照: 424 個市場 (20 事件)
[14:37:37]    📊 Polymarket: 424 個市場已更新
[14:37:37] 驗證 3 個即時預測...
[14:42:41]    📡 三源抓取: CNN:50 → 合計 50 篇
[14:42:41]    沒有新推文
[事件偵測] 掃描最近 5 天的信號模式...
[事件偵測]    最近 5 天的信號:
[事件偵測]    2026-07-17: 0 篇 | T=0 D=0 R=0
[事件偵測]    2026-07-16: 0 篇 | T=0 D=0 R=0
[事件偵測]    2026-07-15: 0 篇 | T=0 D=0 R=0
[事件偵測]    2026-07-14: 0 篇 | T=0 D=0 R=0
[事件偵測]    2026-07-13: 0 篇 | T=0 D=0 R=0
[14:42:41]    事件偵測失敗: Expecting value: line 1 column 1 (char 0)
[14:42:41]    🪙 $TRUMP: $2.14 (+2.4%)
[14:42:41]    📊 Polymarket 快照: 424 個市場 (20 事件)
[14:42:41]    📊 Polymarket: 424 個市場已更新
[14:42:41] 驗證 3 個即時預測...
[14:47:45]    📡 三源抓取: CNN:50 → 合計 50 篇
[14:47:45]    沒有新推文
[事件偵測] 掃描最近 5 天的信號模式...
[事件偵測]    最近 5 天的信號:
[事件偵測]    2026-07-17: 0 篇 | T=0 D=0 R=0
[事件偵測]    2026-07-16: 0 篇 | T=0 D=0 R=0
[事件偵測]    2026-07-15: 0 篇 | T=0 D=0 R=0
[事件偵測]    2026-07-14: 0 篇 | T=0 D=0 R=0
[事件偵測]    2026-07-13: 0 篇 | T=0 D=0 R=0
[14:47:45]    事件偵測失敗: Expecting value: line 1 column 1 (char 0)
[14:47:46]    🪙 $TRUMP: $2.15 (+2.9%)
[14:47:46]    📊 Polymarket 快照: 424 個市場 (20 事件)
[14:47:46]    📊 Polymarket: 424 個市場已更新
[14:47:46] 驗證 3 個即時預測...
[14:52:50]    📡 三源抓取: CNN:50 → 合計 50 篇
[14:52:50]    沒有新推文
[事件偵測] 掃描最近 5 天的信號模式...
[事件偵測]    最近 5 天的信號:
[事件偵測]    2026-07-17: 0 篇 | T=0 D=0 R=0
[事件偵測]    2026-07-16: 0 篇 | T=0 D=0 R=0
[事件偵測]    2026-07-15: 0 篇 | T=0 D=0 R=0
[事件偵測]    2026-07-14: 0 篇 | T=0 D=0 R=0
[事件偵測]    2026-07-13: 0 篇 | T=0 D=0 R=0
[14:52:50]    事件偵測失敗: Expecting value: line 1 column 1 (char 0)
[14:52:50]    🪙 $TRUMP: $2.15 (+3.3%)
[14:52:50]    📊 Polymarket 快照: 424 個市場 (20 事件)
[14:52:50]    📊 Polymarket: 424 個市場已更新
[14:52:50] 驗證 3 個即時預測...
[14:57:55]    📡 三源抓取: CNN:50 → 合計 50 篇
[14:57:55]    沒有新推文
[事件偵測] 掃描最近 5 天的信號模式...
[事件偵測]    最近 5 天的信號:
[事件偵測]    2026-07-17: 0 篇 | T=0 D=0 R=0
[事件偵測]    2026-07-16: 0 篇 | T=0 D=0 R=0
[事件偵測]    2026-07-15: 0 篇 | T=0 D=0 R=0
[事件偵測]    2026-07-14: 0 篇 | T=0 D=0 R=0
[事件偵測]    2026-07-13: 0 篇 | T=0 D=0 R=0
[14:57:55]    事件偵測失敗: Expecting value: line 1 column 1 (char 0)
[14:57:55]    🪙 $TRUMP: $2.15 (+2.5%)
[14:57:55]    📊 Polymarket 快照: 424 個市場 (20 事件)
[14:57:55]    📊 Polymarket: 424 個市場已更新
[14:57:55] 驗證 3 個即時預測...
[15:02:59]    📡 三源抓取: CNN:50 → 合計 50 篇
[15:02:59]    沒有新推文
[事件偵測] 掃描最近 5 天的信號模式...
[事件偵測]    最近 5 天的信號:
[事件偵測]    2026-07-17: 0 篇 | T=0 D=0 R=0
[事件偵測]    2026-07-16: 0 篇 | T=0 D=0 R=0
[事件偵測]    2026-07-15: 0 篇 | T=0 D=0 R=0
[事件偵測]    2026-07-14: 0 篇 | T=0 D=0 R=0
[事件偵測]    2026-07-13: 0 篇 | T=0 D=0 R=0
[15:02:59]    事件偵測失敗: Expecting value: line 1 column 1 (char 0)
[15:03:00]    🪙 $TRUMP: $2.16 (+2.4%)
[15:03:00]    📊 Polymarket 快照: 424 個市場 (20 事件)
[15:03:00]    📊 Polymarket: 424 個市場已更新
[15:03:00] 驗證 3 個即時預測...
[15:08:05]    📡 三源抓取: CNN:50 → 合計 50 篇
[15:08:05]    沒有新推文
[事件偵測] 掃描最近 5 天的信號模式...
[事件偵測]    最近 5 天的信號:
[事件偵測]    2026-07-17: 0 篇 | T=0 D=0 R=0
[事件偵測]    2026-07-16: 0 篇 | T=0 D=0 R=0
[事件偵測]    2026-07-15: 0 篇 | T=0 D=0 R=0
[事件偵測]    2026-07-14: 0 篇 | T=0 D=0 R=0
[事件偵測]    2026-07-13: 0 篇 | T=0 D=0 R=0
[15:08:05]    事件偵測失敗: Expecting value: line 1 column 1 (char 0)
[15:08:05]    🪙 $TRUMP: $2.16 (+2.7%)
[15:08:05]    📊 Polymarket 快照: 424 個市場 (20 事件)
[15:08:05]    📊 Polymarket: 424 個市場已更新
[15:08:05] 驗證 3 個即時預測...
[15:13:10]    📡 三源抓取: CNN:50 → 合計 50 篇
[15:13:10]    沒有新推文
[事件偵測] 掃描最近 5 天的信號模式...
[事件偵測]    最近 5 天的信號:
[事件偵測]    2026-07-17: 0 篇 | T=0 D=0 R=0
[事件偵測]    2026-07-16: 0 篇 | T=0 D=0 R=0
[事件偵測]    2026-07-15: 0 篇 | T=0 D=0 R=0
[事件偵測]    2026-07-14: 0 篇 | T=0 D=0 R=0
[事件偵測]    2026-07-13: 0 篇 | T=0 D=0 R=0
[15:13:10]    事件偵測失敗: Expecting value: line 1 column 1 (char 0)
[15:13:10]    🪙 $TRUMP: $2.16 (+2.8%)
[15:13:10]    📊 Polymarket 快照: 404 個市場 (20 事件)
[15:13:10]    📊 Polymarket: 404 個市場已更新
[15:13:10] 驗證 3 個即時預測...
[15:18:15]    📡 三源抓取: CNN:50 → 合計 50 篇
[15:18:15]    沒有新推文
[事件偵測] 掃描最近 5 天的信號模式...
[事件偵測]    最近 5 天的信號:
[事件偵測]    2026-07-17: 0 篇 | T=0 D=0 R=0
[事件偵測]    2026-07-16: 0 篇 | T=0 D=0 R=0
[事件偵測]    2026-07-15: 0 篇 | T=0 D=0 R=0
[事件偵測]    2026-07-14: 0 篇 | T=0 D=0 R=0
[事件偵測]    2026-07-13: 0 篇 | T=0 D=0 R=0
[15:18:15]    事件偵測失敗: Expecting value: line 1 column 1 (char 0)
[15:18:15]    🪙 $TRUMP: $2.16 (+3.2%)
[15:18:15]    📊 Polymarket 快照: 404 個市場 (20 事件)
[15:18:15]    📊 Polymarket: 404 個市場已更新
[15:18:15] 驗證 3 個即時預測...
[15:23:19]    📡 三源抓取: CNN:50 → 合計 50 篇
[15:23:19]    沒有新推文
[事件偵測] 掃描最近 5 天的信號模式...
[事件偵測]    最近 5 天的信號:
[事件偵測]    2026-07-17: 0 篇 | T=0 D=0 R=0
[事件偵測]    2026-07-16: 0 篇 | T=0 D=0 R=0
[事件偵測]    2026-07-15: 0 篇 | T=0 D=0 R=0
[事件偵測]    2026-07-14: 0 篇 | T=0 D=0 R=0
[事件偵測]    2026-07-13: 0 篇 | T=0 D=0 R=0
[15:23:19]    事件偵測失敗: Expecting value: line 1 column 1 (char 0)
[15:23:20]    🪙 $TRUMP: $2.16 (+3.4%)
[15:23:20]    📊 Polymarket 快照: 424 個市場 (20 事件)
[15:23:20]    📊 Polymarket: 424 個市場已更新
[15:23:20] 驗證 3 個即時預測...
[15:28:25]    📡 三源抓取: CNN:50 → 合計 50 篇
[15:28:25]    沒有新推文
[事件偵測] 掃描最近 5 天的信號模式...
[事件偵測]    最近 5 天的信號:
[事件偵測]    2026-07-17: 0 篇 | T=0 D=0 R=0
[事件偵測]    2026-07-16: 0 篇 | T=0 D=0 R=0
[事件偵測]    2026-07-15: 0 篇 | T=0 D=0 R=0
[事件偵測]    2026-07-14: 0 篇 | T=0 D=0 R=0
[事件偵測]    2026-07-13: 0 篇 | T=0 D=0 R=0
[15:28:25]    事件偵測失敗: Expecting value: line 1 column 1 (char 0)
[15:28:25]    🪙 $TRUMP: $2.17 (+3.9%)
[15:28:25]    📊 Polymarket 快照: 424 個市場 (20 事件)
[15:28:25]    📊 Polymarket: 424 個市場已更新
[15:28:25] 驗證 3 個即時預測...
[15:33:30]    📡 三源抓取: CNN:50 → 合計 50 篇
[15:33:30]    沒有新推文
[事件偵測] 掃描最近 5 天的信號模式...
[事件偵測]    最近 5 天的信號:
[事件偵測]    2026-07-17: 0 篇 | T=0 D=0 R=0
[事件偵測]    2026-07-16: 0 篇 | T=0 D=0 R=0
[事件偵測]    2026-07-15: 0 篇 | T=0 D=0 R=0
[事件偵測]    2026-07-14: 0 篇 | T=0 D=0 R=0
[事件偵測]    2026-07-13: 0 篇 | T=0 D=0 R=0
[15:33:30]    事件偵測失敗: Expecting value: line 1 column 1 (char 0)
[15:33:30]    🪙 $TRUMP: $2.17 (+3.6%)
[15:33:31]    📊 Polymarket 快照: 424 個市場 (20 事件)
[15:33:31]    📊 Polymarket: 424 個市場已更新
[15:33:31] 驗證 3 個即時預測...
[15:38:35]    📡 三源抓取: CNN:50 → 合計 50 篇
[15:38:35]    沒有新推文
[事件偵測] 掃描最近 5 天的信號模式...
[事件偵測]    最近 5 天的信號:
[事件偵測]    2026-07-17: 0 篇 | T=0 D=0 R=0
[事件偵測]    2026-07-16: 0 篇 | T=0 D=0 R=0
[事件偵測]    2026-07-15: 0 篇 | T=0 D=0 R=0
[事件偵測]    2026-07-14: 0 篇 | T=0 D=0 R=0
[事件偵測]    2026-07-13: 0 篇 | T=0 D=0 R=0
[15:38:35]    事件偵測失敗: Expecting value: line 1 column 1 (char 0)
[15:38:35]    🪙 $TRUMP: $2.18 (+4.2%)
[15:38:35]    📊 Polymarket 快照: 424 個市場 (20 事件)
[15:38:35]    📊 Polymarket: 424 個市場已更新
[15:38:35] 驗證 3 個即時預測...
[15:43:39]    📡 三源抓取: CNN:50 → 合計 50 篇
[15:43:39]    沒有新推文
[事件偵測] 掃描最近 5 天的信號模式...
[事件偵測]    最近 5 天的信號:
[事件偵測]    2026-07-17: 0 篇 | T=0 D=0 R=0
[事件偵測]    2026-07-16: 0 篇 | T=0 D=0 R=0
[事件偵測]    2026-07-15: 0 篇 | T=0 D=0 R=0
[事件偵測]    2026-07-14: 0 篇 | T=0 D=0 R=0
[事件偵測]    2026-07-13: 0 篇 | T=0 D=0 R=0
[15:43:39]    事件偵測失敗: Expecting value: line 1 column 1 (char 0)
[15:43:39]    🪙 $TRUMP: $2.17 (+4.2%)
[15:43:39]    📊 Polymarket 快照: 424 個市場 (20 事件)
[15:43:39]    📊 Polymarket: 424 個市場已更新
[15:43:39] 驗證 3 個即時預測...
[15:48:44]    📡 三源抓取: CNN:50 → 合計 50 篇
[15:48:44]    沒有新推文
[事件偵測] 掃描最近 5 天的信號模式...
[事件偵測]    最近 5 天的信號:
[事件偵測]    2026-07-17: 0 篇 | T=0 D=0 R=0
[事件偵測]    2026-07-16: 0 篇 | T=0 D=0 R=0
[事件偵測]    2026-07-15: 0 篇 | T=0 D=0 R=0
[事件偵測]    2026-07-14: 0 篇 | T=0 D=0 R=0
[事件偵測]    2026-07-13: 0 篇 | T=0 D=0 R=0
[15:48:44]    事件偵測失敗: Expecting value: line 1 column 1 (char 0)
[15:48:44]    🪙 $TRUMP: $2.17 (+4.2%)
[15:48:44]    📊 Polymarket 快照: 424 個市場 (20 事件)
[15:48:44]    📊 Polymarket: 424 個市場已更新
[15:48:44] 驗證 3 個即時預測...
[15:53:49]    📡 三源抓取: CNN:50 → 合計 50 篇
[15:53:49]    沒有新推文
[事件偵測] 掃描最近 5 天的信號模式...
[事件偵測]    最近 5 天的信號:
[事件偵測]    2026-07-17: 0 篇 | T=0 D=0 R=0
[事件偵測]    2026-07-16: 0 篇 | T=0 D=0 R=0
[事件偵測]    2026-07-15: 0 篇 | T=0 D=0 R=0
[事件偵測]    2026-07-14: 0 篇 | T=0 D=0 R=0
[事件偵測]    2026-07-13: 0 篇 | T=0 D=0 R=0
[15:53:49]    事件偵測失敗: Expecting value: line 1 column 1 (char 0)
[15:53:49]    🪙 $TRUMP: $2.17 (+4.9%)
[15:53:50]    📊 Polymarket 快照: 424 個市場 (20 事件)
[15:53:50]    📊 Polymarket: 424 個市場已更新
[15:53:50] 驗證 3 個即時預測...
[15:58:54]    📡 三源抓取: CNN:50 → 合計 50 篇
[15:58:54]    沒有新推文
[事件偵測] 掃描最近 5 天的信號模式...
[事件偵測]    最近 5 天的信號:
[事件偵測]    2026-07-17: 0 篇 | T=0 D=0 R=0
[事件偵測]    2026-07-16: 0 篇 | T=0 D=0 R=0
[事件偵測]    2026-07-15: 0 篇 | T=0 D=0 R=0
[事件偵測]    2026-07-14: 0 篇 | T=0 D=0 R=0
[事件偵測]    2026-07-13: 0 篇 | T=0 D=0 R=0
[15:58:54]    事件偵測失敗: Expecting value: line 1 column 1 (char 0)
[15:58:54]    🪙 $TRUMP: $2.18 (+4.4%)
[15:58:55]    📊 Polymarket 快照: 424 個市場 (20 事件)
[15:58:55]    📊 Polymarket: 424 個市場已更新
[15:58:55] 驗證 3 個即時預測...
[16:03:59]    📡 三源抓取: CNN:50 → 合計 50 篇
[16:03:59]    沒有新推文
[事件偵測] 掃描最近 5 天的信號模式...
[事件偵測]    最近 5 天的信號:
[事件偵測]    2026-07-17: 0 篇 | T=0 D=0 R=0
[事件偵測]    2026-07-16: 0 篇 | T=0 D=0 R=0
[事件偵測]    2026-07-15: 0 篇 | T=0 D=0 R=0
[事件偵測]    2026-07-14: 0 篇 | T=0 D=0 R=0
[事件偵測]    2026-07-13: 0 篇 | T=0 D=0 R=0
[16:03:59]    事件偵測失敗: Expecting value: line 1 column 1 (char 0)
[16:04:00]    🪙 $TRUMP: $2.18 (+4.0%)
[16:04:00]    📊 Polymarket 快照: 424 個市場 (20 事件)
[16:04:00]    📊 Polymarket: 424 個市場已更新
[16:04:00] 驗證 3 個即時預測...
[16:09:04]    📡 三源抓取: CNN:50 → 合計 50 篇
[16:09:04]    沒有新推文
[事件偵測] 掃描最近 5 天的信號模式...
[事件偵測]    最近 5 天的信號:
[事件偵測]    2026-07-17: 0 篇 | T=0 D=0 R=0
[事件偵測]    2026-07-16: 0 篇 | T=0 D=0 R=0
[事件偵測]    2026-07-15: 0 篇 | T=0 D=0 R=0
[事件偵測]    2026-07-14: 0 篇 | T=0 D=0 R=0
[事件偵測]    2026-07-13: 0 篇 | T=0 D=0 R=0
[16:09:04]    事件偵測失敗: Expecting value: line 1 column 1 (char 0)
[16:09:05]    🪙 $TRUMP: $2.17 (+3.6%)
[16:09:05]    📊 Polymarket 快照: 424 個市場 (20 事件)
[16:09:05]    📊 Polymarket: 424 個市場已更新
[16:09:05] 驗證 3 個即時預測...
[16:14:10]    📡 三源抓取: CNN:50 → 合計 50 篇
[16:14:10] 🆕 偵測到 1 篇新推文！
[16:14:11]    📥 寫入 1 篇新推文到 trump_posts_all.json（總計 46172 篇）
[16:14:14]    📊 Polymarket 快照: 424 個市場 (20 事件)
[16:14:14]    🪙 $TRUMP: $2.17 (+3.3%)
[16:14:14]    📝 [15:58] Another Fake Story is that a very close friend of mine, a man I endorsed very ea...
[16:14:14]       信號: ACTION(75%), BEARISH(75%)
[16:14:14]       預測: PM NEUTRAL (30%) | 追蹤 5 個市場
[事件偵測] 掃描最近 5 天的信號模式...
[事件偵測]    最近 5 天的信號:
[事件偵測]    2026-07-17: 0 篇 | T=0 D=0 R=0
[事件偵測]    2026-07-16: 0 篇 | T=0 D=0 R=0
[事件偵測]    2026-07-15: 0 篇 | T=0 D=0 R=0
[事件偵測]    2026-07-14: 0 篇 | T=0 D=0 R=0
[事件偵測]    2026-07-13: 0 篇 | T=0 D=0 R=0
[16:14:14]    事件偵測失敗: Expecting value: line 1 column 1 (char 0)
[16:14:14]    🪙 $TRUMP: $2.17 (+3.3%)
[16:14:14]    📊 Polymarket 快照: 424 個市場 (20 事件)
[16:14:14]    📊 Polymarket: 424 個市場已更新
[16:14:14] 驗證 4 個即時預測...
[16:14:16] 📊 本輪: 1 新推文 | 1 預測 | 0 驗證
[16:19:18]    📡 三源抓取: CNN:50 → 合計 50 篇
[16:19:18]    沒有新推文
[事件偵測] 掃描最近 5 天的信號模式...
[事件偵測]    最近 5 天的信號:
[事件偵測]    2026-07-17: 0 篇 | T=0 D=0 R=0
[事件偵測]    2026-07-16: 0 篇 | T=0 D=0 R=0
[事件偵測]    2026-07-15: 0 篇 | T=0 D=0 R=0
[事件偵測]    2026-07-14: 0 篇 | T=0 D=0 R=0
[事件偵測]    2026-07-13: 0 篇 | T=0 D=0 R=0
[16:19:18]    事件偵測失敗: Expecting value: line 1 column 1 (char 0)
[16:19:18]    🪙 $TRUMP: $2.17 (+2.7%)
[16:19:19]    📊 Polymarket 快照: 424 個市場 (20 事件)
[16:19:19]    📊 Polymarket: 424 個市場已更新
[16:19:19] 驗證 4 個即時預測...
[16:24:23]    📡 三源抓取: CNN:50 → 合計 50 篇
[16:24:23]    沒有新推文
[事件偵測] 掃描最近 5 天的信號模式...
[事件偵測]    最近 5 天的信號:
[事件偵測]    2026-07-17: 0 篇 | T=0 D=0 R=0
[事件偵測]    2026-07-16: 0 篇 | T=0 D=0 R=0
[事件偵測]    2026-07-15: 0 篇 | T=0 D=0 R=0
[事件偵測]    2026-07-14: 0 篇 | T=0 D=0 R=0
[事件偵測]    2026-07-13: 0 篇 | T=0 D=0 R=0
[16:24:23]    事件偵測失敗: Expecting value: line 1 column 1 (char 0)
[16:24:23]    🪙 $TRUMP: $2.17 (+3.0%)
[16:24:23]    📊 Polymarket 快照: 424 個市場 (20 事件)
[16:24:23]    📊 Polymarket: 424 個市場已更新
[16:24:23] 驗證 4 個即時預測...
[16:29:27]    📡 三源抓取: CNN:50 → 合計 50 篇
[16:29:27]    沒有新推文
[事件偵測] 掃描最近 5 天的信號模式...
[事件偵測]    最近 5 天的信號:
[事件偵測]    2026-07-17: 0 篇 | T=0 D=0 R=0
[事件偵測]    2026-07-16: 0 篇 | T=0 D=0 R=0
[事件偵測]    2026-07-15: 0 篇 | T=0 D=0 R=0
[事件偵測]    2026-07-14: 0 篇 | T=0 D=0 R=0
[事件偵測]    2026-07-13: 0 篇 | T=0 D=0 R=0
[16:29:27]    事件偵測失敗: Expecting value: line 1 column 1 (char 0)
[16:29:28]    🪙 $TRUMP: $2.17 (+2.8%)
[16:29:28]    📊 Polymarket 快照: 424 個市場 (20 事件)
[16:29:28]    📊 Polymarket: 424 個市場已更新
[16:29:28] 驗證 4 個即時預測...
[16:34:32]    📡 三源抓取: CNN:50 → 合計 50 篇
[16:34:32]    沒有新推文
[事件偵測] 掃描最近 5 天的信號模式...
[事件偵測]    最近 5 天的信號:
[事件偵測]    2026-07-17: 0 篇 | T=0 D=0 R=0
[事件偵測]    2026-07-16: 0 篇 | T=0 D=0 R=0
[事件偵測]    2026-07-15: 0 篇 | T=0 D=0 R=0
[事件偵測]    2026-07-14: 0 篇 | T=0 D=0 R=0
[事件偵測]    2026-07-13: 0 篇 | T=0 D=0 R=0
[16:34:32]    事件偵測失敗: Expecting value: line 1 column 1 (char 0)
[16:34:32]    🪙 $TRUMP: $2.17 (+2.8%)
[16:34:32]    📊 Polymarket 快照: 424 個市場 (20 事件)
[16:34:32]    📊 Polymarket: 424 個市場已更新
[16:34:32] 驗證 4 個即時預測...
[16:39:37]    📡 三源抓取: CNN:50 → 合計 50 篇
[16:39:37]    沒有新推文
[事件偵測] 掃描最近 5 天的信號模式...
[事件偵測]    最近 5 天的信號:
[事件偵測]    2026-07-17: 0 篇 | T=0 D=0 R=0
[事件偵測]    2026-07-16: 0 篇 | T=0 D=0 R=0
[事件偵測]    2026-07-15: 0 篇 | T=0 D=0 R=0
[事件偵測]    2026-07-14: 0 篇 | T=0 D=0 R=0
[事件偵測]    2026-07-13: 0 篇 | T=0 D=0 R=0
[16:39:37]    事件偵測失敗: Expecting value: line 1 column 1 (char 0)
[16:39:37]    🪙 $TRUMP: $2.17 (+2.7%)
[16:39:38]    📊 Polymarket 快照: 424 個市場 (20 事件)
[16:39:38]    📊 Polymarket: 424 個市場已更新
[16:39:38] 驗證 4 個即時預測...
[16:44:43]    📡 三源抓取: CNN:50 → 合計 50 篇
[16:44:43]    沒有新推文
[事件偵測] 掃描最近 5 天的信號模式...
[事件偵測]    最近 5 天的信號:
[事件偵測]    2026-07-17: 0 篇 | T=0 D=0 R=0
[事件偵測]    2026-07-16: 0 篇 | T=0 D=0 R=0
[事件偵測]    2026-07-15: 0 篇 | T=0 D=0 R=0
[事件偵測]    2026-07-14: 0 篇 | T=0 D=0 R=0
[事件偵測]    2026-07-13: 0 篇 | T=0 D=0 R=0
[16:44:43]    事件偵測失敗: Expecting value: line 1 column 1 (char 0)
[16:44:43]    🪙 $TRUMP: $2.17 (+2.7%)
[16:44:43]    📊 Polymarket 快照: 424 個市場 (20 事件)
[16:44:43]    📊 Polymarket: 424 個市場已更新
[16:44:43] 驗證 4 個即時預測...
[16:49:48]    📡 三源抓取: CNN:50 → 合計 50 篇
[16:49:48]    沒有新推文
[事件偵測] 掃描最近 5 天的信號模式...
[事件偵測]    最近 5 天的信號:
[事件偵測]    2026-07-17: 0 篇 | T=0 D=0 R=0
[事件偵測]    2026-07-16: 0 篇 | T=0 D=0 R=0
[事件偵測]    2026-07-15: 0 篇 | T=0 D=0 R=0
[事件偵測]    2026-07-14: 0 篇 | T=0 D=0 R=0
[事件偵測]    2026-07-13: 0 篇 | T=0 D=0 R=0
[16:49:48]    事件偵測失敗: Expecting value: line 1 column 1 (char 0)
[16:49:48]    🪙 $TRUMP: $2.17 (+3.2%)
[16:49:48]    📊 Polymarket 快照: 424 個市場 (20 事件)
[16:49:48]    📊 Polymarket: 424 個市場已更新
[16:49:48] 驗證 4 個即時預測...
[16:54:52]    📡 三源抓取: CNN:50 → 合計 50 篇
[16:54:52]    沒有新推文
[事件偵測] 掃描最近 5 天的信號模式...
[事件偵測]    最近 5 天的信號:
[事件偵測]    2026-07-17: 0 篇 | T=0 D=0 R=0
[事件偵測]    2026-07-16: 0 篇 | T=0 D=0 R=0
[事件偵測]    2026-07-15: 0 篇 | T=0 D=0 R=0
[事件偵測]    2026-07-14: 0 篇 | T=0 D=0 R=0
[事件偵測]    2026-07-13: 0 篇 | T=0 D=0 R=0
[16:54:52]    事件偵測失敗: Expecting value: line 1 column 1 (char 0)
[16:54:53]    🪙 $TRUMP: $2.17 (+2.9%)
[16:54:53]    📊 Polymarket 快照: 424 個市場 (20 事件)
[16:54:53]    📊 Polymarket: 424 個市場已更新
[16:54:53] 驗證 4 個即時預測...
[16:59:58]    📡 三源抓取: CNN:50 → 合計 50 篇
[16:59:58]    沒有新推文
[事件偵測] 掃描最近 5 天的信號模式...
[事件偵測]    最近 5 天的信號:
[事件偵測]    2026-07-17: 0 篇 | T=0 D=0 R=0
[事件偵測]    2026-07-16: 0 篇 | T=0 D=0 R=0
[事件偵測]    2026-07-15: 0 篇 | T=0 D=0 R=0
[事件偵測]    2026-07-14: 0 篇 | T=0 D=0 R=0
[事件偵測]    2026-07-13: 0 篇 | T=0 D=0 R=0
[16:59:58]    事件偵測失敗: Expecting value: line 1 column 1 (char 0)
[16:59:58]    🪙 $TRUMP: $2.16 (+3.3%)
[16:59:58]    📊 Polymarket 快照: 424 個市場 (20 事件)
[16:59:58]    📊 Polymarket: 424 個市場已更新
[16:59:58] 驗證 4 個即時預測...
[17:05:03]    📡 三源抓取: CNN:50 → 合計 50 篇
[17:05:03]    沒有新推文
[事件偵測] 掃描最近 5 天的信號模式...
[事件偵測]    最近 5 天的信號:
[事件偵測]    2026-07-17: 0 篇 | T=0 D=0 R=0
[事件偵測]    2026-07-16: 0 篇 | T=0 D=0 R=0
[事件偵測]    2026-07-15: 0 篇 | T=0 D=0 R=0
[事件偵測]    2026-07-14: 0 篇 | T=0 D=0 R=0
[事件偵測]    2026-07-13: 0 篇 | T=0 D=0 R=0
[17:05:03]    事件偵測失敗: Expecting value: line 1 column 1 (char 0)
[17:05:04]    🪙 $TRUMP: $2.16 (+2.9%)
[17:05:04]    📊 Polymarket 快照: 424 個市場 (20 事件)
[17:05:04]    📊 Polymarket: 424 個市場已更新
[17:05:04] 驗證 4 個即時預測...
[17:10:08]    📡 三源抓取: CNN:50 → 合計 50 篇
[17:10:08]    沒有新推文
[事件偵測] 掃描最近 5 天的信號模式...
[事件偵測]    最近 5 天的信號:
[事件偵測]    2026-07-17: 0 篇 | T=0 D=0 R=0
[事件偵測]    2026-07-16: 0 篇 | T=0 D=0 R=0
[事件偵測]    2026-07-15: 0 篇 | T=0 D=0 R=0
[事件偵測]    2026-07-14: 0 篇 | T=0 D=0 R=0
[事件偵測]    2026-07-13: 0 篇 | T=0 D=0 R=0
[17:10:08]    事件偵測失敗: Expecting value: line 1 column 1 (char 0)
[17:10:08]    🪙 $TRUMP: $2.14 (+2.0%)
[17:10:08]    📊 Polymarket 快照: 424 個市場 (20 事件)
[17:10:08]    📊 Polymarket: 424 個市場已更新
[17:10:08] 驗證 4 個即時預測...
[17:15:12]    📡 三源抓取: CNN:50 → 合計 50 篇
[17:15:12]    沒有新推文
[事件偵測] 掃描最近 5 天的信號模式...
[事件偵測]    最近 5 天的信號:
[事件偵測]    2026-07-17: 0 篇 | T=0 D=0 R=0
[事件偵測]    2026-07-16: 0 篇 | T=0 D=0 R=0
[事件偵測]    2026-07-15: 0 篇 | T=0 D=0 R=0
[事件偵測]    2026-07-14: 0 篇 | T=0 D=0 R=0
[事件偵測]    2026-07-13: 0 篇 | T=0 D=0 R=0
[17:15:12]    事件偵測失敗: Expecting value: line 1 column 1 (char 0)
[17:15:12]    🪙 $TRUMP: $2.14 (+2.1%)
[17:15:13]    📊 Polymarket 快照: 424 個市場 (20 事件)
[17:15:13]    📊 Polymarket: 424 個市場已更新
[17:15:13] 驗證 4 個即時預測...
[17:20:17]    📡 三源抓取: CNN:50 → 合計 50 篇
[17:20:17]    沒有新推文
[事件偵測] 掃描最近 5 天的信號模式...
[事件偵測]    最近 5 天的信號:
[事件偵測]    2026-07-17: 0 篇 | T=0 D=0 R=0
[事件偵測]    2026-07-16: 0 篇 | T=0 D=0 R=0
[事件偵測]    2026-07-15: 0 篇 | T=0 D=0 R=0
[事件偵測]    2026-07-14: 0 篇 | T=0 D=0 R=0
[事件偵測]    2026-07-13: 0 篇 | T=0 D=0 R=0
[17:20:17]    事件偵測失敗: Expecting value: line 1 column 1 (char 0)
[17:20:17]    🪙 $TRUMP: $2.14 (+2.2%)
[17:20:18]    📊 Polymarket 快照: 444 個市場 (20 事件)
[17:20:18]    📊 Polymarket: 444 個市場已更新
[17:20:18] 驗證 4 個即時預測...
[17:25:23]    📡 三源抓取: CNN:50 → 合計 50 篇
[17:25:23]    沒有新推文
[事件偵測] 掃描最近 5 天的信號模式...
[事件偵測]    最近 5 天的信號:
[事件偵測]    2026-07-17: 0 篇 | T=0 D=0 R=0
[事件偵測]    2026-07-16: 0 篇 | T=0 D=0 R=0
[事件偵測]    2026-07-15: 0 篇 | T=0 D=0 R=0
[事件偵測]    2026-07-14: 0 篇 | T=0 D=0 R=0
[事件偵測]    2026-07-13: 0 篇 | T=0 D=0 R=0
[17:25:23]    事件偵測失敗: Expecting value: line 1 column 1 (char 0)
[17:25:23]    🪙 $TRUMP: $2.14 (+2.4%)
[17:25:24]    📊 Polymarket 快照: 444 個市場 (20 事件)
[17:25:24]    📊 Polymarket: 444 個市場已更新
[17:25:24] 驗證 4 個即時預測...
[17:30:30]    📡 三源抓取: CNN:50 → 合計 50 篇
[17:30:30]    沒有新推文
[事件偵測] 掃描最近 5 天的信號模式...
[事件偵測]    最近 5 天的信號:
[事件偵測]    2026-07-17: 0 篇 | T=0 D=0 R=0
[事件偵測]    2026-07-16: 0 篇 | T=0 D=0 R=0
[事件偵測]    2026-07-15: 0 篇 | T=0 D=0 R=0
[事件偵測]    2026-07-14: 0 篇 | T=0 D=0 R=0
[事件偵測]    2026-07-13: 0 篇 | T=0 D=0 R=0
[17:30:30]    事件偵測失敗: Expecting value: line 1 column 1 (char 0)
[17:30:30]    🪙 $TRUMP: $2.15 (+3.0%)
[17:30:30]    📊 Polymarket 快照: 444 個市場 (20 事件)
[17:30:30]    📊 Polymarket: 444 個市場已更新
[17:30:30] 驗證 4 個即時預測...
[17:35:35]    📡 三源抓取: CNN:50 → 合計 50 篇
[17:35:35]    沒有新推文
[事件偵測] 掃描最近 5 天的信號模式...
[事件偵測]    最近 5 天的信號:
[事件偵測]    2026-07-17: 0 篇 | T=0 D=0 R=0
[事件偵測]    2026-07-16: 0 篇 | T=0 D=0 R=0
[事件偵測]    2026-07-15: 0 篇 | T=0 D=0 R=0
[事件偵測]    2026-07-14: 0 篇 | T=0 D=0 R=0
[事件偵測]    2026-07-13: 0 篇 | T=0 D=0 R=0
[17:35:35]    事件偵測失敗: Expecting value: line 1 column 1 (char 0)
[17:35:35]    🪙 $TRUMP: $2.15 (+2.8%)
[17:35:35]    📊 Polymarket 快照: 444 個市場 (20 事件)
[17:35:35]    📊 Polymarket: 444 個市場已更新
[17:35:35] 驗證 4 個即時預測...
[17:40:40]    📡 三源抓取: CNN:50 → 合計 50 篇
[17:40:40]    沒有新推文
[事件偵測] 掃描最近 5 天的信號模式...
[事件偵測]    最近 5 天的信號:
[事件偵測]    2026-07-17: 0 篇 | T=0 D=0 R=0
[事件偵測]    2026-07-16: 0 篇 | T=0 D=0 R=0
[事件偵測]    2026-07-15: 0 篇 | T=0 D=0 R=0
[事件偵測]    2026-07-14: 0 篇 | T=0 D=0 R=0
[事件偵測]    2026-07-13: 0 篇 | T=0 D=0 R=0
[17:40:40]    事件偵測失敗: Expecting value: line 1 column 1 (char 0)
[17:40:40]    🪙 $TRUMP: $2.15 (+2.5%)
[17:40:40]    📊 Polymarket 快照: 444 個市場 (20 事件)
[17:40:40]    📊 Polymarket: 444 個市場已更新
[17:40:40] 驗證 4 個即時預測...
[17:45:45]    📡 三源抓取: CNN:50 → 合計 50 篇
[17:45:45]    沒有新推文
[事件偵測] 掃描最近 5 天的信號模式...
[事件偵測]    最近 5 天的信號:
[事件偵測]    2026-07-17: 0 篇 | T=0 D=0 R=0
[事件偵測]    2026-07-16: 0 篇 | T=0 D=0 R=0
[事件偵測]    2026-07-15: 0 篇 | T=0 D=0 R=0
[事件偵測]    2026-07-14: 0 篇 | T=0 D=0 R=0
[事件偵測]    2026-07-13: 0 篇 | T=0 D=0 R=0
[17:45:45]    事件偵測失敗: Expecting value: line 1 column 1 (char 0)
[17:45:46]    🪙 $TRUMP: $2.15 (+2.4%)
[17:45:46]    📊 Polymarket 快照: 462 個市場 (20 事件)
[17:45:46]    📊 Polymarket: 462 個市場已更新
[17:45:46] 驗證 4 個即時預測...
[17:50:51]    📡 三源抓取: CNN:50 → 合計 50 篇
[17:50:51]    沒有新推文
[事件偵測] 掃描最近 5 天的信號模式...
[事件偵測]    最近 5 天的信號:
[事件偵測]    2026-07-17: 0 篇 | T=0 D=0 R=0
[事件偵測]    2026-07-16: 0 篇 | T=0 D=0 R=0
[事件偵測]    2026-07-15: 0 篇 | T=0 D=0 R=0
[事件偵測]    2026-07-14: 0 篇 | T=0 D=0 R=0
[事件偵測]    2026-07-13: 0 篇 | T=0 D=0 R=0
[17:50:51]    事件偵測失敗: Expecting value: line 1 column 1 (char 0)
[17:50:51]    🪙 $TRUMP: $2.15 (+2.4%)
[17:50:51]    📊 Polymarket 快照: 462 個市場 (20 事件)
[17:50:51]    📊 Polymarket: 462 個市場已更新
[17:50:51] 驗證 4 個即時預測...
[17:55:56]    📡 三源抓取: CNN:50 → 合計 50 篇
[17:55:56]    沒有新推文
[事件偵測] 掃描最近 5 天的信號模式...
[事件偵測]    最近 5 天的信號:
[事件偵測]    2026-07-17: 0 篇 | T=0 D=0 R=0
[事件偵測]    2026-07-16: 0 篇 | T=0 D=0 R=0
[事件偵測]    2026-07-15: 0 篇 | T=0 D=0 R=0
[事件偵測]    2026-07-14: 0 篇 | T=0 D=0 R=0
[事件偵測]    2026-07-13: 0 篇 | T=0 D=0 R=0
[17:55:56]    事件偵測失敗: Expecting value: line 1 column 1 (char 0)
[17:55:56]    🪙 $TRUMP: $2.15 (+2.6%)
[17:55:56]    📊 Polymarket 快照: 462 個市場 (20 事件)
[17:55:56]    📊 Polymarket: 462 個市場已更新
[17:55:56] 驗證 4 個即時預測...
[18:01:02]    📡 三源抓取: CNN:50 → 合計 50 篇
[18:01:02]    沒有新推文
[事件偵測] 掃描最近 5 天的信號模式...
[事件偵測]    最近 5 天的信號:
[事件偵測]    2026-07-17: 0 篇 | T=0 D=0 R=0
[事件偵測]    2026-07-16: 0 篇 | T=0 D=0 R=0
[事件偵測]    2026-07-15: 0 篇 | T=0 D=0 R=0
[事件偵測]    2026-07-14: 0 篇 | T=0 D=0 R=0
[事件偵測]    2026-07-13: 0 篇 | T=0 D=0 R=0
[18:01:02]    事件偵測失敗: Expecting value: line 1 column 1 (char 0)
[18:01:02]    🪙 $TRUMP: $2.14 (+2.0%)
[18:01:02]    📊 Polymarket 快照: 462 個市場 (20 事件)
[18:01:02]    📊 Polymarket: 462 個市場已更新
[18:01:02] 驗證 4 個即時預測...
[18:06:08]    📡 三源抓取: CNN:50 → 合計 50 篇
[18:06:08]    沒有新推文
[事件偵測] 掃描最近 5 天的信號模式...
[事件偵測]    最近 5 天的信號:
[事件偵測]    2026-07-17: 0 篇 | T=0 D=0 R=0
[事件偵測]    2026-07-16: 0 篇 | T=0 D=0 R=0
[事件偵測]    2026-07-15: 0 篇 | T=0 D=0 R=0
[事件偵測]    2026-07-14: 0 篇 | T=0 D=0 R=0
[事件偵測]    2026-07-13: 0 篇 | T=0 D=0 R=0
[18:06:08]    事件偵測失敗: Expecting value: line 1 column 1 (char 0)
[18:06:08]    🪙 $TRUMP: $2.14 (+2.2%)
[18:06:09]    📊 Polymarket 快照: 462 個市場 (20 事件)
[18:06:09]    📊 Polymarket: 462 個市場已更新
[18:06:09] 驗證 4 個即時預測...
[18:11:14]    📡 三源抓取: CNN:50 → 合計 50 篇
[18:11:14]    沒有新推文
[事件偵測] 掃描最近 5 天的信號模式...
[事件偵測]    最近 5 天的信號:
[事件偵測]    2026-07-17: 0 篇 | T=0 D=0 R=0
[事件偵測]    2026-07-16: 0 篇 | T=0 D=0 R=0
[事件偵測]    2026-07-15: 0 篇 | T=0 D=0 R=0
[事件偵測]    2026-07-14: 0 篇 | T=0 D=0 R=0
[事件偵測]    2026-07-13: 0 篇 | T=0 D=0 R=0
[18:11:14]    事件偵測失敗: Expecting value: line 1 column 1 (char 0)
[18:11:14]    🪙 $TRUMP: $2.14 (+1.8%)
[18:11:14]    📊 Polymarket 快照: 462 個市場 (20 事件)
[18:11:14]    📊 Polymarket: 462 個市場已更新
[18:11:14] 驗證 4 個即時預測...
[18:16:19]    📡 三源抓取: CNN:50 → 合計 50 篇
[18:16:19]    沒有新推文
[事件偵測] 掃描最近 5 天的信號模式...
[事件偵測]    最近 5 天的信號:
[事件偵測]    2026-07-17: 0 篇 | T=0 D=0 R=0
[事件偵測]    2026-07-16: 0 篇 | T=0 D=0 R=0
[事件偵測]    2026-07-15: 0 篇 | T=0 D=0 R=0
[事件偵測]    2026-07-14: 0 篇 | T=0 D=0 R=0
[事件偵測]    2026-07-13: 0 篇 | T=0 D=0 R=0
[18:16:19]    事件偵測失敗: Expecting value: line 1 column 1 (char 0)
[18:16:19]    🪙 $TRUMP: $2.14 (+1.6%)
[18:16:19]    📊 Polymarket 快照: 460 個市場 (20 事件)
[18:16:19]    📊 Polymarket: 460 個市場已更新
[18:16:19] 驗證 4 個即時預測...
[18:21:24]    📡 三源抓取: CNN:50 → 合計 50 篇
[18:21:24]    沒有新推文
[事件偵測] 掃描最近 5 天的信號模式...
[事件偵測]    最近 5 天的信號:
[事件偵測]    2026-07-17: 0 篇 | T=0 D=0 R=0
[事件偵測]    2026-07-16: 0 篇 | T=0 D=0 R=0
[事件偵測]    2026-07-15: 0 篇 | T=0 D=0 R=0
[事件偵測]    2026-07-14: 0 篇 | T=0 D=0 R=0
[事件偵測]    2026-07-13: 0 篇 | T=0 D=0 R=0
[18:21:24]    事件偵測失敗: Expecting value: line 1 column 1 (char 0)
[18:21:24]    🪙 $TRUMP: $2.13 (+1.1%)
[18:21:24]    📊 Polymarket 快照: 460 個市場 (20 事件)
[18:21:24]    📊 Polymarket: 460 個市場已更新
[18:21:24] 驗證 4 個即時預測...
[18:26:29]    📡 三源抓取: CNN:50 → 合計 50 篇
[18:26:29]    沒有新推文
[事件偵測] 掃描最近 5 天的信號模式...
[事件偵測]    最近 5 天的信號:
[事件偵測]    2026-07-17: 0 篇 | T=0 D=0 R=0
[事件偵測]    2026-07-16: 0 篇 | T=0 D=0 R=0
[事件偵測]    2026-07-15: 0 篇 | T=0 D=0 R=0
[事件偵測]    2026-07-14: 0 篇 | T=0 D=0 R=0
[事件偵測]    2026-07-13: 0 篇 | T=0 D=0 R=0
[18:26:29]    事件偵測失敗: Expecting value: line 1 column 1 (char 0)
[18:26:29]    🪙 $TRUMP: $2.13 (+1.3%)
[18:26:29]    📊 Polymarket 快照: 460 個市場 (20 事件)
[18:26:29]    📊 Polymarket: 460 個市場已更新
[18:26:29] 驗證 4 個即時預測...
[18:31:34]    📡 三源抓取: CNN:50 → 合計 50 篇
[18:31:34]    沒有新推文
[事件偵測] 掃描最近 5 天的信號模式...
[事件偵測]    最近 5 天的信號:
[事件偵測]    2026-07-17: 0 篇 | T=0 D=0 R=0
[事件偵測]    2026-07-16: 0 篇 | T=0 D=0 R=0
[事件偵測]    2026-07-15: 0 篇 | T=0 D=0 R=0
[事件偵測]    2026-07-14: 0 篇 | T=0 D=0 R=0
[事件偵測]    2026-07-13: 0 篇 | T=0 D=0 R=0
[18:31:34]    事件偵測失敗: Expecting value: line 1 column 1 (char 0)
[18:31:34]    🪙 $TRUMP: $2.13 (+1.5%)
[18:31:34]    📊 Polymarket 快照: 460 個市場 (20 事件)
[18:31:34]    📊 Polymarket: 460 個市場已更新
[18:31:34] 驗證 4 個即時預測...
[18:36:38]    📡 三源抓取: CNN:50 → 合計 50 篇
[18:36:38]    沒有新推文
[事件偵測] 掃描最近 5 天的信號模式...
[事件偵測]    最近 5 天的信號:
[事件偵測]    2026-07-17: 0 篇 | T=0 D=0 R=0
[事件偵測]    2026-07-16: 0 篇 | T=0 D=0 R=0
[事件偵測]    2026-07-15: 0 篇 | T=0 D=0 R=0
[事件偵測]    2026-07-14: 0 篇 | T=0 D=0 R=0
[事件偵測]    2026-07-13: 0 篇 | T=0 D=0 R=0
[18:36:38]    事件偵測失敗: Expecting value: line 1 column 1 (char 0)
[18:36:39]    🪙 $TRUMP: $2.13 (+1.3%)
[18:36:39]    📊 Polymarket 快照: 460 個市場 (20 事件)
[18:36:39]    📊 Polymarket: 460 個市場已更新
[18:36:39] 驗證 4 個即時預測...
[18:41:44]    📡 三源抓取: CNN:50 → 合計 50 篇
[18:41:44]    沒有新推文
[事件偵測] 掃描最近 5 天的信號模式...
[事件偵測]    最近 5 天的信號:
[事件偵測]    2026-07-17: 0 篇 | T=0 D=0 R=0
[事件偵測]    2026-07-16: 0 篇 | T=0 D=0 R=0
[事件偵測]    2026-07-15: 0 篇 | T=0 D=0 R=0
[事件偵測]    2026-07-14: 0 篇 | T=0 D=0 R=0
[事件偵測]    2026-07-13: 0 篇 | T=0 D=0 R=0
[18:41:44]    事件偵測失敗: Expecting value: line 1 column 1 (char 0)
[18:41:44]    🪙 $TRUMP: $2.13 (+1.4%)
[18:41:44]    📊 Polymarket 快照: 460 個市場 (20 事件)
[18:41:44]    📊 Polymarket: 460 個市場已更新
[18:41:44] 驗證 4 個即時預測...
[18:46:49]    📡 三源抓取: CNN:50 → 合計 50 篇
[18:46:49]    沒有新推文
[事件偵測] 掃描最近 5 天的信號模式...
[事件偵測]    最近 5 天的信號:
[事件偵測]    2026-07-17: 0 篇 | T=0 D=0 R=0
[事件偵測]    2026-07-16: 0 篇 | T=0 D=0 R=0
[事件偵測]    2026-07-15: 0 篇 | T=0 D=0 R=0
[事件偵測]    2026-07-14: 0 篇 | T=0 D=0 R=0
[事件偵測]    2026-07-13: 0 篇 | T=0 D=0 R=0
[18:46:49]    事件偵測失敗: Expecting value: line 1 column 1 (char 0)
[18:46:49]    🪙 $TRUMP: $2.13 (+1.1%)
[18:46:49]    📊 Polymarket 快照: 460 個市場 (20 事件)
[18:46:49]    📊 Polymarket: 460 個市場已更新
[18:46:49] 驗證 4 個即時預測...
[18:51:54]    📡 三源抓取: CNN:50 → 合計 50 篇
[18:51:54]    沒有新推文
[事件偵測] 掃描最近 5 天的信號模式...
[事件偵測]    最近 5 天的信號:
[事件偵測]    2026-07-17: 0 篇 | T=0 D=0 R=0
[事件偵測]    2026-07-16: 0 篇 | T=0 D=0 R=0
[事件偵測]    2026-07-15: 0 篇 | T=0 D=0 R=0
[事件偵測]    2026-07-14: 0 篇 | T=0 D=0 R=0
[事件偵測]    2026-07-13: 0 篇 | T=0 D=0 R=0
[18:51:54]    事件偵測失敗: Expecting value: line 1 column 1 (char 0)
[18:51:54]    🪙 $TRUMP: $2.13 (+1.2%)
[18:51:55]    📊 Polymarket 快照: 460 個市場 (20 事件)
[18:51:55]    📊 Polymarket: 460 個市場已更新
[18:51:55] 驗證 4 個即時預測...
[18:56:59]    📡 三源抓取: CNN:50 → 合計 50 篇
[18:56:59]    沒有新推文
[事件偵測] 掃描最近 5 天的信號模式...
[事件偵測]    最近 5 天的信號:
[事件偵測]    2026-07-17: 0 篇 | T=0 D=0 R=0
[事件偵測]    2026-07-16: 0 篇 | T=0 D=0 R=0
[事件偵測]    2026-07-15: 0 篇 | T=0 D=0 R=0
[事件偵測]    2026-07-14: 0 篇 | T=0 D=0 R=0
[事件偵測]    2026-07-13: 0 篇 | T=0 D=0 R=0
[18:56:59]    事件偵測失敗: Expecting value: line 1 column 1 (char 0)
[18:56:59]    🪙 $TRUMP: $2.13 (+1.2%)
[18:56:59]    📊 Polymarket 快照: 460 個市場 (20 事件)
[18:56:59]    📊 Polymarket: 460 個市場已更新
[18:56:59] 驗證 4 個即時預測...
[19:02:04]    📡 三源抓取: CNN:50 → 合計 50 篇
[19:02:04]    沒有新推文
[事件偵測] 掃描最近 5 天的信號模式...
[事件偵測]    最近 5 天的信號:
[事件偵測]    2026-07-17: 0 篇 | T=0 D=0 R=0
[事件偵測]    2026-07-16: 0 篇 | T=0 D=0 R=0
[事件偵測]    2026-07-15: 0 篇 | T=0 D=0 R=0
[事件偵測]    2026-07-14: 0 篇 | T=0 D=0 R=0
[事件偵測]    2026-07-13: 0 篇 | T=0 D=0 R=0
[19:02:04]    事件偵測失敗: Expecting value: line 1 column 1 (char 0)
[19:02:04]    🪙 $TRUMP: $2.13 (+1.3%)
[19:02:04]    📊 Polymarket 快照: 460 個市場 (20 事件)
[19:02:04]    📊 Polymarket: 460 個市場已更新
[19:02:04] 驗證 4 個即時預測...
[19:07:09]    📡 三源抓取: CNN:50 → 合計 50 篇
[19:07:09]    沒有新推文
[事件偵測] 掃描最近 5 天的信號模式...
[事件偵測]    最近 5 天的信號:
[事件偵測]    2026-07-17: 0 篇 | T=0 D=0 R=0
[事件偵測]    2026-07-16: 0 篇 | T=0 D=0 R=0
[事件偵測]    2026-07-15: 0 篇 | T=0 D=0 R=0
[事件偵測]    2026-07-14: 0 篇 | T=0 D=0 R=0
[事件偵測]    2026-07-13: 0 篇 | T=0 D=0 R=0
[19:07:09]    事件偵測失敗: Expecting value: line 1 column 1 (char 0)
[19:07:09]    🪙 $TRUMP: $2.13 (+1.5%)
[19:07:09]    📊 Polymarket 快照: 460 個市場 (20 事件)
[19:07:09]    📊 Polymarket: 460 個市場已更新
[19:07:09] 驗證 4 個即時預測...
[19:12:14]    📡 三源抓取: CNN:50 → 合計 50 篇
[19:12:14]    沒有新推文
[事件偵測] 掃描最近 5 天的信號模式...
[事件偵測]    最近 5 天的信號:
[事件偵測]    2026-07-17: 0 篇 | T=0 D=0 R=0
[事件偵測]    2026-07-16: 0 篇 | T=0 D=0 R=0
[事件偵測]    2026-07-15: 0 篇 | T=0 D=0 R=0
[事件偵測]    2026-07-14: 0 篇 | T=0 D=0 R=0
[事件偵測]    2026-07-13: 0 篇 | T=0 D=0 R=0
[19:12:14]    事件偵測失敗: Expecting value: line 1 column 1 (char 0)
[19:12:14]    🪙 $TRUMP: $2.13 (+1.6%)
[19:12:15]    📊 Polymarket 快照: 460 個市場 (20 事件)
[19:12:15]    📊 Polymarket: 460 個市場已更新
[19:12:15] 驗證 4 個即時預測...
[19:17:20]    📡 三源抓取: CNN:50 → 合計 50 篇
[19:17:20] 🆕 偵測到 2 篇新推文！
[19:17:21]    📥 寫入 2 篇新推文到 trump_posts_all.json（總計 46174 篇）
[19:17:21]    📊 Polymarket 快照: 460 個市場 (20 事件)
[19:17:22]    🪙 $TRUMP: $2.13 (+1.6%)
[19:17:22]    📝 [18:58] The American People elected me to deliver HISTORIC Economic Results, and now, I ...
[19:17:22]    📝 [18:58] At the Tennessee vs. Texas Game! President DONALD J. TRUMP...
[19:17:22]    🚀拉盤 劇本觸發: 他閉嘴（什麼都沒講）
[19:17:22]       歷史: +0.409% | 建議: LONG — 沉默是金
[事件偵測] 掃描最近 5 天的信號模式...
[事件偵測]    最近 5 天的信號:
[事件偵測]    2026-07-17: 0 篇 | T=0 D=0 R=0
[事件偵測]    2026-07-16: 0 篇 | T=0 D=0 R=0
[事件偵測]    2026-07-15: 0 篇 | T=0 D=0 R=0
[事件偵測]    2026-07-14: 0 篇 | T=0 D=0 R=0
[事件偵測]    2026-07-13: 0 篇 | T=0 D=0 R=0
[19:17:22]    事件偵測失敗: Expecting value: line 1 column 1 (char 0)
[19:17:22]    🪙 $TRUMP: $2.13 (+1.6%)
[19:17:22]    📊 Polymarket 快照: 460 個市場 (20 事件)
[19:17:22]    📊 Polymarket: 460 個市場已更新
[19:17:22] 驗證 4 個即時預測...
[19:17:24] 📊 本輪: 2 新推文 | 0 預測 | 0 驗證
[19:22:27]    📡 三源抓取: CNN:50 → 合計 50 篇
[19:22:27]    沒有新推文
[事件偵測] 掃描最近 5 天的信號模式...
[事件偵測]    最近 5 天的信號:
[事件偵測]    2026-07-17: 0 篇 | T=0 D=0 R=0
[事件偵測]    2026-07-16: 0 篇 | T=0 D=0 R=0
[事件偵測]    2026-07-15: 0 篇 | T=0 D=0 R=0
[事件偵測]    2026-07-14: 0 篇 | T=0 D=0 R=0
[事件偵測]    2026-07-13: 0 篇 | T=0 D=0 R=0
[19:22:27]    事件偵測失敗: Expecting value: line 1 column 1 (char 0)
[19:22:28]    🪙 $TRUMP: $2.13 (+1.6%)
[19:22:28]    📊 Polymarket 快照: 460 個市場 (20 事件)
[19:22:28]    📊 Polymarket: 460 個市場已更新
[19:22:28] 驗證 4 個即時預測...
[19:27:33]    📡 三源抓取: CNN:50 → 合計 50 篇
[19:27:33] 🆕 偵測到 1 篇新推文！
[19:27:34]    📥 寫入 1 篇新推文到 trump_posts_all.json（總計 46175 篇）
[19:27:34]    📊 Polymarket 快照: 460 個市場 (20 事件)
[19:27:34]    🪙 $TRUMP: $2.13 (+1.6%)
[19:27:34]    📝 [19:14] BIG DAY FOR AMERICAN AUTO WORKERS AND CAR BUYERS! I have just approved new Fuel ...
[19:27:34]       信號: BULLISH(75%)
[19:27:34]       預測: PM UP (75%) | 追蹤 5 個市場
[事件偵測] 掃描最近 5 天的信號模式...
[事件偵測]    最近 5 天的信號:
[事件偵測]    2026-07-17: 0 篇 | T=0 D=0 R=0
[事件偵測]    2026-07-16: 0 篇 | T=0 D=0 R=0
[事件偵測]    2026-07-15: 0 篇 | T=0 D=0 R=0
[事件偵測]    2026-07-14: 0 篇 | T=0 D=0 R=0
[事件偵測]    2026-07-13: 0 篇 | T=0 D=0 R=0
[19:27:34]    事件偵測失敗: Expecting value: line 1 column 1 (char 0)
[19:27:34]    🪙 $TRUMP: $2.13 (+1.6%)
[19:27:35]    📊 Polymarket 快照: 460 個市場 (20 事件)
[19:27:35]    📊 Polymarket: 460 個市場已更新
[19:27:35] 驗證 5 個即時預測...
[19:27:37] 📊 本輪: 1 新推文 | 1 預測 | 0 驗證
[19:32:40]    📡 三源抓取: CNN:50 → 合計 50 篇
[19:32:40]    沒有新推文
[事件偵測] 掃描最近 5 天的信號模式...
[事件偵測]    最近 5 天的信號:
[事件偵測]    2026-07-17: 0 篇 | T=0 D=0 R=0
[事件偵測]    2026-07-16: 0 篇 | T=0 D=0 R=0
[事件偵測]    2026-07-15: 0 篇 | T=0 D=0 R=0
[事件偵測]    2026-07-14: 0 篇 | T=0 D=0 R=0
[事件偵測]    2026-07-13: 0 篇 | T=0 D=0 R=0
[19:32:40]    事件偵測失敗: Expecting value: line 1 column 1 (char 0)
[19:32:40]    🪙 $TRUMP: $2.13 (+1.6%)
[19:32:41]    📊 Polymarket 快照: 460 個市場 (20 事件)
[19:32:41]    📊 Polymarket: 460 個市場已更新
[19:32:41] 驗證 4 個即時預測...
[19:37:45]    📡 三源抓取: CNN:50 → 合計 50 篇
[19:37:45]    沒有新推文
[事件偵測] 掃描最近 5 天的信號模式...
[事件偵測]    最近 5 天的信號:
[事件偵測]    2026-07-17: 0 篇 | T=0 D=0 R=0
[事件偵測]    2026-07-16: 0 篇 | T=0 D=0 R=0
[事件偵測]    2026-07-15: 0 篇 | T=0 D=0 R=0
[事件偵測]    2026-07-14: 0 篇 | T=0 D=0 R=0
[事件偵測]    2026-07-13: 0 篇 | T=0 D=0 R=0
[19:37:45]    事件偵測失敗: Expecting value: line 1 column 1 (char 0)
[19:37:45]    🪙 $TRUMP: $2.12 (+1.5%)
[19:37:46]    📊 Polymarket 快照: 460 個市場 (20 事件)
[19:37:46]    📊 Polymarket: 460 個市場已更新
[19:37:46] 驗證 4 個即時預測...
[19:42:51]    📡 三源抓取: CNN:50 → 合計 50 篇
[19:42:51]    沒有新推文
[事件偵測] 掃描最近 5 天的信號模式...
[事件偵測]    最近 5 天的信號:
[事件偵測]    2026-07-17: 0 篇 | T=0 D=0 R=0
[事件偵測]    2026-07-16: 0 篇 | T=0 D=0 R=0
[事件偵測]    2026-07-15: 0 篇 | T=0 D=0 R=0
[事件偵測]    2026-07-14: 0 篇 | T=0 D=0 R=0
[事件偵測]    2026-07-13: 0 篇 | T=0 D=0 R=0
[19:42:51]    事件偵測失敗: Expecting value: line 1 column 1 (char 0)
[19:42:51]    🪙 $TRUMP: $2.12 (+1.2%)
[19:42:51]    📊 Polymarket 快照: 418 個市場 (20 事件)
[19:42:51]    📊 Polymarket: 418 個市場已更新
[19:42:51] 驗證 4 個即時預測...
[19:47:57]    📡 三源抓取: CNN:50 → 合計 50 篇
[19:47:57]    沒有新推文
[事件偵測] 掃描最近 5 天的信號模式...
[事件偵測]    最近 5 天的信號:
[事件偵測]    2026-07-17: 0 篇 | T=0 D=0 R=0
[事件偵測]    2026-07-16: 0 篇 | T=0 D=0 R=0
[事件偵測]    2026-07-15: 0 篇 | T=0 D=0 R=0
[事件偵測]    2026-07-14: 0 篇 | T=0 D=0 R=0
[事件偵測]    2026-07-13: 0 篇 | T=0 D=0 R=0
[19:47:57]    事件偵測失敗: Expecting value: line 1 column 1 (char 0)
[19:47:57]    🪙 $TRUMP: $2.12 (+0.7%)
[19:47:57]    📊 Polymarket 快照: 418 個市場 (20 事件)
[19:47:57]    📊 Polymarket: 418 個市場已更新
[19:47:57] 驗證 4 個即時預測...
[19:53:04]    📡 三源抓取: CNN:50 → 合計 50 篇
[19:53:04]    沒有新推文
[事件偵測] 掃描最近 5 天的信號模式...
[事件偵測]    最近 5 天的信號:
[事件偵測]    2026-07-17: 0 篇 | T=0 D=0 R=0
[事件偵測]    2026-07-16: 0 篇 | T=0 D=0 R=0
[事件偵測]    2026-07-15: 0 篇 | T=0 D=0 R=0
[事件偵測]    2026-07-14: 0 篇 | T=0 D=0 R=0
[事件偵測]    2026-07-13: 0 篇 | T=0 D=0 R=0
[19:53:04]    事件偵測失敗: Expecting value: line 1 column 1 (char 0)
[19:53:04]    🪙 $TRUMP: $2.12 (+0.5%)
[19:53:04]    📊 Polymarket 快照: 418 個市場 (20 事件)
[19:53:04]    📊 Polymarket: 418 個市場已更新
[19:53:04] 驗證 4 個即時預測...
[19:58:09]    📡 三源抓取: CNN:50 → 合計 50 篇
[19:58:09]    沒有新推文
[事件偵測] 掃描最近 5 天的信號模式...
[事件偵測]    最近 5 天的信號:
[事件偵測]    2026-07-17: 0 篇 | T=0 D=0 R=0
[事件偵測]    2026-07-16: 0 篇 | T=0 D=0 R=0
[事件偵測]    2026-07-15: 0 篇 | T=0 D=0 R=0
[事件偵測]    2026-07-14: 0 篇 | T=0 D=0 R=0
[事件偵測]    2026-07-13: 0 篇 | T=0 D=0 R=0
[19:58:09]    事件偵測失敗: Expecting value: line 1 column 1 (char 0)
[19:58:09]    🪙 $TRUMP: $2.12 (+0.6%)
[19:58:09]    📊 Polymarket 快照: 418 個市場 (20 事件)
[19:58:09]    📊 Polymarket: 418 個市場已更新
[19:58:09] 驗證 4 個即時預測...
[20:03:14]    📡 三源抓取: CNN:50 → 合計 50 篇
[20:03:14]    沒有新推文
[事件偵測] 掃描最近 5 天的信號模式...
[事件偵測]    最近 5 天的信號:
[事件偵測]    2026-07-17: 0 篇 | T=0 D=0 R=0
[事件偵測]    2026-07-16: 0 篇 | T=0 D=0 R=0
[事件偵測]    2026-07-15: 0 篇 | T=0 D=0 R=0
[事件偵測]    2026-07-14: 0 篇 | T=0 D=0 R=0
[事件偵測]    2026-07-13: 0 篇 | T=0 D=0 R=0
[20:03:14]    事件偵測失敗: Expecting value: line 1 column 1 (char 0)
[20:03:14]    🪙 $TRUMP: $2.11 (+0.1%)
[20:03:14]    📊 Polymarket 快照: 418 個市場 (20 事件)
[20:03:14]    📊 Polymarket: 418 個市場已更新
[20:03:14] 驗證 4 個即時預測...
[20:06:35] ============================================================
[20:06:35] 🔴 川普密碼 即時閉環引擎
[20:06:35]    監控間隔: 300 秒
[20:06:35] ============================================================
[20:06:38]    📡 三源抓取: CNN:50 → 合計 50 篇
[20:06:38]    沒有新推文
[事件偵測] 掃描最近 5 天的信號模式...
[事件偵測]    最近 5 天的信號:
[事件偵測]    2026-07-17: 0 篇 | T=0 D=0 R=0
[事件偵測]    2026-07-16: 0 篇 | T=0 D=0 R=0
[事件偵測]    2026-07-15: 0 篇 | T=0 D=0 R=0
[事件偵測]    2026-07-14: 0 篇 | T=0 D=0 R=0
[事件偵測]    2026-07-13: 0 篇 | T=0 D=0 R=0
[20:06:38]    事件偵測失敗: Expecting value: line 1 column 1 (char 0)
[20:06:38]    🪙 $TRUMP: $2.11 (+0.2%)
[20:06:38]    📊 Polymarket 快照: 418 個市場 (20 事件)
[20:06:38]    📊 Polymarket: 418 個市場已更新
[20:06:38] 驗證 4 個即時預測...
[20:11:45]    📡 三源抓取: CNN:50 → 合計 50 篇
[20:11:45]    沒有新推文
[事件偵測] 掃描最近 5 天的信號模式...
[事件偵測]    最近 5 天的信號:
[事件偵測]    2026-07-17: 0 篇 | T=0 D=0 R=0
[事件偵測]    2026-07-16: 0 篇 | T=0 D=0 R=0
[事件偵測]    2026-07-15: 0 篇 | T=0 D=0 R=0
[事件偵測]    2026-07-14: 0 篇 | T=0 D=0 R=0
[事件偵測]    2026-07-13: 0 篇 | T=0 D=0 R=0
[20:11:45]    事件偵測失敗: Expecting value: line 1 column 1 (char 0)
[20:11:45]    🪙 $TRUMP: $2.11 (-0.1%)
[20:11:45]    📊 Polymarket 快照: 418 個市場 (20 事件)
[20:11:45]    📊 Polymarket: 418 個市場已更新
[20:11:45] 驗證 4 個即時預測...
[20:16:49]    📡 三源抓取: CNN:50 → 合計 50 篇
[20:16:49]    沒有新推文
[事件偵測] 掃描最近 5 天的信號模式...
[事件偵測]    最近 5 天的信號:
[事件偵測]    2026-07-17: 0 篇 | T=0 D=0 R=0
[事件偵測]    2026-07-16: 0 篇 | T=0 D=0 R=0
[事件偵測]    2026-07-15: 0 篇 | T=0 D=0 R=0
[事件偵測]    2026-07-14: 0 篇 | T=0 D=0 R=0
[事件偵測]    2026-07-13: 0 篇 | T=0 D=0 R=0
[20:16:49]    事件偵測失敗: Expecting value: line 1 column 1 (char 0)
[20:16:50]    🪙 $TRUMP: $2.11 (+0.0%)
[20:16:50]    📊 Polymarket 快照: 418 個市場 (20 事件)
[20:16:50]    📊 Polymarket: 418 個市場已更新
[20:16:50] 驗證 4 個即時預測...
[20:21:54]    📡 三源抓取: CNN:50 → 合計 50 篇
[20:21:54]    沒有新推文
[事件偵測] 掃描最近 5 天的信號模式...
[事件偵測]    最近 5 天的信號:
[事件偵測]    2026-07-17: 0 篇 | T=0 D=0 R=0
[事件偵測]    2026-07-16: 0 篇 | T=0 D=0 R=0
[事件偵測]    2026-07-15: 0 篇 | T=0 D=0 R=0
[事件偵測]    2026-07-14: 0 篇 | T=0 D=0 R=0
[事件偵測]    2026-07-13: 0 篇 | T=0 D=0 R=0
[20:21:54]    事件偵測失敗: Expecting value: line 1 column 1 (char 0)
[20:21:55]    🪙 $TRUMP: $2.11 (+0.0%)
[20:21:55]    📊 Polymarket 快照: 418 個市場 (20 事件)
[20:21:55]    📊 Polymarket: 418 個市場已更新
[20:21:55] 驗證 4 個即時預測...
[20:27:00]    📡 三源抓取: CNN:50 → 合計 50 篇
[20:27:00]    沒有新推文
[事件偵測] 掃描最近 5 天的信號模式...
[事件偵測]    最近 5 天的信號:
[事件偵測]    2026-07-17: 0 篇 | T=0 D=0 R=0
[事件偵測]    2026-07-16: 0 篇 | T=0 D=0 R=0
[事件偵測]    2026-07-15: 0 篇 | T=0 D=0 R=0
[事件偵測]    2026-07-14: 0 篇 | T=0 D=0 R=0
[事件偵測]    2026-07-13: 0 篇 | T=0 D=0 R=0
[20:27:00]    事件偵測失敗: Expecting value: line 1 column 1 (char 0)
[20:27:00]    🪙 $TRUMP: $2.11 (-0.2%)
[20:27:01]    📊 Polymarket 快照: 418 個市場 (20 事件)
[20:27:01]    📊 Polymarket: 418 個市場已更新
[20:27:01] 驗證 4 個即時預測...
[20:32:08]    📡 三源抓取: CNN:50 → 合計 50 篇
[20:32:08]    沒有新推文
[事件偵測] 掃描最近 5 天的信號模式...
[事件偵測]    最近 5 天的信號:
[事件偵測]    2026-07-17: 0 篇 | T=0 D=0 R=0
[事件偵測]    2026-07-16: 0 篇 | T=0 D=0 R=0
[事件偵測]    2026-07-15: 0 篇 | T=0 D=0 R=0
[事件偵測]    2026-07-14: 0 篇 | T=0 D=0 R=0
[事件偵測]    2026-07-13: 0 篇 | T=0 D=0 R=0
[20:32:08]    事件偵測失敗: Expecting value: line 1 column 1 (char 0)
[20:32:08]    🪙 $TRUMP: $2.11 (-0.4%)
[20:32:08]    📊 Polymarket 快照: 476 個市場 (20 事件)
[20:32:08]    📊 Polymarket: 476 個市場已更新
[20:32:08] 驗證 4 個即時預測...
[20:37:14]    📡 三源抓取: CNN:50 → 合計 50 篇
[20:37:14]    沒有新推文
[事件偵測] 掃描最近 5 天的信號模式...
[事件偵測]    最近 5 天的信號:
[事件偵測]    2026-07-17: 0 篇 | T=0 D=0 R=0
[事件偵測]    2026-07-16: 0 篇 | T=0 D=0 R=0
[事件偵測]    2026-07-15: 0 篇 | T=0 D=0 R=0
[事件偵測]    2026-07-14: 0 篇 | T=0 D=0 R=0
[事件偵測]    2026-07-13: 0 篇 | T=0 D=0 R=0
[20:37:14]    事件偵測失敗: Expecting value: line 1 column 1 (char 0)
[20:37:15]    🪙 $TRUMP: $2.11 (-0.2%)
[20:37:15]    📊 Polymarket 快照: 476 個市場 (20 事件)
[20:37:15]    📊 Polymarket: 476 個市場已更新
[20:37:15] 驗證 4 個即時預測...
[20:42:21]    📡 三源抓取: CNN:50 → 合計 50 篇
[20:42:21]    沒有新推文
[事件偵測] 掃描最近 5 天的信號模式...
[事件偵測]    最近 5 天的信號:
[事件偵測]    2026-07-17: 0 篇 | T=0 D=0 R=0
[事件偵測]    2026-07-16: 0 篇 | T=0 D=0 R=0
[事件偵測]    2026-07-15: 0 篇 | T=0 D=0 R=0
[事件偵測]    2026-07-14: 0 篇 | T=0 D=0 R=0
[事件偵測]    2026-07-13: 0 篇 | T=0 D=0 R=0
[20:42:21]    事件偵測失敗: Expecting value: line 1 column 1 (char 0)
[20:42:21]    🪙 $TRUMP: $2.11 (-0.7%)
[20:42:22]    📊 Polymarket 快照: 476 個市場 (20 事件)
[20:42:22]    📊 Polymarket: 476 個市場已更新
[20:42:22] 驗證 4 個即時預測...
[20:47:27]    📡 三源抓取: CNN:50 → 合計 50 篇
[20:47:27]    沒有新推文
[事件偵測] 掃描最近 5 天的信號模式...
[事件偵測]    最近 5 天的信號:
[事件偵測]    2026-07-17: 0 篇 | T=0 D=0 R=0
[事件偵測]    2026-07-16: 0 篇 | T=0 D=0 R=0
[事件偵測]    2026-07-15: 0 篇 | T=0 D=0 R=0
[事件偵測]    2026-07-14: 0 篇 | T=0 D=0 R=0
[事件偵測]    2026-07-13: 0 篇 | T=0 D=0 R=0
[20:47:27]    事件偵測失敗: Expecting value: line 1 column 1 (char 0)
[20:47:27]    🪙 $TRUMP: $2.08 (-1.6%)
[20:47:27]    📊 Polymarket 快照: 420 個市場 (20 事件)
[20:47:27]    📊 Polymarket: 420 個市場已更新
[20:47:27] 驗證 4 個即時預測...
[20:52:33]    📡 三源抓取: CNN:50 → 合計 50 篇
[20:52:33]    沒有新推文
[事件偵測] 掃描最近 5 天的信號模式...
[事件偵測]    最近 5 天的信號:
[事件偵測]    2026-07-17: 0 篇 | T=0 D=0 R=0
[事件偵測]    2026-07-16: 0 篇 | T=0 D=0 R=0
[事件偵測]    2026-07-15: 0 篇 | T=0 D=0 R=0
[事件偵測]    2026-07-14: 0 篇 | T=0 D=0 R=0
[事件偵測]    2026-07-13: 0 篇 | T=0 D=0 R=0
[20:52:33]    事件偵測失敗: Expecting value: line 1 column 1 (char 0)
[20:52:33]    🪙 $TRUMP: $2.08 (-1.6%)
[20:52:33]    📊 Polymarket 快照: 420 個市場 (20 事件)
[20:52:33]    📊 Polymarket: 420 個市場已更新
[20:52:34] 驗證 4 個即時預測...
[20:57:39]    📡 三源抓取: CNN:50 → 合計 50 篇
[20:57:39]    沒有新推文
[事件偵測] 掃描最近 5 天的信號模式...
[事件偵測]    最近 5 天的信號:
[事件偵測]    2026-07-17: 0 篇 | T=0 D=0 R=0
[事件偵測]    2026-07-16: 0 篇 | T=0 D=0 R=0
[事件偵測]    2026-07-15: 0 篇 | T=0 D=0 R=0
[事件偵測]    2026-07-14: 0 篇 | T=0 D=0 R=0
[事件偵測]    2026-07-13: 0 篇 | T=0 D=0 R=0
[20:57:39]    事件偵測失敗: Expecting value: line 1 column 1 (char 0)
[20:57:39]    🪙 $TRUMP: $2.09 (-0.8%)
[20:57:40]    📊 Polymarket 快照: 420 個市場 (20 事件)
[20:57:40]    📊 Polymarket: 420 個市場已更新
[20:57:40] 驗證 4 個即時預測...
[21:02:44]    📡 三源抓取: CNN:50 → 合計 50 篇
[21:02:44]    沒有新推文
[事件偵測] 掃描最近 5 天的信號模式...
[事件偵測]    最近 5 天的信號:
[事件偵測]    2026-07-17: 0 篇 | T=0 D=0 R=0
[事件偵測]    2026-07-16: 0 篇 | T=0 D=0 R=0
[事件偵測]    2026-07-15: 0 篇 | T=0 D=0 R=0
[事件偵測]    2026-07-14: 0 篇 | T=0 D=0 R=0
[事件偵測]    2026-07-13: 0 篇 | T=0 D=0 R=0
[21:02:44]    事件偵測失敗: Expecting value: line 1 column 1 (char 0)
[21:02:44]    🪙 $TRUMP: $2.09 (-0.7%)
[21:02:44]    📊 Polymarket 快照: 420 個市場 (20 事件)
[21:02:44]    📊 Polymarket: 420 個市場已更新
[21:02:44] 驗證 4 個即時預測...
[21:07:49]    📡 三源抓取: CNN:50 → 合計 50 篇
[21:07:49]    沒有新推文
[事件偵測] 掃描最近 5 天的信號模式...
[事件偵測]    最近 5 天的信號:
[事件偵測]    2026-07-17: 0 篇 | T=0 D=0 R=0
[事件偵測]    2026-07-16: 0 篇 | T=0 D=0 R=0
[事件偵測]    2026-07-15: 0 篇 | T=0 D=0 R=0
[事件偵測]    2026-07-14: 0 篇 | T=0 D=0 R=0
[事件偵測]    2026-07-13: 0 篇 | T=0 D=0 R=0
[21:07:49]    事件偵測失敗: Expecting value: line 1 column 1 (char 0)
[21:07:49]    🪙 $TRUMP: $2.10 (+0.3%)
[21:07:49]    📊 Polymarket 快照: 420 個市場 (20 事件)
[21:07:49]    📊 Polymarket: 420 個市場已更新
[21:07:49] 驗證 4 個即時預測...
[21:12:54]    📡 三源抓取: CNN:50 → 合計 50 篇
[21:12:54]    沒有新推文
[事件偵測] 掃描最近 5 天的信號模式...
[事件偵測]    最近 5 天的信號:
[事件偵測]    2026-07-17: 0 篇 | T=0 D=0 R=0
[事件偵測]    2026-07-16: 0 篇 | T=0 D=0 R=0
[事件偵測]    2026-07-15: 0 篇 | T=0 D=0 R=0
[事件偵測]    2026-07-14: 0 篇 | T=0 D=0 R=0
[事件偵測]    2026-07-13: 0 篇 | T=0 D=0 R=0
[21:12:54]    事件偵測失敗: Expecting value: line 1 column 1 (char 0)
[21:12:55]    🪙 $TRUMP: $2.10 (+0.3%)
[21:12:55]    📊 Polymarket 快照: 420 個市場 (20 事件)
[21:12:55]    📊 Polymarket: 420 個市場已更新
[21:12:55] 驗證 4 個即時預測...
[21:18:00]    📡 三源抓取: CNN:50 → 合計 50 篇
[21:18:00]    沒有新推文
[事件偵測] 掃描最近 5 天的信號模式...
[事件偵測]    最近 5 天的信號:
[事件偵測]    2026-07-17: 0 篇 | T=0 D=0 R=0
[事件偵測]    2026-07-16: 0 篇 | T=0 D=0 R=0
[事件偵測]    2026-07-15: 0 篇 | T=0 D=0 R=0
[事件偵測]    2026-07-14: 0 篇 | T=0 D=0 R=0
[事件偵測]    2026-07-13: 0 篇 | T=0 D=0 R=0
[21:18:00]    事件偵測失敗: Expecting value: line 1 column 1 (char 0)
[21:18:00]    🪙 $TRUMP: $2.10 (+0.5%)
[21:18:00]    📊 Polymarket 快照: 420 個市場 (20 事件)
[21:18:00]    📊 Polymarket: 420 個市場已更新
[21:18:00] 驗證 4 個即時預測...
[21:23:07]    📡 三源抓取: CNN:50 → 合計 50 篇
[21:23:07]    沒有新推文
[事件偵測] 掃描最近 5 天的信號模式...
[事件偵測]    最近 5 天的信號:
[事件偵測]    2026-07-17: 0 篇 | T=0 D=0 R=0
[事件偵測]    2026-07-16: 0 篇 | T=0 D=0 R=0
[事件偵測]    2026-07-15: 0 篇 | T=0 D=0 R=0
[事件偵測]    2026-07-14: 0 篇 | T=0 D=0 R=0
[事件偵測]    2026-07-13: 0 篇 | T=0 D=0 R=0
[21:23:07]    事件偵測失敗: Expecting value: line 1 column 1 (char 0)
[21:23:07]    🪙 $TRUMP: $2.10 (+0.6%)
[21:23:08]    📊 Polymarket 快照: 420 個市場 (20 事件)
[21:23:08]    📊 Polymarket: 420 個市場已更新
[21:23:08] 驗證 4 個即時預測...
[21:28:14]    📡 三源抓取: CNN:50 → 合計 50 篇
[21:28:14]    沒有新推文
[事件偵測] 掃描最近 5 天的信號模式...
[事件偵測]    最近 5 天的信號:
[事件偵測]    2026-07-17: 0 篇 | T=0 D=0 R=0
[事件偵測]    2026-07-16: 0 篇 | T=0 D=0 R=0
[事件偵測]    2026-07-15: 0 篇 | T=0 D=0 R=0
[事件偵測]    2026-07-14: 0 篇 | T=0 D=0 R=0
[事件偵測]    2026-07-13: 0 篇 | T=0 D=0 R=0
[21:28:14]    事件偵測失敗: Expecting value: line 1 column 1 (char 0)
[21:28:14]    🪙 $TRUMP: $2.11 (+0.9%)
[21:28:14]    📊 Polymarket 快照: 420 個市場 (20 事件)
[21:28:14]    📊 Polymarket: 420 個市場已更新
[21:28:14] 驗證 4 個即時預測...
[21:33:20]    📡 三源抓取: CNN:50 → 合計 50 篇
[21:33:20]    沒有新推文
[事件偵測] 掃描最近 5 天的信號模式...
[事件偵測]    最近 5 天的信號:
[事件偵測]    2026-07-17: 0 篇 | T=0 D=0 R=0
[事件偵測]    2026-07-16: 0 篇 | T=0 D=0 R=0
[事件偵測]    2026-07-15: 0 篇 | T=0 D=0 R=0
[事件偵測]    2026-07-14: 0 篇 | T=0 D=0 R=0
[事件偵測]    2026-07-13: 0 篇 | T=0 D=0 R=0
[21:33:20]    事件偵測失敗: Expecting value: line 1 column 1 (char 0)
[21:33:21]    🪙 $TRUMP: $2.11 (+1.0%)
[21:33:21]    📊 Polymarket 快照: 476 個市場 (20 事件)
[21:33:21]    📊 Polymarket: 476 個市場已更新
[21:33:21] 驗證 4 個即時預測...
[21:38:28]    📡 三源抓取: CNN:50 → 合計 50 篇
[21:38:28]    沒有新推文
[事件偵測] 掃描最近 5 天的信號模式...
[事件偵測]    最近 5 天的信號:
[事件偵測]    2026-07-17: 0 篇 | T=0 D=0 R=0
[事件偵測]    2026-07-16: 0 篇 | T=0 D=0 R=0
[事件偵測]    2026-07-15: 0 篇 | T=0 D=0 R=0
[事件偵測]    2026-07-14: 0 篇 | T=0 D=0 R=0
[事件偵測]    2026-07-13: 0 篇 | T=0 D=0 R=0
[21:38:28]    事件偵測失敗: Expecting value: line 1 column 1 (char 0)
[21:38:28]    🪙 $TRUMP: $2.11 (+1.2%)
[21:38:28]    📊 Polymarket 快照: 476 個市場 (20 事件)
[21:38:28]    📊 Polymarket: 476 個市場已更新
[21:38:28] 驗證 4 個即時預測...
[21:43:33]    📡 三源抓取: CNN:50 → 合計 50 篇
[21:43:33]    沒有新推文
[事件偵測] 掃描最近 5 天的信號模式...
[事件偵測]    最近 5 天的信號:
[事件偵測]    2026-07-17: 0 篇 | T=0 D=0 R=0
[事件偵測]    2026-07-16: 0 篇 | T=0 D=0 R=0
[事件偵測]    2026-07-15: 0 篇 | T=0 D=0 R=0
[事件偵測]    2026-07-14: 0 篇 | T=0 D=0 R=0
[事件偵測]    2026-07-13: 0 篇 | T=0 D=0 R=0
[21:43:33]    事件偵測失敗: Expecting value: line 1 column 1 (char 0)
[21:43:33]    🪙 $TRUMP: $2.11 (+0.8%)
[21:43:34]    📊 Polymarket 快照: 476 個市場 (20 事件)
[21:43:34]    📊 Polymarket: 476 個市場已更新
[21:43:34] 驗證 4 個即時預測...
[21:48:38]    📡 三源抓取: CNN:50 → 合計 50 篇
[21:48:38]    沒有新推文
[事件偵測] 掃描最近 5 天的信號模式...
[事件偵測]    最近 5 天的信號:
[事件偵測]    2026-07-17: 0 篇 | T=0 D=0 R=0
[事件偵測]    2026-07-16: 0 篇 | T=0 D=0 R=0
[事件偵測]    2026-07-15: 0 篇 | T=0 D=0 R=0
[事件偵測]    2026-07-14: 0 篇 | T=0 D=0 R=0
[事件偵測]    2026-07-13: 0 篇 | T=0 D=0 R=0
[21:48:38]    事件偵測失敗: Expecting value: line 1 column 1 (char 0)
[21:48:39]    🪙 $TRUMP: $2.10 (+0.8%)
[21:48:39]    📊 Polymarket 快照: 476 個市場 (20 事件)
[21:48:39]    📊 Polymarket: 476 個市場已更新
[21:48:39] 驗證 4 個即時預測...
[21:53:44]    📡 三源抓取: CNN:50 → 合計 50 篇
[21:53:44] 🆕 偵測到 1 篇新推文！
[21:53:45]    📥 寫入 1 篇新推文到 trump_posts_all.json（總計 46176 篇）
[21:53:45]    📊 Polymarket 快照: 476 個市場 (20 事件)
[21:53:45]    🪙 $TRUMP: $2.10 (+0.8%)
[21:53:45]    📝 [21:47] https://www.washingtonpost.com/politics/2026/09/23/after-publicly-criticizing-tr...
[21:53:45]    🚀拉盤 劇本觸發: 他閉嘴（什麼都沒講）
[21:53:45]       歷史: +0.409% | 建議: LONG — 沉默是金
[事件偵測] 掃描最近 5 天的信號模式...
[事件偵測]    最近 5 天的信號:
[事件偵測]    2026-07-17: 0 篇 | T=0 D=0 R=0
[事件偵測]    2026-07-16: 0 篇 | T=0 D=0 R=0
[事件偵測]    2026-07-15: 0 篇 | T=0 D=0 R=0
[事件偵測]    2026-07-14: 0 篇 | T=0 D=0 R=0
[事件偵測]    2026-07-13: 0 篇 | T=0 D=0 R=0
[21:53:45]    事件偵測失敗: Expecting value: line 1 column 1 (char 0)
[21:53:45]    🪙 $TRUMP: $2.10 (+0.8%)
[21:53:45]    📊 Polymarket 快照: 476 個市場 (20 事件)
[21:53:45]    📊 Polymarket: 476 個市場已更新
[21:53:45] 驗證 4 個即時預測...
[21:53:47] 📊 本輪: 1 新推文 | 0 預測 | 0 驗證
[21:58:50]    📡 三源抓取: CNN:50 → 合計 50 篇
[21:58:50]    沒有新推文
[事件偵測] 掃描最近 5 天的信號模式...
[事件偵測]    最近 5 天的信號:
[事件偵測]    2026-07-17: 0 篇 | T=0 D=0 R=0
[事件偵測]    2026-07-16: 0 篇 | T=0 D=0 R=0
[事件偵測]    2026-07-15: 0 篇 | T=0 D=0 R=0
[事件偵測]    2026-07-14: 0 篇 | T=0 D=0 R=0
[事件偵測]    2026-07-13: 0 篇 | T=0 D=0 R=0
[21:58:50]    事件偵測失敗: Expecting value: line 1 column 1 (char 0)
[21:58:51]    🪙 $TRUMP: $2.10 (+0.8%)
[21:58:51]    📊 Polymarket 快照: 476 個市場 (20 事件)
[21:58:51]    📊 Polymarket: 476 個市場已更新
[21:58:51] 驗證 4 個即時預測...
[22:03:56]    📡 三源抓取: CNN:50 → 合計 50 篇
[22:03:56]    沒有新推文
[事件偵測] 掃描最近 5 天的信號模式...
[事件偵測]    最近 5 天的信號:
[事件偵測]    2026-07-17: 0 篇 | T=0 D=0 R=0
[事件偵測]    2026-07-16: 0 篇 | T=0 D=0 R=0
[事件偵測]    2026-07-15: 0 篇 | T=0 D=0 R=0
[事件偵測]    2026-07-14: 0 篇 | T=0 D=0 R=0
[事件偵測]    2026-07-13: 0 篇 | T=0 D=0 R=0
[22:03:56]    事件偵測失敗: Expecting value: line 1 column 1 (char 0)
[22:03:56]    🪙 $TRUMP: $2.11 (+1.1%)
[22:03:56]    📊 Polymarket 快照: 430 個市場 (20 事件)
[22:03:56]    📊 Polymarket: 430 個市場已更新
[22:03:56] 驗證 4 個即時預測...
[22:09:01]    📡 三源抓取: CNN:50 → 合計 50 篇
[22:09:01]    沒有新推文
[事件偵測] 掃描最近 5 天的信號模式...
[事件偵測]    最近 5 天的信號:
[事件偵測]    2026-07-17: 0 篇 | T=0 D=0 R=0
[事件偵測]    2026-07-16: 0 篇 | T=0 D=0 R=0
[事件偵測]    2026-07-15: 0 篇 | T=0 D=0 R=0
[事件偵測]    2026-07-14: 0 篇 | T=0 D=0 R=0
[事件偵測]    2026-07-13: 0 篇 | T=0 D=0 R=0
[22:09:01]    事件偵測失敗: Expecting value: line 1 column 1 (char 0)
[22:09:02]    🪙 $TRUMP: $2.11 (+0.8%)
[22:09:02]    📊 Polymarket 快照: 430 個市場 (20 事件)
[22:09:02]    📊 Polymarket: 430 個市場已更新
[22:09:02] 驗證 4 個即時預測...
[22:14:07]    📡 三源抓取: CNN:50 → 合計 50 篇
[22:14:07]    沒有新推文
[事件偵測] 掃描最近 5 天的信號模式...
[事件偵測]    最近 5 天的信號:
[事件偵測]    2026-07-17: 0 篇 | T=0 D=0 R=0
[事件偵測]    2026-07-16: 0 篇 | T=0 D=0 R=0
[事件偵測]    2026-07-15: 0 篇 | T=0 D=0 R=0
[事件偵測]    2026-07-14: 0 篇 | T=0 D=0 R=0
[事件偵測]    2026-07-13: 0 篇 | T=0 D=0 R=0
[22:14:07]    事件偵測失敗: Expecting value: line 1 column 1 (char 0)
[22:14:07]    🪙 $TRUMP: $2.11 (+0.8%)
[22:14:07]    📊 Polymarket 快照: 430 個市場 (20 事件)
[22:14:07]    📊 Polymarket: 430 個市場已更新
[22:14:07] 驗證 4 個即時預測...
[22:19:12]    📡 三源抓取: CNN:50 → 合計 50 篇
[22:19:12]    沒有新推文
[事件偵測] 掃描最近 5 天的信號模式...
[事件偵測]    最近 5 天的信號:
[事件偵測]    2026-07-17: 0 篇 | T=0 D=0 R=0
[事件偵測]    2026-07-16: 0 篇 | T=0 D=0 R=0
[事件偵測]    2026-07-15: 0 篇 | T=0 D=0 R=0
[事件偵測]    2026-07-14: 0 篇 | T=0 D=0 R=0
[事件偵測]    2026-07-13: 0 篇 | T=0 D=0 R=0
[22:19:12]    事件偵測失敗: Expecting value: line 1 column 1 (char 0)
[22:19:12]    🪙 $TRUMP: $2.12 (+0.7%)
[22:19:13]    📊 Polymarket 快照: 430 個市場 (20 事件)
[22:19:13]    📊 Polymarket: 430 個市場已更新
[22:19:13] 驗證 4 個即時預測...
[22:24:18]    📡 三源抓取: CNN:50 → 合計 50 篇
[22:24:18]    沒有新推文
[事件偵測] 掃描最近 5 天的信號模式...
[事件偵測]    最近 5 天的信號:
[事件偵測]    2026-07-17: 0 篇 | T=0 D=0 R=0
[事件偵測]    2026-07-16: 0 篇 | T=0 D=0 R=0
[事件偵測]    2026-07-15: 0 篇 | T=0 D=0 R=0
[事件偵測]    2026-07-14: 0 篇 | T=0 D=0 R=0
[事件偵測]    2026-07-13: 0 篇 | T=0 D=0 R=0
[22:24:18]    事件偵測失敗: Expecting value: line 1 column 1 (char 0)
[22:24:18]    🪙 $TRUMP: $2.11 (+0.2%)
[22:24:18]    📊 Polymarket 快照: 430 個市場 (20 事件)
[22:24:18]    📊 Polymarket: 430 個市場已更新
[22:24:18] 驗證 4 個即時預測...
[22:29:23]    📡 三源抓取: CNN:50 → 合計 50 篇
[22:29:23]    沒有新推文
[事件偵測] 掃描最近 5 天的信號模式...
[事件偵測]    最近 5 天的信號:
[事件偵測]    2026-07-17: 0 篇 | T=0 D=0 R=0
[事件偵測]    2026-07-16: 0 篇 | T=0 D=0 R=0
[事件偵測]    2026-07-15: 0 篇 | T=0 D=0 R=0
[事件偵測]    2026-07-14: 0 篇 | T=0 D=0 R=0
[事件偵測]    2026-07-13: 0 篇 | T=0 D=0 R=0
[22:29:23]    事件偵測失敗: Expecting value: line 1 column 1 (char 0)
[22:29:23]    🪙 $TRUMP: $2.11 (+0.3%)
[22:29:23]    📊 Polymarket 快照: 430 個市場 (20 事件)
[22:29:23]    📊 Polymarket: 430 個市場已更新
[22:29:23] 驗證 4 個即時預測...
[22:34:29]    📡 三源抓取: CNN:50 → 合計 50 篇
[22:34:29] 🆕 偵測到 1 篇新推文！
[22:34:30]    📥 寫入 1 篇新推文到 trump_posts_all.json（總計 46177 篇）
[22:34:30]    📊 Polymarket 快照: 430 個市場 (20 事件)
[22:34:30]    🪙 $TRUMP: $2.11 (+0.0%)
[22:34:30]    📝 [22:27] A 5000 Dollar Dividend to all adults if Republicans WIN! Dumocrats can't do this...
[22:34:30]    🚀拉盤 劇本觸發: 他閉嘴（什麼都沒講）
[22:34:30]       歷史: +0.409% | 建議: LONG — 沉默是金
[事件偵測] 掃描最近 5 天的信號模式...
[事件偵測]    最近 5 天的信號:
[事件偵測]    2026-07-17: 0 篇 | T=0 D=0 R=0
[事件偵測]    2026-07-16: 0 篇 | T=0 D=0 R=0
[事件偵測]    2026-07-15: 0 篇 | T=0 D=0 R=0
[事件偵測]    2026-07-14: 0 篇 | T=0 D=0 R=0
[事件偵測]    2026-07-13: 0 篇 | T=0 D=0 R=0
[22:34:30]    事件偵測失敗: Expecting value: line 1 column 1 (char 0)
[22:34:30]    🪙 $TRUMP: $2.11 (+0.0%)
[22:34:31]    📊 Polymarket 快照: 430 個市場 (20 事件)
[22:34:31]    📊 Polymarket: 430 個市場已更新
[22:34:31] 驗證 4 個即時預測...
[22:34:32] 📊 本輪: 1 新推文 | 0 預測 | 0 驗證
[22:39:36]    📡 三源抓取: CNN:50 → 合計 50 篇
[22:39:36]    沒有新推文
[事件偵測] 掃描最近 5 天的信號模式...
[事件偵測]    最近 5 天的信號:
[事件偵測]    2026-07-17: 0 篇 | T=0 D=0 R=0
[事件偵測]    2026-07-16: 0 篇 | T=0 D=0 R=0
[事件偵測]    2026-07-15: 0 篇 | T=0 D=0 R=0
[事件偵測]    2026-07-14: 0 篇 | T=0 D=0 R=0
[事件偵測]    2026-07-13: 0 篇 | T=0 D=0 R=0
[22:39:36]    事件偵測失敗: Expecting value: line 1 column 1 (char 0)
[22:39:36]    🪙 $TRUMP: $2.11 (-0.3%)
[22:39:36]    📊 Polymarket 快照: 430 個市場 (20 事件)
[22:39:36]    📊 Polymarket: 430 個市場已更新
[22:39:36] 驗證 4 個即時預測...
[22:44:41]    📡 三源抓取: CNN:50 → 合計 50 篇
[22:44:41]    沒有新推文
[事件偵測] 掃描最近 5 天的信號模式...
[事件偵測]    最近 5 天的信號:
[事件偵測]    2026-07-17: 0 篇 | T=0 D=0 R=0
[事件偵測]    2026-07-16: 0 篇 | T=0 D=0 R=0
[事件偵測]    2026-07-15: 0 篇 | T=0 D=0 R=0
[事件偵測]    2026-07-14: 0 篇 | T=0 D=0 R=0
[事件偵測]    2026-07-13: 0 篇 | T=0 D=0 R=0
[22:44:41]    事件偵測失敗: Expecting value: line 1 column 1 (char 0)
[22:44:41]    🪙 $TRUMP: $2.11 (-0.6%)
[22:44:41]    📊 Polymarket 快照: 490 個市場 (20 事件)
[22:44:41]    📊 Polymarket: 490 個市場已更新
[22:44:41] 驗證 4 個即時預測...
[22:49:46]    📡 三源抓取: CNN:50 → 合計 50 篇
[22:49:46]    沒有新推文
[事件偵測] 掃描最近 5 天的信號模式...
[事件偵測]    最近 5 天的信號:
[事件偵測]    2026-07-17: 0 篇 | T=0 D=0 R=0
[事件偵測]    2026-07-16: 0 篇 | T=0 D=0 R=0
[事件偵測]    2026-07-15: 0 篇 | T=0 D=0 R=0
[事件偵測]    2026-07-14: 0 篇 | T=0 D=0 R=0
[事件偵測]    2026-07-13: 0 篇 | T=0 D=0 R=0
[22:49:46]    事件偵測失敗: Expecting value: line 1 column 1 (char 0)
[22:49:46]    🪙 $TRUMP: $2.11 (-0.6%)
[22:49:47]    📊 Polymarket 快照: 490 個市場 (20 事件)
[22:49:47]    📊 Polymarket: 490 個市場已更新
[22:49:47] 驗證 4 個即時預測...
[22:54:51]    📡 三源抓取: CNN:50 → 合計 50 篇
[22:54:51]    沒有新推文
[事件偵測] 掃描最近 5 天的信號模式...
[事件偵測]    最近 5 天的信號:
[事件偵測]    2026-07-17: 0 篇 | T=0 D=0 R=0
[事件偵測]    2026-07-16: 0 篇 | T=0 D=0 R=0
[事件偵測]    2026-07-15: 0 篇 | T=0 D=0 R=0
[事件偵測]    2026-07-14: 0 篇 | T=0 D=0 R=0
[事件偵測]    2026-07-13: 0 篇 | T=0 D=0 R=0
[22:54:51]    事件偵測失敗: Expecting value: line 1 column 1 (char 0)
[22:54:52]    🪙 $TRUMP: $2.11 (-0.5%)
[22:54:52]    📊 Polymarket 快照: 490 個市場 (20 事件)
[22:54:52]    📊 Polymarket: 490 個市場已更新
[22:54:52] 驗證 4 個即時預測...
[22:59:57]    📡 三源抓取: CNN:50 → 合計 50 篇
[22:59:57]    沒有新推文
[事件偵測] 掃描最近 5 天的信號模式...
[事件偵測]    最近 5 天的信號:
[事件偵測]    2026-07-17: 0 篇 | T=0 D=0 R=0
[事件偵測]    2026-07-16: 0 篇 | T=0 D=0 R=0
[事件偵測]    2026-07-15: 0 篇 | T=0 D=0 R=0
[事件偵測]    2026-07-14: 0 篇 | T=0 D=0 R=0
[事件偵測]    2026-07-13: 0 篇 | T=0 D=0 R=0
[22:59:57]    事件偵測失敗: Expecting value: line 1 column 1 (char 0)
[22:59:57]    🪙 $TRUMP: $2.11 (-1.1%)
[22:59:57]    📊 Polymarket 快照: 434 個市場 (20 事件)
[22:59:57]    📊 Polymarket: 434 個市場已更新
[22:59:57] 驗證 4 個即時預測...
[23:05:04]    📡 三源抓取: CNN:50 → 合計 50 篇
[23:05:04]    沒有新推文
[事件偵測] 掃描最近 5 天的信號模式...
[事件偵測]    最近 5 天的信號:
[事件偵測]    2026-07-17: 0 篇 | T=0 D=0 R=0
[事件偵測]    2026-07-16: 0 篇 | T=0 D=0 R=0
[事件偵測]    2026-07-15: 0 篇 | T=0 D=0 R=0
[事件偵測]    2026-07-14: 0 篇 | T=0 D=0 R=0
[事件偵測]    2026-07-13: 0 篇 | T=0 D=0 R=0
[23:05:04]    事件偵測失敗: Expecting value: line 1 column 1 (char 0)
[23:05:04]    🪙 $TRUMP: $2.11 (-1.0%)
[23:05:04]    📊 Polymarket 快照: 434 個市場 (20 事件)
[23:05:04]    📊 Polymarket: 434 個市場已更新
[23:05:04] 驗證 4 個即時預測...
[23:10:09]    📡 三源抓取: CNN:50 → 合計 50 篇
[23:10:09]    沒有新推文
[事件偵測] 掃描最近 5 天的信號模式...
[事件偵測]    最近 5 天的信號:
[事件偵測]    2026-07-17: 0 篇 | T=0 D=0 R=0
[事件偵測]    2026-07-16: 0 篇 | T=0 D=0 R=0
[事件偵測]    2026-07-15: 0 篇 | T=0 D=0 R=0
[事件偵測]    2026-07-14: 0 篇 | T=0 D=0 R=0
[事件偵測]    2026-07-13: 0 篇 | T=0 D=0 R=0
[23:10:09]    事件偵測失敗: Expecting value: line 1 column 1 (char 0)
[23:10:09]    🪙 $TRUMP: $2.11 (-0.6%)
[23:10:09]    📊 Polymarket 快照: 434 個市場 (20 事件)
[23:10:09]    📊 Polymarket: 434 個市場已更新
[23:10:09] 驗證 4 個即時預測...
[23:15:14]    📡 三源抓取: CNN:50 → 合計 50 篇
[23:15:14]    沒有新推文
[事件偵測] 掃描最近 5 天的信號模式...
[事件偵測]    最近 5 天的信號:
[事件偵測]    2026-07-17: 0 篇 | T=0 D=0 R=0
[事件偵測]    2026-07-16: 0 篇 | T=0 D=0 R=0
[事件偵測]    2026-07-15: 0 篇 | T=0 D=0 R=0
[事件偵測]    2026-07-14: 0 篇 | T=0 D=0 R=0
[事件偵測]    2026-07-13: 0 篇 | T=0 D=0 R=0
[23:15:14]    事件偵測失敗: Expecting value: line 1 column 1 (char 0)
[23:15:14]    🪙 $TRUMP: $2.11 (-0.3%)
[23:15:14]    📊 Polymarket 快照: 434 個市場 (20 事件)
[23:15:14]    📊 Polymarket: 434 個市場已更新
[23:15:14] 驗證 4 個即時預測...
[23:20:19]    📡 三源抓取: CNN:50 → 合計 50 篇
[23:20:19]    沒有新推文
[事件偵測] 掃描最近 5 天的信號模式...
[事件偵測]    最近 5 天的信號:
[事件偵測]    2026-07-17: 0 篇 | T=0 D=0 R=0
[事件偵測]    2026-07-16: 0 篇 | T=0 D=0 R=0
[事件偵測]    2026-07-15: 0 篇 | T=0 D=0 R=0
[事件偵測]    2026-07-14: 0 篇 | T=0 D=0 R=0
[事件偵測]    2026-07-13: 0 篇 | T=0 D=0 R=0
[23:20:19]    事件偵測失敗: Expecting value: line 1 column 1 (char 0)
[23:20:19]    🪙 $TRUMP: $2.12 (-0.3%)
[23:20:19]    📊 Polymarket 快照: 434 個市場 (20 事件)
[23:20:19]    📊 Polymarket: 434 個市場已更新
[23:20:19] 驗證 4 個即時預測...
[23:25:24]    📡 三源抓取: CNN:50 → 合計 50 篇
[23:25:24]    沒有新推文
[事件偵測] 掃描最近 5 天的信號模式...
[事件偵測]    最近 5 天的信號:
[事件偵測]    2026-07-17: 0 篇 | T=0 D=0 R=0
[事件偵測]    2026-07-16: 0 篇 | T=0 D=0 R=0
[事件偵測]    2026-07-15: 0 篇 | T=0 D=0 R=0
[事件偵測]    2026-07-14: 0 篇 | T=0 D=0 R=0
[事件偵測]    2026-07-13: 0 篇 | T=0 D=0 R=0
[23:25:24]    事件偵測失敗: Expecting value: line 1 column 1 (char 0)
[23:25:24]    🪙 $TRUMP: $2.12 (-0.2%)
[23:25:24]    📊 Polymarket 快照: 434 個市場 (20 事件)
[23:25:24]    📊 Polymarket: 434 個市場已更新
[23:25:24] 驗證 4 個即時預測...
[23:30:29]    📡 三源抓取: CNN:50 → 合計 50 篇
[23:30:29]    沒有新推文
[事件偵測] 掃描最近 5 天的信號模式...
[事件偵測]    最近 5 天的信號:
[事件偵測]    2026-07-17: 0 篇 | T=0 D=0 R=0
[事件偵測]    2026-07-16: 0 篇 | T=0 D=0 R=0
[事件偵測]    2026-07-15: 0 篇 | T=0 D=0 R=0
[事件偵測]    2026-07-14: 0 篇 | T=0 D=0 R=0
[事件偵測]    2026-07-13: 0 篇 | T=0 D=0 R=0
[23:30:29]    事件偵測失敗: Expecting value: line 1 column 1 (char 0)
[23:30:29]    🪙 $TRUMP: $2.12 (-0.2%)
[23:30:29]    📊 Polymarket 快照: 434 個市場 (20 事件)
[23:30:29]    📊 Polymarket: 434 個市場已更新
[23:30:29] 驗證 4 個即時預測...
[23:35:34]    📡 三源抓取: CNN:50 → 合計 50 篇
[23:35:34]    沒有新推文
[事件偵測] 掃描最近 5 天的信號模式...
[事件偵測]    最近 5 天的信號:
[事件偵測]    2026-07-17: 0 篇 | T=0 D=0 R=0
[事件偵測]    2026-07-16: 0 篇 | T=0 D=0 R=0
[事件偵測]    2026-07-15: 0 篇 | T=0 D=0 R=0
[事件偵測]    2026-07-14: 0 篇 | T=0 D=0 R=0
[事件偵測]    2026-07-13: 0 篇 | T=0 D=0 R=0
[23:35:34]    事件偵測失敗: Expecting value: line 1 column 1 (char 0)
[23:35:35]    🪙 $TRUMP: $2.12 (-0.1%)
[23:35:35]    📊 Polymarket 快照: 434 個市場 (20 事件)
[23:35:35]    📊 Polymarket: 434 個市場已更新
[23:35:35] 驗證 4 個即時預測...
[23:40:40]    📡 三源抓取: CNN:50 → 合計 50 篇
[23:40:40]    沒有新推文
[事件偵測] 掃描最近 5 天的信號模式...
[事件偵測]    最近 5 天的信號:
[事件偵測]    2026-07-17: 0 篇 | T=0 D=0 R=0
[事件偵測]    2026-07-16: 0 篇 | T=0 D=0 R=0
[事件偵測]    2026-07-15: 0 篇 | T=0 D=0 R=0
[事件偵測]    2026-07-14: 0 篇 | T=0 D=0 R=0
[事件偵測]    2026-07-13: 0 篇 | T=0 D=0 R=0
[23:40:40]    事件偵測失敗: Expecting value: line 1 column 1 (char 0)
[23:40:40]    🪙 $TRUMP: $2.12 (-0.2%)
[23:40:40]    📊 Polymarket 快照: 434 個市場 (20 事件)
[23:40:40]    📊 Polymarket: 434 個市場已更新
[23:40:40] 驗證 4 個即時預測...
[23:45:44]    📡 三源抓取: CNN:50 → 合計 50 篇
[23:45:44]    沒有新推文
[事件偵測] 掃描最近 5 天的信號模式...
[事件偵測]    最近 5 天的信號:
[事件偵測]    2026-07-17: 0 篇 | T=0 D=0 R=0
[事件偵測]    2026-07-16: 0 篇 | T=0 D=0 R=0
[事件偵測]    2026-07-15: 0 篇 | T=0 D=0 R=0
[事件偵測]    2026-07-14: 0 篇 | T=0 D=0 R=0
[事件偵測]    2026-07-13: 0 篇 | T=0 D=0 R=0
[23:45:44]    事件偵測失敗: Expecting value: line 1 column 1 (char 0)
[23:45:45]    🪙 $TRUMP: $2.11 (-0.3%)
[23:45:45]    📊 Polymarket 快照: 434 個市場 (20 事件)
[23:45:45]    📊 Polymarket: 434 個市場已更新
[23:45:45] 驗證 4 個即時預測...
[23:50:53]    📡 三源抓取: CNN:50 → 合計 50 篇
[23:50:53]    沒有新推文
[事件偵測] 掃描最近 5 天的信號模式...
[事件偵測]    最近 5 天的信號:
[事件偵測]    2026-07-17: 0 篇 | T=0 D=0 R=0
[事件偵測]    2026-07-16: 0 篇 | T=0 D=0 R=0
[事件偵測]    2026-07-15: 0 篇 | T=0 D=0 R=0
[事件偵測]    2026-07-14: 0 篇 | T=0 D=0 R=0
[事件偵測]    2026-07-13: 0 篇 | T=0 D=0 R=0
[23:50:53]    事件偵測失敗: Expecting value: line 1 column 1 (char 0)
[23:50:53]    🪙 $TRUMP: $2.12 (-0.2%)
[23:50:53]    📊 Polymarket 快照: 448 個市場 (20 事件)
[23:50:53]    📊 Polymarket: 448 個市場已更新
[23:50:53] 驗證 4 個即時預測...
[23:56:01]    📡 三源抓取: CNN:50 → 合計 50 篇
[23:56:01]    沒有新推文
[事件偵測] 掃描最近 5 天的信號模式...
[事件偵測]    最近 5 天的信號:
[事件偵測]    2026-07-17: 0 篇 | T=0 D=0 R=0
[事件偵測]    2026-07-16: 0 篇 | T=0 D=0 R=0
[事件偵測]    2026-07-15: 0 篇 | T=0 D=0 R=0
[事件偵測]    2026-07-14: 0 篇 | T=0 D=0 R=0
[事件偵測]    2026-07-13: 0 篇 | T=0 D=0 R=0
[23:56:01]    事件偵測失敗: Expecting value: line 1 column 1 (char 0)
[23:56:01]    🪙 $TRUMP: $2.12 (-0.2%)
[23:56:01]    📊 Polymarket 快照: 448 個市場 (20 事件)
[23:56:01]    📊 Polymarket: 448 個市場已更新
[23:56:01] 驗證 4 個即時預測...
[00:01:19]    📡 三源抓取: CNN:50 → 合計 50 篇
[00:01:20]    沒有新推文
[事件偵測] 掃描最近 5 天的信號模式...
[事件偵測]    最近 5 天的信號:
[事件偵測]    2026-07-17: 0 篇 | T=0 D=0 R=0
[事件偵測]    2026-07-16: 0 篇 | T=0 D=0 R=0
[事件偵測]    2026-07-15: 0 篇 | T=0 D=0 R=0
[事件偵測]    2026-07-14: 0 篇 | T=0 D=0 R=0
[事件偵測]    2026-07-13: 0 篇 | T=0 D=0 R=0
[00:01:21]    事件偵測失敗: Expecting value: line 1 column 1 (char 0)
[00:01:21]    🪙 $TRUMP: $2.12 (-0.3%)
[00:01:22]    📊 Polymarket 快照: 448 個市場 (20 事件)
[00:01:23]    📊 Polymarket: 448 個市場已更新
[00:01:24] 驗證 4 個即時預測...
[00:06:31]    📡 三源抓取: CNN:50 → 合計 50 篇
[00:06:31]    沒有新推文
[事件偵測] 掃描最近 5 天的信號模式...
[事件偵測]    最近 5 天的信號:
[事件偵測]    2026-07-17: 0 篇 | T=0 D=0 R=0
[事件偵測]    2026-07-16: 0 篇 | T=0 D=0 R=0
[事件偵測]    2026-07-15: 0 篇 | T=0 D=0 R=0
[事件偵測]    2026-07-14: 0 篇 | T=0 D=0 R=0
[事件偵測]    2026-07-13: 0 篇 | T=0 D=0 R=0
[00:06:31]    事件偵測失敗: Expecting value: line 1 column 1 (char 0)
[00:06:31]    🪙 $TRUMP: $2.11 (-0.3%)
[00:06:31]    📊 Polymarket 快照: 448 個市場 (20 事件)
[00:06:31]    📊 Polymarket: 448 個市場已更新
[00:06:31] 驗證 4 個即時預測...
[00:11:36]    📡 三源抓取: CNN:50 → 合計 50 篇
[00:11:36]    沒有新推文
[事件偵測] 掃描最近 5 天的信號模式...
[事件偵測]    最近 5 天的信號:
[事件偵測]    2026-07-17: 0 篇 | T=0 D=0 R=0
[事件偵測]    2026-07-16: 0 篇 | T=0 D=0 R=0
[事件偵測]    2026-07-15: 0 篇 | T=0 D=0 R=0
[事件偵測]    2026-07-14: 0 篇 | T=0 D=0 R=0
[事件偵測]    2026-07-13: 0 篇 | T=0 D=0 R=0
[00:11:36]    事件偵測失敗: Expecting value: line 1 column 1 (char 0)
[00:11:36]    🪙 $TRUMP: $2.11 (-0.8%)
[00:11:36]    📊 Polymarket 快照: 448 個市場 (20 事件)
[00:11:36]    📊 Polymarket: 448 個市場已更新
[00:11:36] 驗證 4 個即時預測...
[00:16:41]    📡 三源抓取: CNN:50 → 合計 50 篇
[00:16:41]    沒有新推文
[事件偵測] 掃描最近 5 天的信號模式...
[事件偵測]    最近 5 天的信號:
[事件偵測]    2026-07-17: 0 篇 | T=0 D=0 R=0
[事件偵測]    2026-07-16: 0 篇 | T=0 D=0 R=0
[事件偵測]    2026-07-15: 0 篇 | T=0 D=0 R=0
[事件偵測]    2026-07-14: 0 篇 | T=0 D=0 R=0
[事件偵測]    2026-07-13: 0 篇 | T=0 D=0 R=0
[00:16:41]    事件偵測失敗: Expecting value: line 1 column 1 (char 0)
[00:16:42]    🪙 $TRUMP: $2.10 (-1.1%)
[00:16:42]    📊 Polymarket 快照: 448 個市場 (20 事件)
[00:16:42]    📊 Polymarket: 448 個市場已更新
[00:16:42] 驗證 4 個即時預測...
[00:21:47]    📡 三源抓取: CNN:50 → 合計 50 篇
[00:21:47]    沒有新推文
[事件偵測] 掃描最近 5 天的信號模式...
[事件偵測]    最近 5 天的信號:
[事件偵測]    2026-07-17: 0 篇 | T=0 D=0 R=0
[事件偵測]    2026-07-16: 0 篇 | T=0 D=0 R=0
[事件偵測]    2026-07-15: 0 篇 | T=0 D=0 R=0
[事件偵測]    2026-07-14: 0 篇 | T=0 D=0 R=0
[事件偵測]    2026-07-13: 0 篇 | T=0 D=0 R=0
[00:21:47]    事件偵測失敗: Expecting value: line 1 column 1 (char 0)
[00:21:47]    🪙 $TRUMP: $2.10 (-0.8%)
[00:21:47]    📊 Polymarket 快照: 448 個市場 (20 事件)
[00:21:47]    📊 Polymarket: 448 個市場已更新
[00:21:47] 驗證 4 個即時預測...
[00:26:51]    📡 三源抓取: CNN:50 → 合計 50 篇
[00:26:51]    沒有新推文
[事件偵測] 掃描最近 5 天的信號模式...
[事件偵測]    最近 5 天的信號:
[事件偵測]    2026-07-17: 0 篇 | T=0 D=0 R=0
[事件偵測]    2026-07-16: 0 篇 | T=0 D=0 R=0
[事件偵測]    2026-07-15: 0 篇 | T=0 D=0 R=0
[事件偵測]    2026-07-14: 0 篇 | T=0 D=0 R=0
[事件偵測]    2026-07-13: 0 篇 | T=0 D=0 R=0
[00:26:51]    事件偵測失敗: Expecting value: line 1 column 1 (char 0)
[00:26:51]    🪙 $TRUMP: $2.10 (-0.8%)
[00:26:52]    📊 Polymarket 快照: 448 個市場 (20 事件)
[00:26:52]    📊 Polymarket: 448 個市場已更新
[00:26:52] 驗證 4 個即時預測...
[00:31:57]    📡 三源抓取: CNN:50 → 合計 50 篇
[00:31:57]    沒有新推文
[事件偵測] 掃描最近 5 天的信號模式...
[事件偵測]    最近 5 天的信號:
[事件偵測]    2026-07-17: 0 篇 | T=0 D=0 R=0
[事件偵測]    2026-07-16: 0 篇 | T=0 D=0 R=0
[事件偵測]    2026-07-15: 0 篇 | T=0 D=0 R=0
[事件偵測]    2026-07-14: 0 篇 | T=0 D=0 R=0
[事件偵測]    2026-07-13: 0 篇 | T=0 D=0 R=0
[00:31:57]    事件偵測失敗: Expecting value: line 1 column 1 (char 0)
[00:31:57]    🪙 $TRUMP: $2.10 (-0.7%)
[00:31:57]    📊 Polymarket 快照: 434 個市場 (20 事件)
[00:31:57]    📊 Polymarket: 434 個市場已更新
[00:31:57] 驗證 4 個即時預測...
[00:37:01]    📡 三源抓取: CNN:50 → 合計 50 篇
[00:37:01]    沒有新推文
[事件偵測] 掃描最近 5 天的信號模式...
[事件偵測]    最近 5 天的信號:
[事件偵測]    2026-07-17: 0 篇 | T=0 D=0 R=0
[事件偵測]    2026-07-16: 0 篇 | T=0 D=0 R=0
[事件偵測]    2026-07-15: 0 篇 | T=0 D=0 R=0
[事件偵測]    2026-07-14: 0 篇 | T=0 D=0 R=0
[事件偵測]    2026-07-13: 0 篇 | T=0 D=0 R=0
[00:37:01]    事件偵測失敗: Expecting value: line 1 column 1 (char 0)
[00:37:02]    🪙 $TRUMP: $2.10 (-0.1%)
[00:37:02]    📊 Polymarket 快照: 434 個市場 (20 事件)
[00:37:02]    📊 Polymarket: 434 個市場已更新
[00:37:02] 驗證 4 個即時預測...
[00:42:09]    📡 三源抓取: CNN:50 → 合計 50 篇
[00:42:09]    沒有新推文
[事件偵測] 掃描最近 5 天的信號模式...
[事件偵測]    最近 5 天的信號:
[事件偵測]    2026-07-17: 0 篇 | T=0 D=0 R=0
[事件偵測]    2026-07-16: 0 篇 | T=0 D=0 R=0
[事件偵測]    2026-07-15: 0 篇 | T=0 D=0 R=0
[事件偵測]    2026-07-14: 0 篇 | T=0 D=0 R=0
[事件偵測]    2026-07-13: 0 篇 | T=0 D=0 R=0
[00:42:09]    事件偵測失敗: Expecting value: line 1 column 1 (char 0)
[00:42:10]    🪙 $TRUMP: $2.10 (-0.1%)
[00:42:10]    📊 Polymarket 快照: 466 個市場 (20 事件)
[00:42:10]    📊 Polymarket: 466 個市場已更新
[00:42:10] 驗證 4 個即時預測...
[00:47:18]    📡 三源抓取: CNN:50 → 合計 50 篇
[00:47:18]    沒有新推文
[事件偵測] 掃描最近 5 天的信號模式...
[事件偵測]    最近 5 天的信號:
[事件偵測]    2026-07-17: 0 篇 | T=0 D=0 R=0
[事件偵測]    2026-07-16: 0 篇 | T=0 D=0 R=0
[事件偵測]    2026-07-15: 0 篇 | T=0 D=0 R=0
[事件偵測]    2026-07-14: 0 篇 | T=0 D=0 R=0
[事件偵測]    2026-07-13: 0 篇 | T=0 D=0 R=0
[00:47:18]    事件偵測失敗: Expecting value: line 1 column 1 (char 0)
[00:47:19]    🪙 $TRUMP: $2.10 (-0.3%)
[00:47:19]    📊 Polymarket 快照: 466 個市場 (20 事件)
[00:47:19]    📊 Polymarket: 466 個市場已更新
[00:47:19] 驗證 4 個即時預測...
[00:52:24]    📡 三源抓取: CNN:50 → 合計 50 篇
[00:52:24]    沒有新推文
[事件偵測] 掃描最近 5 天的信號模式...
[事件偵測]    最近 5 天的信號:
[事件偵測]    2026-07-17: 0 篇 | T=0 D=0 R=0
[事件偵測]    2026-07-16: 0 篇 | T=0 D=0 R=0
[事件偵測]    2026-07-15: 0 篇 | T=0 D=0 R=0
[事件偵測]    2026-07-14: 0 篇 | T=0 D=0 R=0
[事件偵測]    2026-07-13: 0 篇 | T=0 D=0 R=0
[00:52:24]    事件偵測失敗: Expecting value: line 1 column 1 (char 0)
[00:52:24]    🪙 $TRUMP: $2.10 (-0.7%)
[00:52:24]    📊 Polymarket 快照: 466 個市場 (20 事件)
[00:52:24]    📊 Polymarket: 466 個市場已更新
[00:52:24] 驗證 4 個即時預測...
[00:57:29]    📡 三源抓取: CNN:50 → 合計 50 篇
[00:57:29]    沒有新推文
[事件偵測] 掃描最近 5 天的信號模式...
[事件偵測]    最近 5 天的信號:
[事件偵測]    2026-07-17: 0 篇 | T=0 D=0 R=0
[事件偵測]    2026-07-16: 0 篇 | T=0 D=0 R=0
[事件偵測]    2026-07-15: 0 篇 | T=0 D=0 R=0
[事件偵測]    2026-07-14: 0 篇 | T=0 D=0 R=0
[事件偵測]    2026-07-13: 0 篇 | T=0 D=0 R=0
[00:57:29]    事件偵測失敗: Expecting value: line 1 column 1 (char 0)
[00:57:29]    🪙 $TRUMP: $2.10 (-0.7%)
[00:57:29]    📊 Polymarket 快照: 466 個市場 (20 事件)
[00:57:29]    📊 Polymarket: 466 個市場已更新
[00:57:29] 驗證 4 個即時預測...
[01:02:34]    📡 三源抓取: CNN:50 → 合計 50 篇
[01:02:34]    沒有新推文
[事件偵測] 掃描最近 5 天的信號模式...
[事件偵測]    最近 5 天的信號:
[事件偵測]    2026-07-17: 0 篇 | T=0 D=0 R=0
[事件偵測]    2026-07-16: 0 篇 | T=0 D=0 R=0
[事件偵測]    2026-07-15: 0 篇 | T=0 D=0 R=0
[事件偵測]    2026-07-14: 0 篇 | T=0 D=0 R=0
[事件偵測]    2026-07-13: 0 篇 | T=0 D=0 R=0
[01:02:34]    事件偵測失敗: Expecting value: line 1 column 1 (char 0)
[01:02:34]    🪙 $TRUMP: $2.10 (-0.8%)
[01:02:34]    📊 Polymarket 快照: 466 個市場 (20 事件)
[01:02:34]    📊 Polymarket: 466 個市場已更新
[01:02:34] 驗證 4 個即時預測...
[01:07:39]    📡 三源抓取: CNN:50 → 合計 50 篇
[01:07:39]    沒有新推文
[事件偵測] 掃描最近 5 天的信號模式...
[事件偵測]    最近 5 天的信號:
[事件偵測]    2026-07-17: 0 篇 | T=0 D=0 R=0
[事件偵測]    2026-07-16: 0 篇 | T=0 D=0 R=0
[事件偵測]    2026-07-15: 0 篇 | T=0 D=0 R=0
[事件偵測]    2026-07-14: 0 篇 | T=0 D=0 R=0
[事件偵測]    2026-07-13: 0 篇 | T=0 D=0 R=0
[01:07:39]    事件偵測失敗: Expecting value: line 1 column 1 (char 0)
[01:07:39]    🪙 $TRUMP: $2.09 (-1.2%)
[01:07:39]    📊 Polymarket 快照: 466 個市場 (20 事件)
[01:07:39]    📊 Polymarket: 466 個市場已更新
[01:07:39] 驗證 4 個即時預測...
[01:12:44]    📡 三源抓取: CNN:50 → 合計 50 篇
[01:12:44]    沒有新推文
[事件偵測] 掃描最近 5 天的信號模式...
[事件偵測]    最近 5 天的信號:
[事件偵測]    2026-07-17: 0 篇 | T=0 D=0 R=0
[事件偵測]    2026-07-16: 0 篇 | T=0 D=0 R=0
[事件偵測]    2026-07-15: 0 篇 | T=0 D=0 R=0
[事件偵測]    2026-07-14: 0 篇 | T=0 D=0 R=0
[事件偵測]    2026-07-13: 0 篇 | T=0 D=0 R=0
[01:12:44]    事件偵測失敗: Expecting value: line 1 column 1 (char 0)
[01:12:44]    🪙 $TRUMP: $2.10 (-1.0%)
[01:12:44]    📊 Polymarket 快照: 466 個市場 (20 事件)
[01:12:44]    📊 Polymarket: 466 個市場已更新
[01:12:45] 驗證 4 個即時預測...
[01:17:49]    📡 三源抓取: CNN:50 → 合計 50 篇
[01:17:49] 🆕 偵測到 1 篇新推文！
[01:17:50]    📥 寫入 1 篇新推文到 trump_posts_all.json（總計 46178 篇）
[01:17:51]    📊 Polymarket 快照: 466 個市場 (20 事件)
[01:17:51]    🪙 $TRUMP: $2.10 (-0.7%)
[01:17:51]    📝 [00:59] We have the BEST FINANCIAL NUMBERS EVER, and the FAKE NEWS MEDIA refuses to repo...
[01:17:51]    🚀拉盤 劇本觸發: 他閉嘴（什麼都沒講）
[01:17:51]       歷史: +0.409% | 建議: LONG — 沉默是金
[事件偵測] 掃描最近 5 天的信號模式...
[事件偵測]    最近 5 天的信號:
[事件偵測]    2026-07-17: 0 篇 | T=0 D=0 R=0
[事件偵測]    2026-07-16: 0 篇 | T=0 D=0 R=0
[事件偵測]    2026-07-15: 0 篇 | T=0 D=0 R=0
[事件偵測]    2026-07-14: 0 篇 | T=0 D=0 R=0
[事件偵測]    2026-07-13: 0 篇 | T=0 D=0 R=0
[01:17:51]    事件偵測失敗: Expecting value: line 1 column 1 (char 0)
[01:17:51]    🪙 $TRUMP: $2.10 (-0.7%)
[01:17:51]    📊 Polymarket 快照: 466 個市場 (20 事件)
[01:17:51]    📊 Polymarket: 466 個市場已更新
[01:17:51] 驗證 2 個即時預測...
[01:17:52] 📊 本輪: 1 新推文 | 0 預測 | 0 驗證
[01:22:57]    📡 三源抓取: CNN:50 → 合計 50 篇
[01:22:57]    沒有新推文
[事件偵測] 掃描最近 5 天的信號模式...
[事件偵測]    最近 5 天的信號:
[事件偵測]    2026-07-17: 0 篇 | T=0 D=0 R=0
[事件偵測]    2026-07-16: 0 篇 | T=0 D=0 R=0
[事件偵測]    2026-07-15: 0 篇 | T=0 D=0 R=0
[事件偵測]    2026-07-14: 0 篇 | T=0 D=0 R=0
[事件偵測]    2026-07-13: 0 篇 | T=0 D=0 R=0
[01:22:57]    事件偵測失敗: Expecting value: line 1 column 1 (char 0)
[01:22:57]    🪙 $TRUMP: $2.10 (-1.4%)
[01:22:57]    📊 Polymarket 快照: 466 個市場 (20 事件)
[01:22:57]    📊 Polymarket: 466 個市場已更新
[01:22:57] 驗證 2 個即時預測...
[01:28:01]    📡 三源抓取: CNN:50 → 合計 50 篇
[01:28:01]    沒有新推文
[事件偵測] 掃描最近 5 天的信號模式...
[事件偵測]    最近 5 天的信號:
[事件偵測]    2026-07-17: 0 篇 | T=0 D=0 R=0
[事件偵測]    2026-07-16: 0 篇 | T=0 D=0 R=0
[事件偵測]    2026-07-15: 0 篇 | T=0 D=0 R=0
[事件偵測]    2026-07-14: 0 篇 | T=0 D=0 R=0
[事件偵測]    2026-07-13: 0 篇 | T=0 D=0 R=0
[01:28:01]    事件偵測失敗: Expecting value: line 1 column 1 (char 0)
[01:28:01]    🪙 $TRUMP: $2.09 (-1.2%)
[01:28:02]    📊 Polymarket 快照: 466 個市場 (20 事件)
[01:28:02]    📊 Polymarket: 466 個市場已更新
[01:28:02] 驗證 2 個即時預測...
[01:33:05]    📡 三源抓取: CNN:50 → 合計 50 篇
[01:33:05]    沒有新推文
[事件偵測] 掃描最近 5 天的信號模式...
[事件偵測]    最近 5 天的信號:
[事件偵測]    2026-07-17: 0 篇 | T=0 D=0 R=0
[事件偵測]    2026-07-16: 0 篇 | T=0 D=0 R=0
[事件偵測]    2026-07-15: 0 篇 | T=0 D=0 R=0
[事件偵測]    2026-07-14: 0 篇 | T=0 D=0 R=0
[事件偵測]    2026-07-13: 0 篇 | T=0 D=0 R=0
[01:33:05]    事件偵測失敗: Expecting value: line 1 column 1 (char 0)
[01:33:06]    🪙 $TRUMP: $2.10 (-1.1%)
[01:33:06]    📊 Polymarket 快照: 466 個市場 (20 事件)
[01:33:06]    📊 Polymarket: 466 個市場已更新
[01:33:06] 驗證 2 個即時預測...
[01:38:10]    📡 三源抓取: CNN:50 → 合計 50 篇
[01:38:10]    沒有新推文
[事件偵測] 掃描最近 5 天的信號模式...
[事件偵測]    最近 5 天的信號:
[事件偵測]    2026-07-17: 0 篇 | T=0 D=0 R=0
[事件偵測]    2026-07-16: 0 篇 | T=0 D=0 R=0
[事件偵測]    2026-07-15: 0 篇 | T=0 D=0 R=0
[事件偵測]    2026-07-14: 0 篇 | T=0 D=0 R=0
[事件偵測]    2026-07-13: 0 篇 | T=0 D=0 R=0
[01:38:10]    事件偵測失敗: Expecting value: line 1 column 1 (char 0)
[01:38:10]    🪙 $TRUMP: $2.10 (-1.3%)
[01:38:10]    📊 Polymarket 快照: 466 個市場 (20 事件)
[01:38:10]    📊 Polymarket: 466 個市場已更新
[01:38:10] 驗證 2 個即時預測...
[01:43:14]    📡 三源抓取: CNN:50 → 合計 50 篇
[01:43:14]    沒有新推文
[事件偵測] 掃描最近 5 天的信號模式...
[事件偵測]    最近 5 天的信號:
[事件偵測]    2026-07-17: 0 篇 | T=0 D=0 R=0
[事件偵測]    2026-07-16: 0 篇 | T=0 D=0 R=0
[事件偵測]    2026-07-15: 0 篇 | T=0 D=0 R=0
[事件偵測]    2026-07-14: 0 篇 | T=0 D=0 R=0
[事件偵測]    2026-07-13: 0 篇 | T=0 D=0 R=0
[01:43:14]    事件偵測失敗: Expecting value: line 1 column 1 (char 0)
[01:43:14]    🪙 $TRUMP: $2.10 (-1.1%)
[01:43:14]    📊 Polymarket 快照: 466 個市場 (20 事件)
[01:43:14]    📊 Polymarket: 466 個市場已更新
[01:43:14] 驗證 2 個即時預測...
[01:48:18]    📡 三源抓取: CNN:50 → 合計 50 篇
[01:48:18]    沒有新推文
[事件偵測] 掃描最近 5 天的信號模式...
[事件偵測]    最近 5 天的信號:
[事件偵測]    2026-07-17: 0 篇 | T=0 D=0 R=0
[事件偵測]    2026-07-16: 0 篇 | T=0 D=0 R=0
[事件偵測]    2026-07-15: 0 篇 | T=0 D=0 R=0
[事件偵測]    2026-07-14: 0 篇 | T=0 D=0 R=0
[事件偵測]    2026-07-13: 0 篇 | T=0 D=0 R=0
[01:48:18]    事件偵測失敗: Expecting value: line 1 column 1 (char 0)
[01:48:18]    🪙 $TRUMP: $2.11 (-0.9%)
[01:48:18]    📊 Polymarket 快照: 466 個市場 (20 事件)
[01:48:18]    📊 Polymarket: 466 個市場已更新
[01:48:18] 驗證 2 個即時預測...
[01:53:22]    📡 三源抓取: CNN:50 → 合計 50 篇
[01:53:22]    沒有新推文
[事件偵測] 掃描最近 5 天的信號模式...
[事件偵測]    最近 5 天的信號:
[事件偵測]    2026-07-17: 0 篇 | T=0 D=0 R=0
[事件偵測]    2026-07-16: 0 篇 | T=0 D=0 R=0
[事件偵測]    2026-07-15: 0 篇 | T=0 D=0 R=0
[事件偵測]    2026-07-14: 0 篇 | T=0 D=0 R=0
[事件偵測]    2026-07-13: 0 篇 | T=0 D=0 R=0
[01:53:22]    事件偵測失敗: Expecting value: line 1 column 1 (char 0)
[01:53:22]    🪙 $TRUMP: $2.11 (-0.8%)
[01:53:22]    📊 Polymarket 快照: 466 個市場 (20 事件)
[01:53:22]    📊 Polymarket: 466 個市場已更新
[01:53:22] 驗證 2 個即時預測...
[01:58:26]    📡 三源抓取: CNN:50 → 合計 50 篇
[01:58:26]    沒有新推文
[事件偵測] 掃描最近 5 天的信號模式...
[事件偵測]    最近 5 天的信號:
[事件偵測]    2026-07-17: 0 篇 | T=0 D=0 R=0
[事件偵測]    2026-07-16: 0 篇 | T=0 D=0 R=0
[事件偵測]    2026-07-15: 0 篇 | T=0 D=0 R=0
[事件偵測]    2026-07-14: 0 篇 | T=0 D=0 R=0
[事件偵測]    2026-07-13: 0 篇 | T=0 D=0 R=0
[01:58:26]    事件偵測失敗: Expecting value: line 1 column 1 (char 0)
[01:58:27]    🪙 $TRUMP: $2.11 (-0.7%)
[01:58:27]    📊 Polymarket 快照: 466 個市場 (20 事件)
[01:58:27]    📊 Polymarket: 466 個市場已更新
[01:58:27] 驗證 2 個即時預測...
[02:03:30]    📡 三源抓取: CNN:50 → 合計 50 篇
[02:03:30]    沒有新推文
[事件偵測] 掃描最近 5 天的信號模式...
[事件偵測]    最近 5 天的信號:
[事件偵測]    2026-07-17: 0 篇 | T=0 D=0 R=0
[事件偵測]    2026-07-16: 0 篇 | T=0 D=0 R=0
[事件偵測]    2026-07-15: 0 篇 | T=0 D=0 R=0
[事件偵測]    2026-07-14: 0 篇 | T=0 D=0 R=0
[事件偵測]    2026-07-13: 0 篇 | T=0 D=0 R=0
[02:03:30]    事件偵測失敗: Expecting value: line 1 column 1 (char 0)
[02:03:30]    🪙 $TRUMP: $2.11 (-0.9%)
[02:03:31]    📊 Polymarket 快照: 466 個市場 (20 事件)
[02:03:31]    📊 Polymarket: 466 個市場已更新
[02:03:31] 驗證 2 個即時預測...
[02:08:36]    📡 三源抓取: CNN:50 → 合計 50 篇
[02:08:36]    沒有新推文
[事件偵測] 掃描最近 5 天的信號模式...
[事件偵測]    最近 5 天的信號:
[事件偵測]    2026-07-17: 0 篇 | T=0 D=0 R=0
[事件偵測]    2026-07-16: 0 篇 | T=0 D=0 R=0
[事件偵測]    2026-07-15: 0 篇 | T=0 D=0 R=0
[事件偵測]    2026-07-14: 0 篇 | T=0 D=0 R=0
[事件偵測]    2026-07-13: 0 篇 | T=0 D=0 R=0
[02:08:36]    事件偵測失敗: Expecting value: line 1 column 1 (char 0)
[02:08:36]    🪙 $TRUMP: $2.10 (-1.5%)
[02:08:36]    📊 Polymarket 快照: 466 個市場 (20 事件)
[02:08:36]    📊 Polymarket: 466 個市場已更新
[02:08:36] 驗證 2 個即時預測...
[02:13:40]    📡 三源抓取: CNN:50 → 合計 50 篇
[02:13:40]    沒有新推文
[事件偵測] 掃描最近 5 天的信號模式...
[事件偵測]    最近 5 天的信號:
[事件偵測]    2026-07-17: 0 篇 | T=0 D=0 R=0
[事件偵測]    2026-07-16: 0 篇 | T=0 D=0 R=0
[事件偵測]    2026-07-15: 0 篇 | T=0 D=0 R=0
[事件偵測]    2026-07-14: 0 篇 | T=0 D=0 R=0
[事件偵測]    2026-07-13: 0 篇 | T=0 D=0 R=0
[02:13:40]    事件偵測失敗: Expecting value: line 1 column 1 (char 0)
[02:13:40]    🪙 $TRUMP: $2.11 (-1.4%)
[02:13:40]    📊 Polymarket 快照: 466 個市場 (20 事件)
[02:13:40]    📊 Polymarket: 466 個市場已更新
[02:13:40] 驗證 2 個即時預測...
[02:18:45]    📡 三源抓取: CNN:50 → 合計 50 篇
[02:18:45]    沒有新推文
[事件偵測] 掃描最近 5 天的信號模式...
[事件偵測]    最近 5 天的信號:
[事件偵測]    2026-07-17: 0 篇 | T=0 D=0 R=0
[事件偵測]    2026-07-16: 0 篇 | T=0 D=0 R=0
[事件偵測]    2026-07-15: 0 篇 | T=0 D=0 R=0
[事件偵測]    2026-07-14: 0 篇 | T=0 D=0 R=0
[事件偵測]    2026-07-13: 0 篇 | T=0 D=0 R=0
[02:18:45]    事件偵測失敗: Expecting value: line 1 column 1 (char 0)
[02:18:45]    🪙 $TRUMP: $2.11 (-1.6%)
[02:18:45]    📊 Polymarket 快照: 466 個市場 (20 事件)
[02:18:45]    📊 Polymarket: 466 個市場已更新
[02:18:45] 驗證 2 個即時預測...
[02:23:50]    📡 三源抓取: CNN:50 → 合計 50 篇
[02:23:50]    沒有新推文
[事件偵測] 掃描最近 5 天的信號模式...
[事件偵測]    最近 5 天的信號:
[事件偵測]    2026-07-17: 0 篇 | T=0 D=0 R=0
[事件偵測]    2026-07-16: 0 篇 | T=0 D=0 R=0
[事件偵測]    2026-07-15: 0 篇 | T=0 D=0 R=0
[事件偵測]    2026-07-14: 0 篇 | T=0 D=0 R=0
[事件偵測]    2026-07-13: 0 篇 | T=0 D=0 R=0
[02:23:50]    事件偵測失敗: Expecting value: line 1 column 1 (char 0)
[02:23:50]    🪙 $TRUMP: $2.12 (-1.2%)
[02:23:50]    📊 Polymarket 快照: 466 個市場 (20 事件)
[02:23:50]    📊 Polymarket: 466 個市場已更新
[02:23:50] 驗證 2 個即時預測...
[02:28:54]    📡 三源抓取: CNN:50 → 合計 50 篇
[02:28:54]    沒有新推文
[事件偵測] 掃描最近 5 天的信號模式...
[事件偵測]    最近 5 天的信號:
[事件偵測]    2026-07-17: 0 篇 | T=0 D=0 R=0
[事件偵測]    2026-07-16: 0 篇 | T=0 D=0 R=0
[事件偵測]    2026-07-15: 0 篇 | T=0 D=0 R=0
[事件偵測]    2026-07-14: 0 篇 | T=0 D=0 R=0
[事件偵測]    2026-07-13: 0 篇 | T=0 D=0 R=0
[02:28:54]    事件偵測失敗: Expecting value: line 1 column 1 (char 0)
[02:28:54]    🪙 $TRUMP: $2.11 (-1.1%)
[02:28:54]    📊 Polymarket 快照: 466 個市場 (20 事件)
[02:28:54]    📊 Polymarket: 466 個市場已更新
[02:28:54] 驗證 2 個即時預測...
[02:33:58]    📡 三源抓取: CNN:50 → 合計 50 篇
[02:33:58]    沒有新推文
[事件偵測] 掃描最近 5 天的信號模式...
[事件偵測]    最近 5 天的信號:
[事件偵測]    2026-07-17: 0 篇 | T=0 D=0 R=0
[事件偵測]    2026-07-16: 0 篇 | T=0 D=0 R=0
[事件偵測]    2026-07-15: 0 篇 | T=0 D=0 R=0
[事件偵測]    2026-07-14: 0 篇 | T=0 D=0 R=0
[事件偵測]    2026-07-13: 0 篇 | T=0 D=0 R=0
[02:33:58]    事件偵測失敗: Expecting value: line 1 column 1 (char 0)
[02:33:58]    🪙 $TRUMP: $2.11 (-1.1%)
[02:33:59]    📊 Polymarket 快照: 466 個市場 (20 事件)
[02:33:59]    📊 Polymarket: 466 個市場已更新
[02:33:59] 驗證 2 個即時預測...
[02:39:03]    📡 三源抓取: CNN:50 → 合計 50 篇
[02:39:03]    沒有新推文
[事件偵測] 掃描最近 5 天的信號模式...
[事件偵測]    最近 5 天的信號:
[事件偵測]    2026-07-17: 0 篇 | T=0 D=0 R=0
[事件偵測]    2026-07-16: 0 篇 | T=0 D=0 R=0
[事件偵測]    2026-07-15: 0 篇 | T=0 D=0 R=0
[事件偵測]    2026-07-14: 0 篇 | T=0 D=0 R=0
[事件偵測]    2026-07-13: 0 篇 | T=0 D=0 R=0
[02:39:03]    事件偵測失敗: Expecting value: line 1 column 1 (char 0)
[02:39:03]    🪙 $TRUMP: $2.11 (-1.2%)
[02:39:04]    📊 Polymarket 快照: 466 個市場 (20 事件)
[02:39:04]    📊 Polymarket: 466 個市場已更新
[02:39:04] 驗證 2 個即時預測...
[02:44:08]    📡 三源抓取: CNN:50 → 合計 50 篇
[02:44:08]    沒有新推文
[事件偵測] 掃描最近 5 天的信號模式...
[事件偵測]    最近 5 天的信號:
[事件偵測]    2026-07-17: 0 篇 | T=0 D=0 R=0
[事件偵測]    2026-07-16: 0 篇 | T=0 D=0 R=0
[事件偵測]    2026-07-15: 0 篇 | T=0 D=0 R=0
[事件偵測]    2026-07-14: 0 篇 | T=0 D=0 R=0
[事件偵測]    2026-07-13: 0 篇 | T=0 D=0 R=0
[02:44:08]    事件偵測失敗: Expecting value: line 1 column 1 (char 0)
[02:44:08]    🪙 $TRUMP: $2.11 (-1.4%)
[02:44:08]    📊 Polymarket 快照: 466 個市場 (20 事件)
[02:44:08]    📊 Polymarket: 466 個市場已更新
[02:44:08] 驗證 2 個即時預測...
[02:49:12]    📡 三源抓取: CNN:50 → 合計 50 篇
[02:49:12]    沒有新推文
[事件偵測] 掃描最近 5 天的信號模式...
[事件偵測]    最近 5 天的信號:
[事件偵測]    2026-07-17: 0 篇 | T=0 D=0 R=0
[事件偵測]    2026-07-16: 0 篇 | T=0 D=0 R=0
[事件偵測]    2026-07-15: 0 篇 | T=0 D=0 R=0
[事件偵測]    2026-07-14: 0 篇 | T=0 D=0 R=0
[事件偵測]    2026-07-13: 0 篇 | T=0 D=0 R=0
[02:49:12]    事件偵測失敗: Expecting value: line 1 column 1 (char 0)
[02:49:12]    🪙 $TRUMP: $2.11 (-1.6%)
[02:49:12]    📊 Polymarket 快照: 466 個市場 (20 事件)
[02:49:12]    📊 Polymarket: 466 個市場已更新
[02:49:12] 驗證 2 個即時預測...
[02:54:16]    📡 三源抓取: CNN:50 → 合計 50 篇
[02:54:16]    沒有新推文
[事件偵測] 掃描最近 5 天的信號模式...
[事件偵測]    最近 5 天的信號:
[事件偵測]    2026-07-17: 0 篇 | T=0 D=0 R=0
[事件偵測]    2026-07-16: 0 篇 | T=0 D=0 R=0
[事件偵測]    2026-07-15: 0 篇 | T=0 D=0 R=0
[事件偵測]    2026-07-14: 0 篇 | T=0 D=0 R=0
[事件偵測]    2026-07-13: 0 篇 | T=0 D=0 R=0
[02:54:16]    事件偵測失敗: Expecting value: line 1 column 1 (char 0)
[02:54:17]    🪙 $TRUMP: $2.11 (-1.5%)
[02:54:17]    📊 Polymarket 快照: 466 個市場 (20 事件)
[02:54:17]    📊 Polymarket: 466 個市場已更新
[02:54:17] 驗證 2 個即時預測...
[02:59:21]    📡 三源抓取: CNN:50 → 合計 50 篇
[02:59:21]    沒有新推文
[事件偵測] 掃描最近 5 天的信號模式...
[事件偵測]    最近 5 天的信號:
[事件偵測]    2026-07-17: 0 篇 | T=0 D=0 R=0
[事件偵測]    2026-07-16: 0 篇 | T=0 D=0 R=0
[事件偵測]    2026-07-15: 0 篇 | T=0 D=0 R=0
[事件偵測]    2026-07-14: 0 篇 | T=0 D=0 R=0
[事件偵測]    2026-07-13: 0 篇 | T=0 D=0 R=0
[02:59:21]    事件偵測失敗: Expecting value: line 1 column 1 (char 0)
[02:59:21]    🪙 $TRUMP: $2.10 (-1.7%)
[02:59:21]    📊 Polymarket 快照: 488 個市場 (20 事件)
[02:59:21]    📊 Polymarket: 488 個市場已更新
[02:59:21] 驗證 2 個即時預測...
[03:04:25]    📡 三源抓取: CNN:50 → 合計 50 篇
[03:04:25]    沒有新推文
[事件偵測] 掃描最近 5 天的信號模式...
[事件偵測]    最近 5 天的信號:
[事件偵測]    2026-07-17: 0 篇 | T=0 D=0 R=0
[事件偵測]    2026-07-16: 0 篇 | T=0 D=0 R=0
[事件偵測]    2026-07-15: 0 篇 | T=0 D=0 R=0
[事件偵測]    2026-07-14: 0 篇 | T=0 D=0 R=0
[事件偵測]    2026-07-13: 0 篇 | T=0 D=0 R=0
[03:04:25]    事件偵測失敗: Expecting value: line 1 column 1 (char 0)
[03:04:25]    🪙 $TRUMP: $2.10 (-1.4%)
[03:04:25]    📊 Polymarket 快照: 488 個市場 (20 事件)
[03:04:25]    📊 Polymarket: 488 個市場已更新
[03:04:25] 驗證 2 個即時預測...
[03:09:29]    📡 三源抓取: CNN:50 → 合計 50 篇
[03:09:29]    沒有新推文
[事件偵測] 掃描最近 5 天的信號模式...
[事件偵測]    最近 5 天的信號:
[事件偵測]    2026-07-17: 0 篇 | T=0 D=0 R=0
[事件偵測]    2026-07-16: 0 篇 | T=0 D=0 R=0
[事件偵測]    2026-07-15: 0 篇 | T=0 D=0 R=0
[事件偵測]    2026-07-14: 0 篇 | T=0 D=0 R=0
[事件偵測]    2026-07-13: 0 篇 | T=0 D=0 R=0
[03:09:29]    事件偵測失敗: Expecting value: line 1 column 1 (char 0)
[03:09:29]    🪙 $TRUMP: $2.10 (-1.4%)
[03:09:30]    📊 Polymarket 快照: 488 個市場 (20 事件)
[03:09:30]    📊 Polymarket: 488 個市場已更新
[03:09:30] 驗證 2 個即時預測...
[03:14:34]    📡 三源抓取: CNN:50 → 合計 50 篇
[03:14:34]    沒有新推文
[事件偵測] 掃描最近 5 天的信號模式...
[事件偵測]    最近 5 天的信號:
[事件偵測]    2026-07-17: 0 篇 | T=0 D=0 R=0
[事件偵測]    2026-07-16: 0 篇 | T=0 D=0 R=0
[事件偵測]    2026-07-15: 0 篇 | T=0 D=0 R=0
[事件偵測]    2026-07-14: 0 篇 | T=0 D=0 R=0
[事件偵測]    2026-07-13: 0 篇 | T=0 D=0 R=0
[03:14:34]    事件偵測失敗: Expecting value: line 1 column 1 (char 0)
[03:14:34]    🪙 $TRUMP: $2.10 (-1.2%)
[03:14:35]    📊 Polymarket 快照: 488 個市場 (20 事件)
[03:14:35]    📊 Polymarket: 488 個市場已更新
[03:14:35] 驗證 2 個即時預測...
[03:19:38]    📡 三源抓取: CNN:50 → 合計 50 篇
[03:19:38]    沒有新推文
[事件偵測] 掃描最近 5 天的信號模式...
[事件偵測]    最近 5 天的信號:
[事件偵測]    2026-07-17: 0 篇 | T=0 D=0 R=0
[事件偵測]    2026-07-16: 0 篇 | T=0 D=0 R=0
[事件偵測]    2026-07-15: 0 篇 | T=0 D=0 R=0
[事件偵測]    2026-07-14: 0 篇 | T=0 D=0 R=0
[事件偵測]    2026-07-13: 0 篇 | T=0 D=0 R=0
[03:19:38]    事件偵測失敗: Expecting value: line 1 column 1 (char 0)
[03:19:39]    🪙 $TRUMP: $2.10 (-1.4%)
[03:19:39]    📊 Polymarket 快照: 488 個市場 (20 事件)
[03:19:39]    📊 Polymarket: 488 個市場已更新
[03:19:39] 驗證 2 個即時預測...
[03:24:42]    📡 三源抓取: CNN:50 → 合計 50 篇
[03:24:42]    沒有新推文
[事件偵測] 掃描最近 5 天的信號模式...
[事件偵測]    最近 5 天的信號:
[事件偵測]    2026-07-17: 0 篇 | T=0 D=0 R=0
[事件偵測]    2026-07-16: 0 篇 | T=0 D=0 R=0
[事件偵測]    2026-07-15: 0 篇 | T=0 D=0 R=0
[事件偵測]    2026-07-14: 0 篇 | T=0 D=0 R=0
[事件偵測]    2026-07-13: 0 篇 | T=0 D=0 R=0
[03:24:42]    事件偵測失敗: Expecting value: line 1 column 1 (char 0)
[03:24:42]    🪙 $TRUMP: $2.09 (-1.6%)
[03:24:43]    📊 Polymarket 快照: 488 個市場 (20 事件)
[03:24:43]    📊 Polymarket: 488 個市場已更新
[03:24:43] 驗證 2 個即時預測...
[03:29:46]    📡 三源抓取: CNN:50 → 合計 50 篇
[03:29:46]    沒有新推文
[事件偵測] 掃描最近 5 天的信號模式...
[事件偵測]    最近 5 天的信號:
[事件偵測]    2026-07-17: 0 篇 | T=0 D=0 R=0
[事件偵測]    2026-07-16: 0 篇 | T=0 D=0 R=0
[事件偵測]    2026-07-15: 0 篇 | T=0 D=0 R=0
[事件偵測]    2026-07-14: 0 篇 | T=0 D=0 R=0
[事件偵測]    2026-07-13: 0 篇 | T=0 D=0 R=0
[03:29:46]    事件偵測失敗: Expecting value: line 1 column 1 (char 0)
[03:29:46]    🪙 $TRUMP: $2.09 (-2.0%)
[03:29:46]    📊 Polymarket 快照: 488 個市場 (20 事件)
[03:29:46]    📊 Polymarket: 488 個市場已更新
[03:29:46] 驗證 2 個即時預測...
[03:34:50]    📡 三源抓取: CNN:50 → 合計 50 篇
[03:34:50]    沒有新推文
[事件偵測] 掃描最近 5 天的信號模式...
[事件偵測]    最近 5 天的信號:
[事件偵測]    2026-07-17: 0 篇 | T=0 D=0 R=0
[事件偵測]    2026-07-16: 0 篇 | T=0 D=0 R=0
[事件偵測]    2026-07-15: 0 篇 | T=0 D=0 R=0
[事件偵測]    2026-07-14: 0 篇 | T=0 D=0 R=0
[事件偵測]    2026-07-13: 0 篇 | T=0 D=0 R=0
[03:34:50]    事件偵測失敗: Expecting value: line 1 column 1 (char 0)
[03:34:51]    🪙 $TRUMP: $2.09 (-2.2%)
[03:34:51]    📊 Polymarket 快照: 488 個市場 (20 事件)
[03:34:51]    📊 Polymarket: 488 個市場已更新
[03:34:51] 驗證 2 個即時預測...
[03:39:55]    📡 三源抓取: CNN:50 → 合計 50 篇
[03:39:55]    沒有新推文
[事件偵測] 掃描最近 5 天的信號模式...
[事件偵測]    最近 5 天的信號:
[事件偵測]    2026-07-17: 0 篇 | T=0 D=0 R=0
[事件偵測]    2026-07-16: 0 篇 | T=0 D=0 R=0
[事件偵測]    2026-07-15: 0 篇 | T=0 D=0 R=0
[事件偵測]    2026-07-14: 0 篇 | T=0 D=0 R=0
[事件偵測]    2026-07-13: 0 篇 | T=0 D=0 R=0
[03:39:55]    事件偵測失敗: Expecting value: line 1 column 1 (char 0)
[03:39:55]    🪙 $TRUMP: $2.10 (-1.8%)
[03:39:55]    📊 Polymarket 快照: 488 個市場 (20 事件)
[03:39:55]    📊 Polymarket: 488 個市場已更新
[03:39:55] 驗證 2 個即時預測...
[03:45:00]    📡 三源抓取: CNN:50 → 合計 50 篇
[03:45:00]    沒有新推文
[事件偵測] 掃描最近 5 天的信號模式...
[事件偵測]    最近 5 天的信號:
[事件偵測]    2026-07-17: 0 篇 | T=0 D=0 R=0
[事件偵測]    2026-07-16: 0 篇 | T=0 D=0 R=0
[事件偵測]    2026-07-15: 0 篇 | T=0 D=0 R=0
[事件偵測]    2026-07-14: 0 篇 | T=0 D=0 R=0
[事件偵測]    2026-07-13: 0 篇 | T=0 D=0 R=0
[03:45:00]    事件偵測失敗: Expecting value: line 1 column 1 (char 0)
[03:45:00]    🪙 $TRUMP: $2.10 (-1.8%)
[03:45:00]    📊 Polymarket 快照: 488 個市場 (20 事件)
[03:45:00]    📊 Polymarket: 488 個市場已更新
[03:45:00] 驗證 2 個即時預測...
[03:50:06]    📡 三源抓取: CNN:50 → 合計 50 篇
[03:50:06]    沒有新推文
[事件偵測] 掃描最近 5 天的信號模式...
[事件偵測]    最近 5 天的信號:
[事件偵測]    2026-07-17: 0 篇 | T=0 D=0 R=0
[事件偵測]    2026-07-16: 0 篇 | T=0 D=0 R=0
[事件偵測]    2026-07-15: 0 篇 | T=0 D=0 R=0
[事件偵測]    2026-07-14: 0 篇 | T=0 D=0 R=0
[事件偵測]    2026-07-13: 0 篇 | T=0 D=0 R=0
[03:50:06]    事件偵測失敗: Expecting value: line 1 column 1 (char 0)
[03:50:06]    🪙 $TRUMP: $2.10 (-1.9%)
[03:50:06]    📊 Polymarket 快照: 488 個市場 (20 事件)
[03:50:06]    📊 Polymarket: 488 個市場已更新
[03:50:06] 驗證 2 個即時預測...
[03:55:10]    📡 三源抓取: CNN:50 → 合計 50 篇
[03:55:10]    沒有新推文
[事件偵測] 掃描最近 5 天的信號模式...
[事件偵測]    最近 5 天的信號:
[事件偵測]    2026-07-17: 0 篇 | T=0 D=0 R=0
[事件偵測]    2026-07-16: 0 篇 | T=0 D=0 R=0
[事件偵測]    2026-07-15: 0 篇 | T=0 D=0 R=0
[事件偵測]    2026-07-14: 0 篇 | T=0 D=0 R=0
[事件偵測]    2026-07-13: 0 篇 | T=0 D=0 R=0
[03:55:10]    事件偵測失敗: Expecting value: line 1 column 1 (char 0)
[03:55:10]    🪙 $TRUMP: $2.10 (-1.9%)
[03:55:11]    📊 Polymarket 快照: 488 個市場 (20 事件)
[03:55:11]    📊 Polymarket: 488 個市場已更新
[03:55:11] 驗證 2 個即時預測...
[04:00:15]    📡 三源抓取: CNN:50 → 合計 50 篇
[04:00:15]    沒有新推文
[事件偵測] 掃描最近 5 天的信號模式...
[事件偵測]    最近 5 天的信號:
[事件偵測]    2026-07-17: 0 篇 | T=0 D=0 R=0
[事件偵測]    2026-07-16: 0 篇 | T=0 D=0 R=0
[事件偵測]    2026-07-15: 0 篇 | T=0 D=0 R=0
[事件偵測]    2026-07-14: 0 篇 | T=0 D=0 R=0
[事件偵測]    2026-07-13: 0 篇 | T=0 D=0 R=0
[04:00:15]    事件偵測失敗: Expecting value: line 1 column 1 (char 0)
[04:00:16]    🪙 $TRUMP: $2.09 (-2.3%)
[04:00:16]    📊 Polymarket 快照: 488 個市場 (20 事件)
[04:00:16]    📊 Polymarket: 488 個市場已更新
[04:00:16] 驗證 2 個即時預測...
[04:05:20]    📡 三源抓取: CNN:50 → 合計 50 篇
[04:05:20]    沒有新推文
[事件偵測] 掃描最近 5 天的信號模式...
[事件偵測]    最近 5 天的信號:
[事件偵測]    2026-07-17: 0 篇 | T=0 D=0 R=0
[事件偵測]    2026-07-16: 0 篇 | T=0 D=0 R=0
[事件偵測]    2026-07-15: 0 篇 | T=0 D=0 R=0
[事件偵測]    2026-07-14: 0 篇 | T=0 D=0 R=0
[事件偵測]    2026-07-13: 0 篇 | T=0 D=0 R=0
[04:05:20]    事件偵測失敗: Expecting value: line 1 column 1 (char 0)
[04:05:20]    🪙 $TRUMP: $2.09 (-2.8%)
[04:05:20]    📊 Polymarket 快照: 488 個市場 (20 事件)
[04:05:20]    📊 Polymarket: 488 個市場已更新
[04:05:20] 驗證 2 個即時預測...
[04:10:25]    📡 三源抓取: CNN:50 → 合計 50 篇
[04:10:25]    沒有新推文
[事件偵測] 掃描最近 5 天的信號模式...
[事件偵測]    最近 5 天的信號:
[事件偵測]    2026-07-17: 0 篇 | T=0 D=0 R=0
[事件偵測]    2026-07-16: 0 篇 | T=0 D=0 R=0
[事件偵測]    2026-07-15: 0 篇 | T=0 D=0 R=0
[事件偵測]    2026-07-14: 0 篇 | T=0 D=0 R=0
[事件偵測]    2026-07-13: 0 篇 | T=0 D=0 R=0
[04:10:25]    事件偵測失敗: Expecting value: line 1 column 1 (char 0)
[04:10:25]    🪙 $TRUMP: $2.09 (-3.2%)
[04:10:25]    📊 Polymarket 快照: 488 個市場 (20 事件)
[04:10:25]    📊 Polymarket: 488 個市場已更新
[04:10:25] 驗證 2 個即時預測...
[04:15:28]    📡 三源抓取: CNN:50 → 合計 50 篇
[04:15:28]    沒有新推文
[事件偵測] 掃描最近 5 天的信號模式...
[事件偵測]    最近 5 天的信號:
[事件偵測]    2026-07-17: 0 篇 | T=0 D=0 R=0
[事件偵測]    2026-07-16: 0 篇 | T=0 D=0 R=0
[事件偵測]    2026-07-15: 0 篇 | T=0 D=0 R=0
[事件偵測]    2026-07-14: 0 篇 | T=0 D=0 R=0
[事件偵測]    2026-07-13: 0 篇 | T=0 D=0 R=0
[04:15:28]    事件偵測失敗: Expecting value: line 1 column 1 (char 0)
[04:15:28]    🪙 $TRUMP: $2.09 (-2.7%)
[04:15:29]    📊 Polymarket 快照: 488 個市場 (20 事件)
[04:15:29]    📊 Polymarket: 488 個市場已更新
[04:15:29] 驗證 2 個即時預測...
[04:20:33]    📡 三源抓取: CNN:50 → 合計 50 篇
[04:20:33]    沒有新推文
[事件偵測] 掃描最近 5 天的信號模式...
[事件偵測]    最近 5 天的信號:
[事件偵測]    2026-07-17: 0 篇 | T=0 D=0 R=0
[事件偵測]    2026-07-16: 0 篇 | T=0 D=0 R=0
[事件偵測]    2026-07-15: 0 篇 | T=0 D=0 R=0
[事件偵測]    2026-07-14: 0 篇 | T=0 D=0 R=0
[事件偵測]    2026-07-13: 0 篇 | T=0 D=0 R=0
[04:20:33]    事件偵測失敗: Expecting value: line 1 column 1 (char 0)
[04:20:33]    🪙 $TRUMP: $2.09 (-2.9%)
[04:20:34]    📊 Polymarket 快照: 488 個市場 (20 事件)
[04:20:34]    📊 Polymarket: 488 個市場已更新
[04:20:34] 驗證 2 個即時預測...
[04:25:37]    📡 三源抓取: CNN:50 → 合計 50 篇
[04:25:37]    沒有新推文
[事件偵測] 掃描最近 5 天的信號模式...
[事件偵測]    最近 5 天的信號:
[事件偵測]    2026-07-17: 0 篇 | T=0 D=0 R=0
[事件偵測]    2026-07-16: 0 篇 | T=0 D=0 R=0
[事件偵測]    2026-07-15: 0 篇 | T=0 D=0 R=0
[事件偵測]    2026-07-14: 0 篇 | T=0 D=0 R=0
[事件偵測]    2026-07-13: 0 篇 | T=0 D=0 R=0
[04:25:37]    事件偵測失敗: Expecting value: line 1 column 1 (char 0)
[04:25:38]    🪙 $TRUMP: $2.09 (-2.2%)
[04:25:38]    📊 Polymarket 快照: 488 個市場 (20 事件)
[04:25:38]    📊 Polymarket: 488 個市場已更新
[04:25:38] 驗證 2 個即時預測...
[04:30:42]    📡 三源抓取: CNN:50 → 合計 50 篇
[04:30:42]    沒有新推文
[事件偵測] 掃描最近 5 天的信號模式...
[事件偵測]    最近 5 天的信號:
[事件偵測]    2026-07-17: 0 篇 | T=0 D=0 R=0
[事件偵測]    2026-07-16: 0 篇 | T=0 D=0 R=0
[事件偵測]    2026-07-15: 0 篇 | T=0 D=0 R=0
[事件偵測]    2026-07-14: 0 篇 | T=0 D=0 R=0
[事件偵測]    2026-07-13: 0 篇 | T=0 D=0 R=0
[04:30:42]    事件偵測失敗: Expecting value: line 1 column 1 (char 0)
[04:30:42]    🪙 $TRUMP: $2.09 (-2.0%)
[04:30:43]    📊 Polymarket 快照: 488 個市場 (20 事件)
[04:30:43]    📊 Polymarket: 488 個市場已更新
[04:30:43] 驗證 2 個即時預測...
[04:35:47]    📡 三源抓取: CNN:50 → 合計 50 篇
[04:35:47]    沒有新推文
[事件偵測] 掃描最近 5 天的信號模式...
[事件偵測]    最近 5 天的信號:
[事件偵測]    2026-07-17: 0 篇 | T=0 D=0 R=0
[事件偵測]    2026-07-16: 0 篇 | T=0 D=0 R=0
[事件偵測]    2026-07-15: 0 篇 | T=0 D=0 R=0
[事件偵測]    2026-07-14: 0 篇 | T=0 D=0 R=0
[事件偵測]    2026-07-13: 0 篇 | T=0 D=0 R=0
[04:35:47]    事件偵測失敗: Expecting value: line 1 column 1 (char 0)
[04:35:47]    🪙 $TRUMP: $2.08 (-2.4%)
[04:35:48]    📊 Polymarket 快照: 488 個市場 (20 事件)
[04:35:48]    📊 Polymarket: 488 個市場已更新
[04:35:48] 驗證 2 個即時預測...
[04:40:52]    📡 三源抓取: CNN:50 → 合計 50 篇
[04:40:52]    沒有新推文
[事件偵測] 掃描最近 5 天的信號模式...
[事件偵測]    最近 5 天的信號:
[事件偵測]    2026-07-17: 0 篇 | T=0 D=0 R=0
[事件偵測]    2026-07-16: 0 篇 | T=0 D=0 R=0
[事件偵測]    2026-07-15: 0 篇 | T=0 D=0 R=0
[事件偵測]    2026-07-14: 0 篇 | T=0 D=0 R=0
[事件偵測]    2026-07-13: 0 篇 | T=0 D=0 R=0
[04:40:52]    事件偵測失敗: Expecting value: line 1 column 1 (char 0)
[04:40:52]    🪙 $TRUMP: $2.08 (-2.7%)
[04:40:52]    📊 Polymarket 快照: 488 個市場 (20 事件)
[04:40:52]    📊 Polymarket: 488 個市場已更新
[04:40:52] 驗證 2 個即時預測...
[04:45:56]    📡 三源抓取: CNN:50 → 合計 50 篇
[04:45:56]    沒有新推文
[事件偵測] 掃描最近 5 天的信號模式...
[事件偵測]    最近 5 天的信號:
[事件偵測]    2026-07-17: 0 篇 | T=0 D=0 R=0
[事件偵測]    2026-07-16: 0 篇 | T=0 D=0 R=0
[事件偵測]    2026-07-15: 0 篇 | T=0 D=0 R=0
[事件偵測]    2026-07-14: 0 篇 | T=0 D=0 R=0
[事件偵測]    2026-07-13: 0 篇 | T=0 D=0 R=0
[04:45:56]    事件偵測失敗: Expecting value: line 1 column 1 (char 0)
[04:45:56]    🪙 $TRUMP: $2.08 (-2.7%)
[04:45:57]    📊 Polymarket 快照: 488 個市場 (20 事件)
[04:45:57]    📊 Polymarket: 488 個市場已更新
[04:45:57] 驗證 2 個即時預測...
[04:51:00]    📡 三源抓取: CNN:50 → 合計 50 篇
[04:51:00]    沒有新推文
[事件偵測] 掃描最近 5 天的信號模式...
[事件偵測]    最近 5 天的信號:
[事件偵測]    2026-07-17: 0 篇 | T=0 D=0 R=0
[事件偵測]    2026-07-16: 0 篇 | T=0 D=0 R=0
[事件偵測]    2026-07-15: 0 篇 | T=0 D=0 R=0
[事件偵測]    2026-07-14: 0 篇 | T=0 D=0 R=0
[事件偵測]    2026-07-13: 0 篇 | T=0 D=0 R=0
[04:51:00]    事件偵測失敗: Expecting value: line 1 column 1 (char 0)
[04:51:00]    🪙 $TRUMP: $2.08 (-2.9%)
[04:51:01]    📊 Polymarket 快照: 488 個市場 (20 事件)
[04:51:01]    📊 Polymarket: 488 個市場已更新
[04:51:01] 驗證 2 個即時預測...
[04:56:05]    📡 三源抓取: CNN:50 → 合計 50 篇
[04:56:05]    沒有新推文
[事件偵測] 掃描最近 5 天的信號模式...
[事件偵測]    最近 5 天的信號:
[事件偵測]    2026-07-17: 0 篇 | T=0 D=0 R=0
[事件偵測]    2026-07-16: 0 篇 | T=0 D=0 R=0
[事件偵測]    2026-07-15: 0 篇 | T=0 D=0 R=0
[事件偵測]    2026-07-14: 0 篇 | T=0 D=0 R=0
[事件偵測]    2026-07-13: 0 篇 | T=0 D=0 R=0
[04:56:05]    事件偵測失敗: Expecting value: line 1 column 1 (char 0)
[04:56:05]    🪙 $TRUMP: $2.08 (-2.7%)
[04:56:06]    📊 Polymarket 快照: 488 個市場 (20 事件)
[04:56:06]    📊 Polymarket: 488 個市場已更新
[04:56:06] 驗證 2 個即時預測...
[05:01:10]    📡 三源抓取: CNN:50 → 合計 50 篇
[05:01:10]    沒有新推文
[事件偵測] 掃描最近 5 天的信號模式...
[事件偵測]    最近 5 天的信號:
[事件偵測]    2026-07-17: 0 篇 | T=0 D=0 R=0
[事件偵測]    2026-07-16: 0 篇 | T=0 D=0 R=0
[事件偵測]    2026-07-15: 0 篇 | T=0 D=0 R=0
[事件偵測]    2026-07-14: 0 篇 | T=0 D=0 R=0
[事件偵測]    2026-07-13: 0 篇 | T=0 D=0 R=0
[05:01:10]    事件偵測失敗: Expecting value: line 1 column 1 (char 0)
[05:01:10]    🪙 $TRUMP: $2.08 (-2.4%)
[05:01:10]    📊 Polymarket 快照: 488 個市場 (20 事件)
[05:01:10]    📊 Polymarket: 488 個市場已更新
[05:01:10] 驗證 2 個即時預測...
[05:06:14]    📡 三源抓取: CNN:50 → 合計 50 篇
[05:06:14]    沒有新推文
[事件偵測] 掃描最近 5 天的信號模式...
[事件偵測]    最近 5 天的信號:
[事件偵測]    2026-07-17: 0 篇 | T=0 D=0 R=0
[事件偵測]    2026-07-16: 0 篇 | T=0 D=0 R=0
[事件偵測]    2026-07-15: 0 篇 | T=0 D=0 R=0
[事件偵測]    2026-07-14: 0 篇 | T=0 D=0 R=0
[事件偵測]    2026-07-13: 0 篇 | T=0 D=0 R=0
[05:06:14]    事件偵測失敗: Expecting value: line 1 column 1 (char 0)
[05:06:14]    🪙 $TRUMP: $2.09 (-2.0%)
[05:06:15]    📊 Polymarket 快照: 504 個市場 (20 事件)
[05:06:15]    📊 Polymarket: 504 個市場已更新
[05:06:15] 驗證 2 個即時預測...
[05:11:18]    📡 三源抓取: CNN:50 → 合計 50 篇
[05:11:18]    沒有新推文
[事件偵測] 掃描最近 5 天的信號模式...
[事件偵測]    最近 5 天的信號:
[事件偵測]    2026-07-17: 0 篇 | T=0 D=0 R=0
[事件偵測]    2026-07-16: 0 篇 | T=0 D=0 R=0
[事件偵測]    2026-07-15: 0 篇 | T=0 D=0 R=0
[事件偵測]    2026-07-14: 0 篇 | T=0 D=0 R=0
[事件偵測]    2026-07-13: 0 篇 | T=0 D=0 R=0
[05:11:18]    事件偵測失敗: Expecting value: line 1 column 1 (char 0)
[05:11:19]    🪙 $TRUMP: $2.09 (-2.0%)
[05:11:19]    📊 Polymarket 快照: 504 個市場 (20 事件)
[05:11:19]    📊 Polymarket: 504 個市場已更新
[05:11:19] 驗證 2 個即時預測...
[05:16:23]    📡 三源抓取: CNN:50 → 合計 50 篇
[05:16:23]    沒有新推文
[事件偵測] 掃描最近 5 天的信號模式...
[事件偵測]    最近 5 天的信號:
[事件偵測]    2026-07-17: 0 篇 | T=0 D=0 R=0
[事件偵測]    2026-07-16: 0 篇 | T=0 D=0 R=0
[事件偵測]    2026-07-15: 0 篇 | T=0 D=0 R=0
[事件偵測]    2026-07-14: 0 篇 | T=0 D=0 R=0
[事件偵測]    2026-07-13: 0 篇 | T=0 D=0 R=0
[05:16:23]    事件偵測失敗: Expecting value: line 1 column 1 (char 0)
[05:16:23]    🪙 $TRUMP: $2.09 (-1.8%)
[05:16:24]    📊 Polymarket 快照: 504 個市場 (20 事件)
[05:16:24]    📊 Polymarket: 504 個市場已更新
[05:16:24] 驗證 2 個即時預測...
[05:21:27]    📡 三源抓取: CNN:50 → 合計 50 篇
[05:21:27]    沒有新推文
[事件偵測] 掃描最近 5 天的信號模式...
[事件偵測]    最近 5 天的信號:
[事件偵測]    2026-07-17: 0 篇 | T=0 D=0 R=0
[事件偵測]    2026-07-16: 0 篇 | T=0 D=0 R=0
[事件偵測]    2026-07-15: 0 篇 | T=0 D=0 R=0
[事件偵測]    2026-07-14: 0 篇 | T=0 D=0 R=0
[事件偵測]    2026-07-13: 0 篇 | T=0 D=0 R=0
[05:21:27]    事件偵測失敗: Expecting value: line 1 column 1 (char 0)
[05:21:28]    🪙 $TRUMP: $2.09 (-1.7%)
[05:21:28]    📊 Polymarket 快照: 504 個市場 (20 事件)
[05:21:28]    📊 Polymarket: 504 個市場已更新
[05:21:28] 驗證 2 個即時預測...
[05:26:32]    📡 三源抓取: CNN:50 → 合計 50 篇
[05:26:32]    沒有新推文
[事件偵測] 掃描最近 5 天的信號模式...
[事件偵測]    最近 5 天的信號:
[事件偵測]    2026-07-17: 0 篇 | T=0 D=0 R=0
[事件偵測]    2026-07-16: 0 篇 | T=0 D=0 R=0
[事件偵測]    2026-07-15: 0 篇 | T=0 D=0 R=0
[事件偵測]    2026-07-14: 0 篇 | T=0 D=0 R=0
[事件偵測]    2026-07-13: 0 篇 | T=0 D=0 R=0
[05:26:32]    事件偵測失敗: Expecting value: line 1 column 1 (char 0)
[05:26:32]    🪙 $TRUMP: $2.09 (-1.9%)
[05:26:33]    📊 Polymarket 快照: 504 個市場 (20 事件)
[05:26:33]    📊 Polymarket: 504 個市場已更新
[05:26:33] 驗證 2 個即時預測...
[05:31:36]    📡 三源抓取: CNN:50 → 合計 50 篇
[05:31:36]    沒有新推文
[事件偵測] 掃描最近 5 天的信號模式...
[事件偵測]    最近 5 天的信號:
[事件偵測]    2026-07-17: 0 篇 | T=0 D=0 R=0
[事件偵測]    2026-07-16: 0 篇 | T=0 D=0 R=0
[事件偵測]    2026-07-15: 0 篇 | T=0 D=0 R=0
[事件偵測]    2026-07-14: 0 篇 | T=0 D=0 R=0
[事件偵測]    2026-07-13: 0 篇 | T=0 D=0 R=0
[05:31:36]    事件偵測失敗: Expecting value: line 1 column 1 (char 0)
[05:31:37]    🪙 $TRUMP: $2.09 (-1.4%)
[05:31:37]    📊 Polymarket 快照: 504 個市場 (20 事件)
[05:31:37]    📊 Polymarket: 504 個市場已更新
[05:31:37] 驗證 2 個即時預測...
[05:36:41]    📡 三源抓取: CNN:50 → 合計 50 篇
[05:36:41]    沒有新推文
[事件偵測] 掃描最近 5 天的信號模式...
[事件偵測]    最近 5 天的信號:
[事件偵測]    2026-07-17: 0 篇 | T=0 D=0 R=0
[事件偵測]    2026-07-16: 0 篇 | T=0 D=0 R=0
[事件偵測]    2026-07-15: 0 篇 | T=0 D=0 R=0
[事件偵測]    2026-07-14: 0 篇 | T=0 D=0 R=0
[事件偵測]    2026-07-13: 0 篇 | T=0 D=0 R=0
[05:36:41]    事件偵測失敗: Expecting value: line 1 column 1 (char 0)
[05:36:41]    🪙 $TRUMP: $2.09 (-1.3%)
[05:36:42]    📊 Polymarket 快照: 504 個市場 (20 事件)
[05:36:42]    📊 Polymarket: 504 個市場已更新
[05:36:42] 驗證 2 個即時預測...
[05:41:46]    📡 三源抓取: CNN:50 → 合計 50 篇
[05:41:46]    沒有新推文
[事件偵測] 掃描最近 5 天的信號模式...
[事件偵測]    最近 5 天的信號:
[事件偵測]    2026-07-17: 0 篇 | T=0 D=0 R=0
[事件偵測]    2026-07-16: 0 篇 | T=0 D=0 R=0
[事件偵測]    2026-07-15: 0 篇 | T=0 D=0 R=0
[事件偵測]    2026-07-14: 0 篇 | T=0 D=0 R=0
[事件偵測]    2026-07-13: 0 篇 | T=0 D=0 R=0
[05:41:46]    事件偵測失敗: Expecting value: line 1 column 1 (char 0)
[05:41:46]    🪙 $TRUMP: $2.10 (-1.3%)
[05:41:46]    📊 Polymarket 快照: 544 個市場 (20 事件)
[05:41:46]    📊 Polymarket: 544 個市場已更新
[05:41:46] 驗證 2 個即時預測...
[05:46:50]    📡 三源抓取: CNN:50 → 合計 50 篇
[05:46:50]    沒有新推文
[事件偵測] 掃描最近 5 天的信號模式...
[事件偵測]    最近 5 天的信號:
[事件偵測]    2026-07-17: 0 篇 | T=0 D=0 R=0
[事件偵測]    2026-07-16: 0 篇 | T=0 D=0 R=0
[事件偵測]    2026-07-15: 0 篇 | T=0 D=0 R=0
[事件偵測]    2026-07-14: 0 篇 | T=0 D=0 R=0
[事件偵測]    2026-07-13: 0 篇 | T=0 D=0 R=0
[05:46:50]    事件偵測失敗: Expecting value: line 1 column 1 (char 0)
[05:46:51]    🪙 $TRUMP: $2.10 (-1.3%)
[05:46:51]    📊 Polymarket 快照: 544 個市場 (20 事件)
[05:46:51]    📊 Polymarket: 544 個市場已更新
[05:46:51] 驗證 2 個即時預測...
[05:51:55]    📡 三源抓取: CNN:50 → 合計 50 篇
[05:51:55]    沒有新推文
[事件偵測] 掃描最近 5 天的信號模式...
[事件偵測]    最近 5 天的信號:
[事件偵測]    2026-07-17: 0 篇 | T=0 D=0 R=0
[事件偵測]    2026-07-16: 0 篇 | T=0 D=0 R=0
[事件偵測]    2026-07-15: 0 篇 | T=0 D=0 R=0
[事件偵測]    2026-07-14: 0 篇 | T=0 D=0 R=0
[事件偵測]    2026-07-13: 0 篇 | T=0 D=0 R=0
[05:51:55]    事件偵測失敗: Expecting value: line 1 column 1 (char 0)
[05:51:55]    🪙 $TRUMP: $2.10 (-0.9%)
[05:51:55]    📊 Polymarket 快照: 544 個市場 (20 事件)
[05:51:55]    📊 Polymarket: 544 個市場已更新
[05:51:55] 驗證 2 個即時預測...
[05:56:59]    📡 三源抓取: CNN:50 → 合計 50 篇
[05:56:59]    沒有新推文
[事件偵測] 掃描最近 5 天的信號模式...
[事件偵測]    最近 5 天的信號:
[事件偵測]    2026-07-17: 0 篇 | T=0 D=0 R=0
[事件偵測]    2026-07-16: 0 篇 | T=0 D=0 R=0
[事件偵測]    2026-07-15: 0 篇 | T=0 D=0 R=0
[事件偵測]    2026-07-14: 0 篇 | T=0 D=0 R=0
[事件偵測]    2026-07-13: 0 篇 | T=0 D=0 R=0
[05:56:59]    事件偵測失敗: Expecting value: line 1 column 1 (char 0)
[05:57:00]    🪙 $TRUMP: $2.10 (-0.8%)
[05:57:00]    📊 Polymarket 快照: 544 個市場 (20 事件)
[05:57:00]    📊 Polymarket: 544 個市場已更新
[05:57:00] 驗證 2 個即時預測...
[06:02:04]    📡 三源抓取: CNN:50 → 合計 50 篇
[06:02:04]    沒有新推文
[事件偵測] 掃描最近 5 天的信號模式...
[事件偵測]    最近 5 天的信號:
[事件偵測]    2026-07-17: 0 篇 | T=0 D=0 R=0
[事件偵測]    2026-07-16: 0 篇 | T=0 D=0 R=0
[事件偵測]    2026-07-15: 0 篇 | T=0 D=0 R=0
[事件偵測]    2026-07-14: 0 篇 | T=0 D=0 R=0
[事件偵測]    2026-07-13: 0 篇 | T=0 D=0 R=0
[06:02:04]    事件偵測失敗: Expecting value: line 1 column 1 (char 0)
[06:02:04]    🪙 $TRUMP: $2.10 (-0.8%)
[06:02:04]    📊 Polymarket 快照: 516 個市場 (20 事件)
[06:02:04]    📊 Polymarket: 516 個市場已更新
[06:02:04] 驗證 2 個即時預測...
[06:07:08]    📡 三源抓取: CNN:50 → 合計 50 篇
[06:07:08]    沒有新推文
[事件偵測] 掃描最近 5 天的信號模式...
[事件偵測]    最近 5 天的信號:
[事件偵測]    2026-07-17: 0 篇 | T=0 D=0 R=0
[事件偵測]    2026-07-16: 0 篇 | T=0 D=0 R=0
[事件偵測]    2026-07-15: 0 篇 | T=0 D=0 R=0
[事件偵測]    2026-07-14: 0 篇 | T=0 D=0 R=0
[事件偵測]    2026-07-13: 0 篇 | T=0 D=0 R=0
[06:07:08]    事件偵測失敗: Expecting value: line 1 column 1 (char 0)
[06:07:08]    🪙 $TRUMP: $2.10 (-0.7%)
[06:07:09]    📊 Polymarket 快照: 516 個市場 (20 事件)
[06:07:09]    📊 Polymarket: 516 個市場已更新
[06:07:09] 驗證 2 個即時預測...
[06:12:13]    📡 三源抓取: CNN:50 → 合計 50 篇
[06:12:13]    沒有新推文
[事件偵測] 掃描最近 5 天的信號模式...
[事件偵測]    最近 5 天的信號:
[事件偵測]    2026-07-17: 0 篇 | T=0 D=0 R=0
[事件偵測]    2026-07-16: 0 篇 | T=0 D=0 R=0
[事件偵測]    2026-07-15: 0 篇 | T=0 D=0 R=0
[事件偵測]    2026-07-14: 0 篇 | T=0 D=0 R=0
[事件偵測]    2026-07-13: 0 篇 | T=0 D=0 R=0
[06:12:13]    事件偵測失敗: Expecting value: line 1 column 1 (char 0)
[06:12:13]    🪙 $TRUMP: $2.11 (-0.5%)
[06:12:13]    📊 Polymarket 快照: 516 個市場 (20 事件)
[06:12:13]    📊 Polymarket: 516 個市場已更新
[06:12:13] 驗證 2 個即時預測...
[06:17:17]    📡 三源抓取: CNN:50 → 合計 50 篇
[06:17:17]    沒有新推文
[事件偵測] 掃描最近 5 天的信號模式...
[事件偵測]    最近 5 天的信號:
[事件偵測]    2026-07-17: 0 篇 | T=0 D=0 R=0
[事件偵測]    2026-07-16: 0 篇 | T=0 D=0 R=0
[事件偵測]    2026-07-15: 0 篇 | T=0 D=0 R=0
[事件偵測]    2026-07-14: 0 篇 | T=0 D=0 R=0
[事件偵測]    2026-07-13: 0 篇 | T=0 D=0 R=0
[06:17:17]    事件偵測失敗: Expecting value: line 1 column 1 (char 0)
[06:17:17]    🪙 $TRUMP: $2.11 (-0.1%)
[06:17:17]    📊 Polymarket 快照: 516 個市場 (20 事件)
[06:17:17]    📊 Polymarket: 516 個市場已更新
[06:17:17] 驗證 2 個即時預測...
[06:22:21]    📡 三源抓取: CNN:50 → 合計 50 篇
[06:22:21]    沒有新推文
[事件偵測] 掃描最近 5 天的信號模式...
[事件偵測]    最近 5 天的信號:
[事件偵測]    2026-07-17: 0 篇 | T=0 D=0 R=0
[事件偵測]    2026-07-16: 0 篇 | T=0 D=0 R=0
[事件偵測]    2026-07-15: 0 篇 | T=0 D=0 R=0
[事件偵測]    2026-07-14: 0 篇 | T=0 D=0 R=0
[事件偵測]    2026-07-13: 0 篇 | T=0 D=0 R=0
[06:22:21]    事件偵測失敗: Expecting value: line 1 column 1 (char 0)
[06:22:21]    🪙 $TRUMP: $2.11 (-0.1%)
[06:22:22]    📊 Polymarket 快照: 516 個市場 (20 事件)
[06:22:22]    📊 Polymarket: 516 個市場已更新
[06:22:22] 驗證 2 個即時預測...
[06:27:25]    📡 三源抓取: CNN:50 → 合計 50 篇
[06:27:25]    沒有新推文
[事件偵測] 掃描最近 5 天的信號模式...
[事件偵測]    最近 5 天的信號:
[事件偵測]    2026-07-17: 0 篇 | T=0 D=0 R=0
[事件偵測]    2026-07-16: 0 篇 | T=0 D=0 R=0
[事件偵測]    2026-07-15: 0 篇 | T=0 D=0 R=0
[事件偵測]    2026-07-14: 0 篇 | T=0 D=0 R=0
[事件偵測]    2026-07-13: 0 篇 | T=0 D=0 R=0
[06:27:25]    事件偵測失敗: Expecting value: line 1 column 1 (char 0)
[06:27:25]    🪙 $TRUMP: $2.11 (-0.1%)
[06:27:26]    📊 Polymarket 快照: 516 個市場 (20 事件)
[06:27:26]    📊 Polymarket: 516 個市場已更新
[06:27:26] 驗證 2 個即時預測...
[06:32:30]    📡 三源抓取: CNN:50 → 合計 50 篇
[06:32:30]    沒有新推文
[事件偵測] 掃描最近 5 天的信號模式...
[事件偵測]    最近 5 天的信號:
[事件偵測]    2026-07-17: 0 篇 | T=0 D=0 R=0
[事件偵測]    2026-07-16: 0 篇 | T=0 D=0 R=0
[事件偵測]    2026-07-15: 0 篇 | T=0 D=0 R=0
[事件偵測]    2026-07-14: 0 篇 | T=0 D=0 R=0
[事件偵測]    2026-07-13: 0 篇 | T=0 D=0 R=0
[06:32:30]    事件偵測失敗: Expecting value: line 1 column 1 (char 0)
[06:32:30]    🪙 $TRUMP: $2.12 (-0.1%)
[06:32:30]    📊 Polymarket 快照: 516 個市場 (20 事件)
[06:32:30]    📊 Polymarket: 516 個市場已更新
[06:32:30] 驗證 2 個即時預測...
[06:37:34]    📡 三源抓取: CNN:50 → 合計 50 篇
[06:37:34]    沒有新推文
[事件偵測] 掃描最近 5 天的信號模式...
[事件偵測]    最近 5 天的信號:
[事件偵測]    2026-07-17: 0 篇 | T=0 D=0 R=0
[事件偵測]    2026-07-16: 0 篇 | T=0 D=0 R=0
[事件偵測]    2026-07-15: 0 篇 | T=0 D=0 R=0
[事件偵測]    2026-07-14: 0 篇 | T=0 D=0 R=0
[事件偵測]    2026-07-13: 0 篇 | T=0 D=0 R=0
[06:37:34]    事件偵測失敗: Expecting value: line 1 column 1 (char 0)
[06:37:34]    🪙 $TRUMP: $2.12 (-0.1%)
[06:37:35]    📊 Polymarket 快照: 516 個市場 (20 事件)
[06:37:35]    📊 Polymarket: 516 個市場已更新
[06:37:35] 驗證 2 個即時預測...
[06:42:38]    📡 三源抓取: CNN:50 → 合計 50 篇
[06:42:38]    沒有新推文
[事件偵測] 掃描最近 5 天的信號模式...
[事件偵測]    最近 5 天的信號:
[事件偵測]    2026-07-17: 0 篇 | T=0 D=0 R=0
[事件偵測]    2026-07-16: 0 篇 | T=0 D=0 R=0
[事件偵測]    2026-07-15: 0 篇 | T=0 D=0 R=0
[事件偵測]    2026-07-14: 0 篇 | T=0 D=0 R=0
[事件偵測]    2026-07-13: 0 篇 | T=0 D=0 R=0
[06:42:38]    事件偵測失敗: Expecting value: line 1 column 1 (char 0)
[06:42:39]    🪙 $TRUMP: $2.12 (-0.1%)
[06:42:39]    📊 Polymarket 快照: 516 個市場 (20 事件)
[06:42:39]    📊 Polymarket: 516 個市場已更新
[06:42:39] 驗證 2 個即時預測...
[06:47:43]    📡 三源抓取: CNN:50 → 合計 50 篇
[06:47:43]    沒有新推文
[事件偵測] 掃描最近 5 天的信號模式...
[事件偵測]    最近 5 天的信號:
[事件偵測]    2026-07-17: 0 篇 | T=0 D=0 R=0
[事件偵測]    2026-07-16: 0 篇 | T=0 D=0 R=0
[事件偵測]    2026-07-15: 0 篇 | T=0 D=0 R=0
[事件偵測]    2026-07-14: 0 篇 | T=0 D=0 R=0
[事件偵測]    2026-07-13: 0 篇 | T=0 D=0 R=0
[06:47:43]    事件偵測失敗: Expecting value: line 1 column 1 (char 0)
[06:47:43]    🪙 $TRUMP: $2.12 (-0.2%)
[06:47:44]    📊 Polymarket 快照: 516 個市場 (20 事件)
[06:47:44]    📊 Polymarket: 516 個市場已更新
[06:47:44] 驗證 2 個即時預測...
[06:52:48]    📡 三源抓取: CNN:50 → 合計 50 篇
[06:52:48]    沒有新推文
[事件偵測] 掃描最近 5 天的信號模式...
[事件偵測]    最近 5 天的信號:
[事件偵測]    2026-07-17: 0 篇 | T=0 D=0 R=0
[事件偵測]    2026-07-16: 0 篇 | T=0 D=0 R=0
[事件偵測]    2026-07-15: 0 篇 | T=0 D=0 R=0
[事件偵測]    2026-07-14: 0 篇 | T=0 D=0 R=0
[事件偵測]    2026-07-13: 0 篇 | T=0 D=0 R=0
[06:52:48]    事件偵測失敗: Expecting value: line 1 column 1 (char 0)
[06:52:48]    🪙 $TRUMP: $2.12 (-0.1%)
[06:52:48]    📊 Polymarket 快照: 516 個市場 (20 事件)
[06:52:49]    📊 Polymarket: 516 個市場已更新
[06:52:49] 驗證 2 個即時預測...
[06:57:53]    📡 三源抓取: CNN:50 → 合計 50 篇
[06:57:53]    沒有新推文
[事件偵測] 掃描最近 5 天的信號模式...
[事件偵測]    最近 5 天的信號:
[事件偵測]    2026-07-17: 0 篇 | T=0 D=0 R=0
[事件偵測]    2026-07-16: 0 篇 | T=0 D=0 R=0
[事件偵測]    2026-07-15: 0 篇 | T=0 D=0 R=0
[事件偵測]    2026-07-14: 0 篇 | T=0 D=0 R=0
[事件偵測]    2026-07-13: 0 篇 | T=0 D=0 R=0
[06:57:53]    事件偵測失敗: Expecting value: line 1 column 1 (char 0)
[06:57:54]    🪙 $TRUMP: $2.12 (+0.0%)
[06:57:54]    📊 Polymarket 快照: 516 個市場 (20 事件)
[06:57:54]    📊 Polymarket: 516 個市場已更新
[06:57:54] 驗證 2 個即時預測...
[07:02:58]    📡 三源抓取: CNN:50 → 合計 50 篇
[07:02:58]    沒有新推文
[事件偵測] 掃描最近 5 天的信號模式...
[事件偵測]    最近 5 天的信號:
[事件偵測]    2026-07-17: 0 篇 | T=0 D=0 R=0
[事件偵測]    2026-07-16: 0 篇 | T=0 D=0 R=0
[事件偵測]    2026-07-15: 0 篇 | T=0 D=0 R=0
[事件偵測]    2026-07-14: 0 篇 | T=0 D=0 R=0
[事件偵測]    2026-07-13: 0 篇 | T=0 D=0 R=0
[07:02:58]    事件偵測失敗: Expecting value: line 1 column 1 (char 0)
[07:02:58]    🪙 $TRUMP: $2.12 (+0.1%)
[07:02:58]    📊 Polymarket 快照: 516 個市場 (20 事件)
[07:02:58]    📊 Polymarket: 516 個市場已更新
[07:02:58] 驗證 2 個即時預測...
[07:08:04]    📡 三源抓取: CNN:50 → 合計 50 篇
[07:08:04]    沒有新推文
[事件偵測] 掃描最近 5 天的信號模式...
[事件偵測]    最近 5 天的信號:
[事件偵測]    2026-07-17: 0 篇 | T=0 D=0 R=0
[事件偵測]    2026-07-16: 0 篇 | T=0 D=0 R=0
[事件偵測]    2026-07-15: 0 篇 | T=0 D=0 R=0
[事件偵測]    2026-07-14: 0 篇 | T=0 D=0 R=0
[事件偵測]    2026-07-13: 0 篇 | T=0 D=0 R=0
[07:08:04]    事件偵測失敗: Expecting value: line 1 column 1 (char 0)
[07:08:05]    🪙 $TRUMP: $2.12 (-0.1%)
[07:08:05]    📊 Polymarket 快照: 516 個市場 (20 事件)
[07:08:05]    📊 Polymarket: 516 個市場已更新
[07:08:05] 驗證 2 個即時預測...
[07:13:09]    📡 三源抓取: CNN:50 → 合計 50 篇
[07:13:09]    沒有新推文
[事件偵測] 掃描最近 5 天的信號模式...
[事件偵測]    最近 5 天的信號:
[事件偵測]    2026-07-17: 0 篇 | T=0 D=0 R=0
[事件偵測]    2026-07-16: 0 篇 | T=0 D=0 R=0
[事件偵測]    2026-07-15: 0 篇 | T=0 D=0 R=0
[事件偵測]    2026-07-14: 0 篇 | T=0 D=0 R=0
[事件偵測]    2026-07-13: 0 篇 | T=0 D=0 R=0
[07:13:09]    事件偵測失敗: Expecting value: line 1 column 1 (char 0)
[07:13:09]    🪙 $TRUMP: $2.12 (-0.2%)
[07:13:09]    📊 Polymarket 快照: 516 個市場 (20 事件)
[07:13:09]    📊 Polymarket: 516 個市場已更新
[07:13:09] 驗證 2 個即時預測...
[07:18:14]    📡 三源抓取: CNN:50 → 合計 50 篇
[07:18:14]    沒有新推文
[事件偵測] 掃描最近 5 天的信號模式...
[事件偵測]    最近 5 天的信號:
[事件偵測]    2026-07-17: 0 篇 | T=0 D=0 R=0
[事件偵測]    2026-07-16: 0 篇 | T=0 D=0 R=0
[事件偵測]    2026-07-15: 0 篇 | T=0 D=0 R=0
[事件偵測]    2026-07-14: 0 篇 | T=0 D=0 R=0
[事件偵測]    2026-07-13: 0 篇 | T=0 D=0 R=0
[07:18:14]    事件偵測失敗: Expecting value: line 1 column 1 (char 0)
[07:18:14]    🪙 $TRUMP: $2.12 (-0.3%)
[07:18:14]    📊 Polymarket 快照: 570 個市場 (20 事件)
[07:18:14]    📊 Polymarket: 570 個市場已更新
[07:18:14] 驗證 2 個即時預測...
[07:23:18]    📡 三源抓取: CNN:50 → 合計 50 篇
[07:23:18]    沒有新推文
[事件偵測] 掃描最近 5 天的信號模式...
[事件偵測]    最近 5 天的信號:
[事件偵測]    2026-07-17: 0 篇 | T=0 D=0 R=0
[事件偵測]    2026-07-16: 0 篇 | T=0 D=0 R=0
[事件偵測]    2026-07-15: 0 篇 | T=0 D=0 R=0
[事件偵測]    2026-07-14: 0 篇 | T=0 D=0 R=0
[事件偵測]    2026-07-13: 0 篇 | T=0 D=0 R=0
[07:23:18]    事件偵測失敗: Expecting value: line 1 column 1 (char 0)
[07:23:18]    🪙 $TRUMP: $2.12 (-0.3%)
[07:23:18]    📊 Polymarket 快照: 570 個市場 (20 事件)
[07:23:18]    📊 Polymarket: 570 個市場已更新
[07:23:18] 驗證 2 個即時預測...
[07:28:22]    📡 三源抓取: CNN:50 → 合計 50 篇
[07:28:22]    沒有新推文
[事件偵測] 掃描最近 5 天的信號模式...
[事件偵測]    最近 5 天的信號:
[事件偵測]    2026-07-17: 0 篇 | T=0 D=0 R=0
[事件偵測]    2026-07-16: 0 篇 | T=0 D=0 R=0
[事件偵測]    2026-07-15: 0 篇 | T=0 D=0 R=0
[事件偵測]    2026-07-14: 0 篇 | T=0 D=0 R=0
[事件偵測]    2026-07-13: 0 篇 | T=0 D=0 R=0
[07:28:22]    事件偵測失敗: Expecting value: line 1 column 1 (char 0)
[07:28:23]    🪙 $TRUMP: $2.12 (-0.0%)
[07:28:23]    📊 Polymarket 快照: 570 個市場 (20 事件)
[07:28:23]    📊 Polymarket: 570 個市場已更新
[07:28:23] 驗證 2 個即時預測...
[07:33:27]    📡 三源抓取: CNN:50 → 合計 50 篇
[07:33:27]    沒有新推文
[事件偵測] 掃描最近 5 天的信號模式...
[事件偵測]    最近 5 天的信號:
[事件偵測]    2026-07-17: 0 篇 | T=0 D=0 R=0
[事件偵測]    2026-07-16: 0 篇 | T=0 D=0 R=0
[事件偵測]    2026-07-15: 0 篇 | T=0 D=0 R=0
[事件偵測]    2026-07-14: 0 篇 | T=0 D=0 R=0
[事件偵測]    2026-07-13: 0 篇 | T=0 D=0 R=0
[07:33:27]    事件偵測失敗: Expecting value: line 1 column 1 (char 0)
[07:33:27]    🪙 $TRUMP: $2.12 (+0.0%)
[07:33:27]    📊 Polymarket 快照: 570 個市場 (20 事件)
[07:33:27]    📊 Polymarket: 570 個市場已更新
[07:33:27] 驗證 2 個即時預測...
[07:38:32]    📡 三源抓取: CNN:50 → 合計 50 篇
[07:38:32]    沒有新推文
[事件偵測] 掃描最近 5 天的信號模式...
[事件偵測]    最近 5 天的信號:
[事件偵測]    2026-07-17: 0 篇 | T=0 D=0 R=0
[事件偵測]    2026-07-16: 0 篇 | T=0 D=0 R=0
[事件偵測]    2026-07-15: 0 篇 | T=0 D=0 R=0
[事件偵測]    2026-07-14: 0 篇 | T=0 D=0 R=0
[事件偵測]    2026-07-13: 0 篇 | T=0 D=0 R=0
[07:38:32]    事件偵測失敗: Expecting value: line 1 column 1 (char 0)
[07:38:32]    🪙 $TRUMP: $2.14 (+0.6%)
[07:38:32]    📊 Polymarket 快照: 570 個市場 (20 事件)
[07:38:32]    📊 Polymarket: 570 個市場已更新
[07:38:32] 驗證 2 個即時預測...
[07:43:36]    📡 三源抓取: CNN:50 → 合計 50 篇
[07:43:36]    沒有新推文
[事件偵測] 掃描最近 5 天的信號模式...
[事件偵測]    最近 5 天的信號:
[事件偵測]    2026-07-17: 0 篇 | T=0 D=0 R=0
[事件偵測]    2026-07-16: 0 篇 | T=0 D=0 R=0
[事件偵測]    2026-07-15: 0 篇 | T=0 D=0 R=0
[事件偵測]    2026-07-14: 0 篇 | T=0 D=0 R=0
[事件偵測]    2026-07-13: 0 篇 | T=0 D=0 R=0
[07:43:36]    事件偵測失敗: Expecting value: line 1 column 1 (char 0)
[07:43:36]    🪙 $TRUMP: $2.14 (+0.6%)
[07:43:36]    📊 Polymarket 快照: 570 個市場 (20 事件)
[07:43:36]    📊 Polymarket: 570 個市場已更新
[07:43:36] 驗證 2 個即時預測...
[07:48:41]    📡 三源抓取: CNN:50 → 合計 50 篇
[07:48:41]    沒有新推文
[事件偵測] 掃描最近 5 天的信號模式...
[事件偵測]    最近 5 天的信號:
[事件偵測]    2026-07-17: 0 篇 | T=0 D=0 R=0
[事件偵測]    2026-07-16: 0 篇 | T=0 D=0 R=0
[事件偵測]    2026-07-15: 0 篇 | T=0 D=0 R=0
[事件偵測]    2026-07-14: 0 篇 | T=0 D=0 R=0
[事件偵測]    2026-07-13: 0 篇 | T=0 D=0 R=0
[07:48:41]    事件偵測失敗: Expecting value: line 1 column 1 (char 0)
[07:48:42]    🪙 $TRUMP: $2.14 (+0.4%)
[07:48:42]    📊 Polymarket 快照: 570 個市場 (20 事件)
[07:48:42]    📊 Polymarket: 570 個市場已更新
[07:48:42] 驗證 2 個即時預測...
[07:53:46]    📡 三源抓取: CNN:50 → 合計 50 篇
[07:53:46]    沒有新推文
[事件偵測] 掃描最近 5 天的信號模式...
[事件偵測]    最近 5 天的信號:
[事件偵測]    2026-07-17: 0 篇 | T=0 D=0 R=0
[事件偵測]    2026-07-16: 0 篇 | T=0 D=0 R=0
[事件偵測]    2026-07-15: 0 篇 | T=0 D=0 R=0
[事件偵測]    2026-07-14: 0 篇 | T=0 D=0 R=0
[事件偵測]    2026-07-13: 0 篇 | T=0 D=0 R=0
[07:53:46]    事件偵測失敗: Expecting value: line 1 column 1 (char 0)
[07:53:46]    🪙 $TRUMP: $2.14 (+0.5%)
[07:53:47]    📊 Polymarket 快照: 570 個市場 (20 事件)
[07:53:47]    📊 Polymarket: 570 個市場已更新
[07:53:47] 驗證 2 個即時預測...
[07:58:51]    📡 三源抓取: CNN:50 → 合計 50 篇
[07:58:51]    沒有新推文
[事件偵測] 掃描最近 5 天的信號模式...
[事件偵測]    最近 5 天的信號:
[事件偵測]    2026-07-17: 0 篇 | T=0 D=0 R=0
[事件偵測]    2026-07-16: 0 篇 | T=0 D=0 R=0
[事件偵測]    2026-07-15: 0 篇 | T=0 D=0 R=0
[事件偵測]    2026-07-14: 0 篇 | T=0 D=0 R=0
[事件偵測]    2026-07-13: 0 篇 | T=0 D=0 R=0
[07:58:51]    事件偵測失敗: Expecting value: line 1 column 1 (char 0)
[07:58:51]    🪙 $TRUMP: $2.15 (+0.6%)
[07:58:52]    📊 Polymarket 快照: 570 個市場 (20 事件)
[07:58:52]    📊 Polymarket: 570 個市場已更新
[07:58:52] 驗證 2 個即時預測...
[08:03:55]    📡 三源抓取: CNN:50 → 合計 50 篇
[08:03:55]    沒有新推文
[事件偵測] 掃描最近 5 天的信號模式...
[事件偵測]    最近 5 天的信號:
[事件偵測]    2026-07-17: 0 篇 | T=0 D=0 R=0
[事件偵測]    2026-07-16: 0 篇 | T=0 D=0 R=0
[事件偵測]    2026-07-15: 0 篇 | T=0 D=0 R=0
[事件偵測]    2026-07-14: 0 篇 | T=0 D=0 R=0
[事件偵測]    2026-07-13: 0 篇 | T=0 D=0 R=0
[08:03:55]    事件偵測失敗: Expecting value: line 1 column 1 (char 0)
[08:03:55]    🪙 $TRUMP: $2.14 (+0.8%)
[08:03:56]    📊 Polymarket 快照: 570 個市場 (20 事件)
[08:03:56]    📊 Polymarket: 570 個市場已更新
[08:03:56] 驗證 2 個即時預測...
[08:08:59]    📡 三源抓取: CNN:50 → 合計 50 篇
[08:08:59]    沒有新推文
[事件偵測] 掃描最近 5 天的信號模式...
[事件偵測]    最近 5 天的信號:
[事件偵測]    2026-07-17: 0 篇 | T=0 D=0 R=0
[事件偵測]    2026-07-16: 0 篇 | T=0 D=0 R=0
[事件偵測]    2026-07-15: 0 篇 | T=0 D=0 R=0
[事件偵測]    2026-07-14: 0 篇 | T=0 D=0 R=0
[事件偵測]    2026-07-13: 0 篇 | T=0 D=0 R=0
[08:08:59]    事件偵測失敗: Expecting value: line 1 column 1 (char 0)
[08:08:59]    🪙 $TRUMP: $2.14 (+0.9%)
[08:08:59]    📊 Polymarket 快照: 570 個市場 (20 事件)
[08:08:59]    📊 Polymarket: 570 個市場已更新
[08:08:59] 驗證 2 個即時預測...
[08:14:04]    📡 三源抓取: CNN:50 → 合計 50 篇
[08:14:04]    沒有新推文
[事件偵測] 掃描最近 5 天的信號模式...
[事件偵測]    最近 5 天的信號:
[事件偵測]    2026-07-17: 0 篇 | T=0 D=0 R=0
[事件偵測]    2026-07-16: 0 篇 | T=0 D=0 R=0
[事件偵測]    2026-07-15: 0 篇 | T=0 D=0 R=0
[事件偵測]    2026-07-14: 0 篇 | T=0 D=0 R=0
[事件偵測]    2026-07-13: 0 篇 | T=0 D=0 R=0
[08:14:04]    事件偵測失敗: Expecting value: line 1 column 1 (char 0)
[08:14:04]    🪙 $TRUMP: $2.14 (+0.9%)
[08:14:04]    📊 Polymarket 快照: 570 個市場 (20 事件)
[08:14:04]    📊 Polymarket: 570 個市場已更新
[08:14:04] 驗證 2 個即時預測...
[08:19:08]    📡 三源抓取: CNN:50 → 合計 50 篇
[08:19:08]    沒有新推文
[事件偵測] 掃描最近 5 天的信號模式...
[事件偵測]    最近 5 天的信號:
[事件偵測]    2026-07-17: 0 篇 | T=0 D=0 R=0
[事件偵測]    2026-07-16: 0 篇 | T=0 D=0 R=0
[事件偵測]    2026-07-15: 0 篇 | T=0 D=0 R=0
[事件偵測]    2026-07-14: 0 篇 | T=0 D=0 R=0
[事件偵測]    2026-07-13: 0 篇 | T=0 D=0 R=0
[08:19:08]    事件偵測失敗: Expecting value: line 1 column 1 (char 0)
[08:19:08]    🪙 $TRUMP: $2.14 (+1.2%)
[08:19:08]    📊 Polymarket 快照: 516 個市場 (20 事件)
[08:19:08]    📊 Polymarket: 516 個市場已更新
[08:19:08] 驗證 2 個即時預測...
[08:24:12]    📡 三源抓取: CNN:50 → 合計 50 篇
[08:24:12]    沒有新推文
[事件偵測] 掃描最近 5 天的信號模式...
[事件偵測]    最近 5 天的信號:
[事件偵測]    2026-07-17: 0 篇 | T=0 D=0 R=0
[事件偵測]    2026-07-16: 0 篇 | T=0 D=0 R=0
[事件偵測]    2026-07-15: 0 篇 | T=0 D=0 R=0
[事件偵測]    2026-07-14: 0 篇 | T=0 D=0 R=0
[事件偵測]    2026-07-13: 0 篇 | T=0 D=0 R=0
[08:24:12]    事件偵測失敗: Expecting value: line 1 column 1 (char 0)
[08:24:13]    🪙 $TRUMP: $2.14 (+1.2%)
[08:24:13]    📊 Polymarket 快照: 516 個市場 (20 事件)
[08:24:13]    📊 Polymarket: 516 個市場已更新
[08:24:13] 驗證 2 個即時預測...
[08:29:16]    📡 三源抓取: CNN:50 → 合計 50 篇
[08:29:16]    沒有新推文
[事件偵測] 掃描最近 5 天的信號模式...
[事件偵測]    最近 5 天的信號:
[事件偵測]    2026-07-17: 0 篇 | T=0 D=0 R=0
[事件偵測]    2026-07-16: 0 篇 | T=0 D=0 R=0
[事件偵測]    2026-07-15: 0 篇 | T=0 D=0 R=0
[事件偵測]    2026-07-14: 0 篇 | T=0 D=0 R=0
[事件偵測]    2026-07-13: 0 篇 | T=0 D=0 R=0
[08:29:17]    事件偵測失敗: Expecting value: line 1 column 1 (char 0)
[08:29:17]    🪙 $TRUMP: $2.14 (+0.8%)
[08:29:17]    📊 Polymarket 快照: 516 個市場 (20 事件)
[08:29:17]    📊 Polymarket: 516 個市場已更新
[08:29:17] 驗證 2 個即時預測...
[08:34:21]    📡 三源抓取: CNN:50 → 合計 50 篇
[08:34:21]    沒有新推文
[事件偵測] 掃描最近 5 天的信號模式...
[事件偵測]    最近 5 天的信號:
[事件偵測]    2026-07-17: 0 篇 | T=0 D=0 R=0
[事件偵測]    2026-07-16: 0 篇 | T=0 D=0 R=0
[事件偵測]    2026-07-15: 0 篇 | T=0 D=0 R=0
[事件偵測]    2026-07-14: 0 篇 | T=0 D=0 R=0
[事件偵測]    2026-07-13: 0 篇 | T=0 D=0 R=0
[08:34:21]    事件偵測失敗: Expecting value: line 1 column 1 (char 0)
[08:34:21]    🪙 $TRUMP: $2.14 (+0.7%)
[08:34:21]    📊 Polymarket 快照: 516 個市場 (20 事件)
[08:34:21]    📊 Polymarket: 516 個市場已更新
[08:34:21] 驗證 2 個即時預測...
[08:39:25]    📡 三源抓取: CNN:50 → 合計 50 篇
[08:39:25]    沒有新推文
[事件偵測] 掃描最近 5 天的信號模式...
[事件偵測]    最近 5 天的信號:
[事件偵測]    2026-07-17: 0 篇 | T=0 D=0 R=0
[事件偵測]    2026-07-16: 0 篇 | T=0 D=0 R=0
[事件偵測]    2026-07-15: 0 篇 | T=0 D=0 R=0
[事件偵測]    2026-07-14: 0 篇 | T=0 D=0 R=0
[事件偵測]    2026-07-13: 0 篇 | T=0 D=0 R=0
[08:39:25]    事件偵測失敗: Expecting value: line 1 column 1 (char 0)
[08:39:25]    🪙 $TRUMP: $2.15 (+0.7%)
[08:39:25]    📊 Polymarket 快照: 516 個市場 (20 事件)
[08:39:25]    📊 Polymarket: 516 個市場已更新
[08:39:25] 驗證 2 個即時預測...
[08:44:29]    📡 三源抓取: CNN:50 → 合計 50 篇
[08:44:29]    沒有新推文
[事件偵測] 掃描最近 5 天的信號模式...
[事件偵測]    最近 5 天的信號:
[事件偵測]    2026-07-17: 0 篇 | T=0 D=0 R=0
[事件偵測]    2026-07-16: 0 篇 | T=0 D=0 R=0
[事件偵測]    2026-07-15: 0 篇 | T=0 D=0 R=0
[事件偵測]    2026-07-14: 0 篇 | T=0 D=0 R=0
[事件偵測]    2026-07-13: 0 篇 | T=0 D=0 R=0
[08:44:29]    事件偵測失敗: Expecting value: line 1 column 1 (char 0)
[08:44:30]    🪙 $TRUMP: $2.15 (+0.7%)
[08:44:30]    📊 Polymarket 快照: 516 個市場 (20 事件)
[08:44:30]    📊 Polymarket: 516 個市場已更新
[08:44:30] 驗證 2 個即時預測...
[08:49:53]    📡 三源抓取: CNN:50 → 合計 50 篇
[08:49:53]    沒有新推文
[事件偵測] 掃描最近 5 天的信號模式...
[事件偵測]    最近 5 天的信號:
[事件偵測]    2026-07-17: 0 篇 | T=0 D=0 R=0
[事件偵測]    2026-07-16: 0 篇 | T=0 D=0 R=0
[事件偵測]    2026-07-15: 0 篇 | T=0 D=0 R=0
[事件偵測]    2026-07-14: 0 篇 | T=0 D=0 R=0
[事件偵測]    2026-07-13: 0 篇 | T=0 D=0 R=0
[08:49:53]    事件偵測失敗: Expecting value: line 1 column 1 (char 0)
[08:49:53]    🪙 $TRUMP: $2.15 (+0.9%)
[08:49:54]    📊 Polymarket 快照: 516 個市場 (20 事件)
[08:49:54]    📊 Polymarket: 516 個市場已更新
[08:49:54] 驗證 2 個即時預測...
[08:54:58]    📡 三源抓取: CNN:50 → 合計 50 篇
[08:54:58]    沒有新推文
[事件偵測] 掃描最近 5 天的信號模式...
[事件偵測]    最近 5 天的信號:
[事件偵測]    2026-07-17: 0 篇 | T=0 D=0 R=0
[事件偵測]    2026-07-16: 0 篇 | T=0 D=0 R=0
[事件偵測]    2026-07-15: 0 篇 | T=0 D=0 R=0
[事件偵測]    2026-07-14: 0 篇 | T=0 D=0 R=0
[事件偵測]    2026-07-13: 0 篇 | T=0 D=0 R=0
[08:54:58]    事件偵測失敗: Expecting value: line 1 column 1 (char 0)
[08:54:58]    🪙 $TRUMP: $2.15 (+1.1%)
[08:54:58]    📊 Polymarket 快照: 516 個市場 (20 事件)
[08:54:58]    📊 Polymarket: 516 個市場已更新
[08:54:58] 驗證 2 個即時預測...
[09:00:05]    📡 三源抓取: CNN:50 → 合計 50 篇
[09:00:05]    沒有新推文
[事件偵測] 掃描最近 5 天的信號模式...
[事件偵測]    最近 5 天的信號:
[事件偵測]    2026-07-17: 0 篇 | T=0 D=0 R=0
[事件偵測]    2026-07-16: 0 篇 | T=0 D=0 R=0
[事件偵測]    2026-07-15: 0 篇 | T=0 D=0 R=0
[事件偵測]    2026-07-14: 0 篇 | T=0 D=0 R=0
[事件偵測]    2026-07-13: 0 篇 | T=0 D=0 R=0
[09:00:05]    事件偵測失敗: Expecting value: line 1 column 1 (char 0)
[09:00:05]    🪙 $TRUMP: $2.14 (+0.8%)
[09:00:06]    📊 Polymarket 快照: 516 個市場 (20 事件)
[09:00:06]    📊 Polymarket: 516 個市場已更新
[09:00:06] 驗證 2 個即時預測...
[09:05:12]    📡 三源抓取: CNN:50 → 合計 50 篇
[09:05:12]    沒有新推文
[事件偵測] 掃描最近 5 天的信號模式...
[事件偵測]    最近 5 天的信號:
[事件偵測]    2026-07-17: 0 篇 | T=0 D=0 R=0
[事件偵測]    2026-07-16: 0 篇 | T=0 D=0 R=0
[事件偵測]    2026-07-15: 0 篇 | T=0 D=0 R=0
[事件偵測]    2026-07-14: 0 篇 | T=0 D=0 R=0
[事件偵測]    2026-07-13: 0 篇 | T=0 D=0 R=0
[09:05:12]    事件偵測失敗: Expecting value: line 1 column 1 (char 0)
[09:05:12]    🪙 $TRUMP: $2.14 (+1.0%)
[09:05:13]    📊 Polymarket 快照: 516 個市場 (20 事件)
[09:05:13]    📊 Polymarket: 516 個市場已更新
[09:05:13] 驗證 2 個即時預測...
[09:10:17]    📡 三源抓取: CNN:50 → 合計 50 篇
[09:10:17]    沒有新推文
[事件偵測] 掃描最近 5 天的信號模式...
[事件偵測]    最近 5 天的信號:
[事件偵測]    2026-07-17: 0 篇 | T=0 D=0 R=0
[事件偵測]    2026-07-16: 0 篇 | T=0 D=0 R=0
[事件偵測]    2026-07-15: 0 篇 | T=0 D=0 R=0
[事件偵測]    2026-07-14: 0 篇 | T=0 D=0 R=0
[事件偵測]    2026-07-13: 0 篇 | T=0 D=0 R=0
[09:10:17]    事件偵測失敗: Expecting value: line 1 column 1 (char 0)
[09:10:17]    🪙 $TRUMP: $2.13 (+0.7%)
[09:10:17]    📊 Polymarket 快照: 516 個市場 (20 事件)
[09:10:17]    📊 Polymarket: 516 個市場已更新
[09:10:17] 驗證 2 個即時預測...
[09:15:22]    📡 三源抓取: CNN:50 → 合計 50 篇
[09:15:22]    沒有新推文
[事件偵測] 掃描最近 5 天的信號模式...
[事件偵測]    最近 5 天的信號:
[事件偵測]    2026-07-17: 0 篇 | T=0 D=0 R=0
[事件偵測]    2026-07-16: 0 篇 | T=0 D=0 R=0
[事件偵測]    2026-07-15: 0 篇 | T=0 D=0 R=0
[事件偵測]    2026-07-14: 0 篇 | T=0 D=0 R=0
[事件偵測]    2026-07-13: 0 篇 | T=0 D=0 R=0
[09:15:22]    事件偵測失敗: Expecting value: line 1 column 1 (char 0)
[09:15:22]    🪙 $TRUMP: $2.13 (+1.2%)
[09:15:22]    📊 Polymarket 快照: 516 個市場 (20 事件)
[09:15:22]    📊 Polymarket: 516 個市場已更新
[09:15:22] 驗證 2 個即時預測...
[09:20:26]    📡 三源抓取: CNN:50 → 合計 50 篇
[09:20:26]    沒有新推文
[事件偵測] 掃描最近 5 天的信號模式...
[事件偵測]    最近 5 天的信號:
[事件偵測]    2026-07-17: 0 篇 | T=0 D=0 R=0
[事件偵測]    2026-07-16: 0 篇 | T=0 D=0 R=0
[事件偵測]    2026-07-15: 0 篇 | T=0 D=0 R=0
[事件偵測]    2026-07-14: 0 篇 | T=0 D=0 R=0
[事件偵測]    2026-07-13: 0 篇 | T=0 D=0 R=0
[09:20:27]    事件偵測失敗: Expecting value: line 1 column 1 (char 0)
[09:20:27]    🪙 $TRUMP: $2.13 (+1.1%)
[09:20:27]    📊 Polymarket 快照: 516 個市場 (20 事件)
[09:20:27]    📊 Polymarket: 516 個市場已更新
[09:20:27] 驗證 2 個即時預測...
[09:25:32]    📡 三源抓取: CNN:50 → 合計 50 篇
[09:25:32]    沒有新推文
[事件偵測] 掃描最近 5 天的信號模式...
[事件偵測]    最近 5 天的信號:
[事件偵測]    2026-07-17: 0 篇 | T=0 D=0 R=0
[事件偵測]    2026-07-16: 0 篇 | T=0 D=0 R=0
[事件偵測]    2026-07-15: 0 篇 | T=0 D=0 R=0
[事件偵測]    2026-07-14: 0 篇 | T=0 D=0 R=0
[事件偵測]    2026-07-13: 0 篇 | T=0 D=0 R=0
[09:25:32]    事件偵測失敗: Expecting value: line 1 column 1 (char 0)
[09:25:32]    🪙 $TRUMP: $2.13 (+1.2%)
[09:25:32]    📊 Polymarket 快照: 516 個市場 (20 事件)
[09:25:32]    📊 Polymarket: 516 個市場已更新
[09:25:32] 驗證 2 個即時預測...
[09:30:36]    📡 三源抓取: CNN:50 → 合計 50 篇
[09:30:36]    沒有新推文
[事件偵測] 掃描最近 5 天的信號模式...
[事件偵測]    最近 5 天的信號:
[事件偵測]    2026-07-17: 0 篇 | T=0 D=0 R=0
[事件偵測]    2026-07-16: 0 篇 | T=0 D=0 R=0
[事件偵測]    2026-07-15: 0 篇 | T=0 D=0 R=0
[事件偵測]    2026-07-14: 0 篇 | T=0 D=0 R=0
[事件偵測]    2026-07-13: 0 篇 | T=0 D=0 R=0
[09:30:36]    事件偵測失敗: Expecting value: line 1 column 1 (char 0)
[09:30:36]    🪙 $TRUMP: $2.13 (+1.3%)
[09:30:37]    📊 Polymarket 快照: 570 個市場 (20 事件)
[09:30:37]    📊 Polymarket: 570 個市場已更新
[09:30:37] 驗證 2 個即時預測...
[09:35:41]    📡 三源抓取: CNN:50 → 合計 50 篇
[09:35:41]    沒有新推文
[事件偵測] 掃描最近 5 天的信號模式...
[事件偵測]    最近 5 天的信號:
[事件偵測]    2026-07-17: 0 篇 | T=0 D=0 R=0
[事件偵測]    2026-07-16: 0 篇 | T=0 D=0 R=0
[事件偵測]    2026-07-15: 0 篇 | T=0 D=0 R=0
[事件偵測]    2026-07-14: 0 篇 | T=0 D=0 R=0
[事件偵測]    2026-07-13: 0 篇 | T=0 D=0 R=0
[09:35:41]    事件偵測失敗: Expecting value: line 1 column 1 (char 0)
[09:35:41]    🪙 $TRUMP: $2.14 (+1.2%)
[09:35:41]    📊 Polymarket 快照: 570 個市場 (20 事件)
[09:35:41]    📊 Polymarket: 570 個市場已更新
[09:35:41] 驗證 2 個即時預測...
[09:40:45]    📡 三源抓取: CNN:50 → 合計 50 篇
[09:40:45]    沒有新推文
[事件偵測] 掃描最近 5 天的信號模式...
[事件偵測]    最近 5 天的信號:
[事件偵測]    2026-07-17: 0 篇 | T=0 D=0 R=0
[事件偵測]    2026-07-16: 0 篇 | T=0 D=0 R=0
[事件偵測]    2026-07-15: 0 篇 | T=0 D=0 R=0
[事件偵測]    2026-07-14: 0 篇 | T=0 D=0 R=0
[事件偵測]    2026-07-13: 0 篇 | T=0 D=0 R=0
[09:40:45]    事件偵測失敗: Expecting value: line 1 column 1 (char 0)
[09:40:46]    🪙 $TRUMP: $2.14 (+1.4%)
[09:40:46]    📊 Polymarket 快照: 570 個市場 (20 事件)
[09:40:46]    📊 Polymarket: 570 個市場已更新
[09:40:46] 驗證 2 個即時預測...
[09:45:51]    📡 三源抓取: CNN:50 → 合計 50 篇
[09:45:51]    沒有新推文
[事件偵測] 掃描最近 5 天的信號模式...
[事件偵測]    最近 5 天的信號:
[事件偵測]    2026-07-17: 0 篇 | T=0 D=0 R=0
[事件偵測]    2026-07-16: 0 篇 | T=0 D=0 R=0
[事件偵測]    2026-07-15: 0 篇 | T=0 D=0 R=0
[事件偵測]    2026-07-14: 0 篇 | T=0 D=0 R=0
[事件偵測]    2026-07-13: 0 篇 | T=0 D=0 R=0
[09:45:51]    事件偵測失敗: Expecting value: line 1 column 1 (char 0)
[09:45:51]    🪙 $TRUMP: $2.14 (+1.6%)
[09:45:51]    📊 Polymarket 快照: 518 個市場 (20 事件)
[09:45:51]    📊 Polymarket: 518 個市場已更新
[09:45:51] 驗證 2 個即時預測...
[09:50:55]    📡 三源抓取: CNN:50 → 合計 50 篇
[09:50:55]    沒有新推文
[事件偵測] 掃描最近 5 天的信號模式...
[事件偵測]    最近 5 天的信號:
[事件偵測]    2026-07-17: 0 篇 | T=0 D=0 R=0
[事件偵測]    2026-07-16: 0 篇 | T=0 D=0 R=0
[事件偵測]    2026-07-15: 0 篇 | T=0 D=0 R=0
[事件偵測]    2026-07-14: 0 篇 | T=0 D=0 R=0
[事件偵測]    2026-07-13: 0 篇 | T=0 D=0 R=0
[09:50:55]    事件偵測失敗: Expecting value: line 1 column 1 (char 0)
[09:50:55]    🪙 $TRUMP: $2.14 (+1.6%)
[09:50:56]    📊 Polymarket 快照: 518 個市場 (20 事件)
[09:50:56]    📊 Polymarket: 518 個市場已更新
[09:50:56] 驗證 2 個即時預測...
[09:55:59]    📡 三源抓取: CNN:50 → 合計 50 篇
[09:55:59]    沒有新推文
[事件偵測] 掃描最近 5 天的信號模式...
[事件偵測]    最近 5 天的信號:
[事件偵測]    2026-07-17: 0 篇 | T=0 D=0 R=0
[事件偵測]    2026-07-16: 0 篇 | T=0 D=0 R=0
[事件偵測]    2026-07-15: 0 篇 | T=0 D=0 R=0
[事件偵測]    2026-07-14: 0 篇 | T=0 D=0 R=0
[事件偵測]    2026-07-13: 0 篇 | T=0 D=0 R=0
[09:55:59]    事件偵測失敗: Expecting value: line 1 column 1 (char 0)
[09:55:59]    🪙 $TRUMP: $2.14 (+1.5%)
[09:56:00]    📊 Polymarket 快照: 518 個市場 (20 事件)
[09:56:00]    📊 Polymarket: 518 個市場已更新
[09:56:00] 驗證 2 個即時預測...
[10:01:04]    📡 三源抓取: CNN:50 → 合計 50 篇
[10:01:04]    沒有新推文
[事件偵測] 掃描最近 5 天的信號模式...
[事件偵測]    最近 5 天的信號:
[事件偵測]    2026-07-17: 0 篇 | T=0 D=0 R=0
[事件偵測]    2026-07-16: 0 篇 | T=0 D=0 R=0
[事件偵測]    2026-07-15: 0 篇 | T=0 D=0 R=0
[事件偵測]    2026-07-14: 0 篇 | T=0 D=0 R=0
[事件偵測]    2026-07-13: 0 篇 | T=0 D=0 R=0
[10:01:04]    事件偵測失敗: Expecting value: line 1 column 1 (char 0)
[10:01:05]    🪙 $TRUMP: $2.14 (+1.5%)
[10:01:05]    📊 Polymarket 快照: 518 個市場 (20 事件)
[10:01:05]    📊 Polymarket: 518 個市場已更新
[10:01:05] 驗證 2 個即時預測...
[10:06:10]    📡 三源抓取: CNN:50 → 合計 50 篇
[10:06:10]    沒有新推文
[事件偵測] 掃描最近 5 天的信號模式...
[事件偵測]    最近 5 天的信號:
[事件偵測]    2026-07-17: 0 篇 | T=0 D=0 R=0
[事件偵測]    2026-07-16: 0 篇 | T=0 D=0 R=0
[事件偵測]    2026-07-15: 0 篇 | T=0 D=0 R=0
[事件偵測]    2026-07-14: 0 篇 | T=0 D=0 R=0
[事件偵測]    2026-07-13: 0 篇 | T=0 D=0 R=0
[10:06:10]    事件偵測失敗: Expecting value: line 1 column 1 (char 0)
[10:06:10]    🪙 $TRUMP: $2.14 (+1.0%)
[10:06:11]    📊 Polymarket 快照: 518 個市場 (20 事件)
[10:06:11]    📊 Polymarket: 518 個市場已更新
[10:06:11] 驗證 2 個即時預測...
[10:11:14]    📡 三源抓取: CNN:50 → 合計 50 篇
[10:11:14]    沒有新推文
[事件偵測] 掃描最近 5 天的信號模式...
[事件偵測]    最近 5 天的信號:
[事件偵測]    2026-07-17: 0 篇 | T=0 D=0 R=0
[事件偵測]    2026-07-16: 0 篇 | T=0 D=0 R=0
[事件偵測]    2026-07-15: 0 篇 | T=0 D=0 R=0
[事件偵測]    2026-07-14: 0 篇 | T=0 D=0 R=0
[事件偵測]    2026-07-13: 0 篇 | T=0 D=0 R=0
[10:11:14]    事件偵測失敗: Expecting value: line 1 column 1 (char 0)
[10:11:15]    🪙 $TRUMP: $2.14 (+0.9%)
[10:11:15]    📊 Polymarket 快照: 518 個市場 (20 事件)
[10:11:15]    📊 Polymarket: 518 個市場已更新
[10:11:15] 驗證 2 個即時預測...
[10:16:19]    📡 三源抓取: CNN:50 → 合計 50 篇
[10:16:19]    沒有新推文
[事件偵測] 掃描最近 5 天的信號模式...
[事件偵測]    最近 5 天的信號:
[事件偵測]    2026-07-17: 0 篇 | T=0 D=0 R=0
[事件偵測]    2026-07-16: 0 篇 | T=0 D=0 R=0
[事件偵測]    2026-07-15: 0 篇 | T=0 D=0 R=0
[事件偵測]    2026-07-14: 0 篇 | T=0 D=0 R=0
[事件偵測]    2026-07-13: 0 篇 | T=0 D=0 R=0
[10:16:19]    事件偵測失敗: Expecting value: line 1 column 1 (char 0)
[10:16:19]    🪙 $TRUMP: $2.14 (+0.8%)
[10:16:19]    📊 Polymarket 快照: 518 個市場 (20 事件)
[10:16:19]    📊 Polymarket: 518 個市場已更新
[10:16:19] 驗證 2 個即時預測...
[10:21:22]    📡 三源抓取: CNN:50 → 合計 50 篇
[10:21:22]    沒有新推文
[事件偵測] 掃描最近 5 天的信號模式...
[事件偵測]    最近 5 天的信號:
[事件偵測]    2026-07-17: 0 篇 | T=0 D=0 R=0
[事件偵測]    2026-07-16: 0 篇 | T=0 D=0 R=0
[事件偵測]    2026-07-15: 0 篇 | T=0 D=0 R=0
[事件偵測]    2026-07-14: 0 篇 | T=0 D=0 R=0
[事件偵測]    2026-07-13: 0 篇 | T=0 D=0 R=0
[10:21:22]    事件偵測失敗: Expecting value: line 1 column 1 (char 0)
[10:21:23]    🪙 $TRUMP: $2.14 (+0.4%)
[10:21:23]    📊 Polymarket 快照: 518 個市場 (20 事件)
[10:21:23]    📊 Polymarket: 518 個市場已更新
[10:21:23] 驗證 2 個即時預測...
[10:26:28]    📡 三源抓取: CNN:50 → 合計 50 篇
[10:26:28]    沒有新推文
[事件偵測] 掃描最近 5 天的信號模式...
[事件偵測]    最近 5 天的信號:
[事件偵測]    2026-07-17: 0 篇 | T=0 D=0 R=0
[事件偵測]    2026-07-16: 0 篇 | T=0 D=0 R=0
[事件偵測]    2026-07-15: 0 篇 | T=0 D=0 R=0
[事件偵測]    2026-07-14: 0 篇 | T=0 D=0 R=0
[事件偵測]    2026-07-13: 0 篇 | T=0 D=0 R=0
[10:26:28]    事件偵測失敗: Expecting value: line 1 column 1 (char 0)
[10:26:28]    🪙 $TRUMP: $2.14 (+0.4%)
[10:26:28]    📊 Polymarket 快照: 518 個市場 (20 事件)
[10:26:28]    📊 Polymarket: 518 個市場已更新
[10:26:28] 驗證 2 個即時預測...
[10:31:32]    📡 三源抓取: CNN:50 → 合計 50 篇
[10:31:32]    沒有新推文
[事件偵測] 掃描最近 5 天的信號模式...
[事件偵測]    最近 5 天的信號:
[事件偵測]    2026-07-17: 0 篇 | T=0 D=0 R=0
[事件偵測]    2026-07-16: 0 篇 | T=0 D=0 R=0
[事件偵測]    2026-07-15: 0 篇 | T=0 D=0 R=0
[事件偵測]    2026-07-14: 0 篇 | T=0 D=0 R=0
[事件偵測]    2026-07-13: 0 篇 | T=0 D=0 R=0
[10:31:32]    事件偵測失敗: Expecting value: line 1 column 1 (char 0)
[10:31:33]    🪙 $TRUMP: $2.14 (+0.3%)
[10:31:33]    📊 Polymarket 快照: 518 個市場 (20 事件)
[10:31:33]    📊 Polymarket: 518 個市場已更新
[10:31:33] 驗證 2 個即時預測...
[10:36:37]    📡 三源抓取: CNN:50 → 合計 50 篇
[10:36:37]    沒有新推文
[事件偵測] 掃描最近 5 天的信號模式...
[事件偵測]    最近 5 天的信號:
[事件偵測]    2026-07-17: 0 篇 | T=0 D=0 R=0
[事件偵測]    2026-07-16: 0 篇 | T=0 D=0 R=0
[事件偵測]    2026-07-15: 0 篇 | T=0 D=0 R=0
[事件偵測]    2026-07-14: 0 篇 | T=0 D=0 R=0
[事件偵測]    2026-07-13: 0 篇 | T=0 D=0 R=0
[10:36:37]    事件偵測失敗: Expecting value: line 1 column 1 (char 0)
[10:36:37]    🪙 $TRUMP: $2.14 (+0.2%)
[10:36:37]    📊 Polymarket 快照: 518 個市場 (20 事件)
[10:36:37]    📊 Polymarket: 518 個市場已更新
[10:36:37] 驗證 2 個即時預測...
[10:41:41]    📡 三源抓取: CNN:50 → 合計 50 篇
[10:41:41]    沒有新推文
[事件偵測] 掃描最近 5 天的信號模式...
[事件偵測]    最近 5 天的信號:
[事件偵測]    2026-07-17: 0 篇 | T=0 D=0 R=0
[事件偵測]    2026-07-16: 0 篇 | T=0 D=0 R=0
[事件偵測]    2026-07-15: 0 篇 | T=0 D=0 R=0
[事件偵測]    2026-07-14: 0 篇 | T=0 D=0 R=0
[事件偵測]    2026-07-13: 0 篇 | T=0 D=0 R=0
[10:41:41]    事件偵測失敗: Expecting value: line 1 column 1 (char 0)
[10:41:41]    🪙 $TRUMP: $2.13 (-0.3%)
[10:41:42]    📊 Polymarket 快照: 518 個市場 (20 事件)
[10:41:42]    📊 Polymarket: 518 個市場已更新
[10:41:42] 驗證 2 個即時預測...
[10:46:46]    📡 三源抓取: CNN:50 → 合計 50 篇
[10:46:46]    沒有新推文
[事件偵測] 掃描最近 5 天的信號模式...
[事件偵測]    最近 5 天的信號:
[事件偵測]    2026-07-17: 0 篇 | T=0 D=0 R=0
[事件偵測]    2026-07-16: 0 篇 | T=0 D=0 R=0
[事件偵測]    2026-07-15: 0 篇 | T=0 D=0 R=0
[事件偵測]    2026-07-14: 0 篇 | T=0 D=0 R=0
[事件偵測]    2026-07-13: 0 篇 | T=0 D=0 R=0
[10:46:46]    事件偵測失敗: Expecting value: line 1 column 1 (char 0)
[10:46:46]    🪙 $TRUMP: $2.13 (-0.4%)
[10:46:47]    📊 Polymarket 快照: 464 個市場 (20 事件)
[10:46:47]    📊 Polymarket: 464 個市場已更新
[10:46:47] 驗證 2 個即時預測...
[10:51:51]    📡 三源抓取: CNN:50 → 合計 50 篇
[10:51:51]    沒有新推文
[事件偵測] 掃描最近 5 天的信號模式...
[事件偵測]    最近 5 天的信號:
[事件偵測]    2026-07-17: 0 篇 | T=0 D=0 R=0
[事件偵測]    2026-07-16: 0 篇 | T=0 D=0 R=0
[事件偵測]    2026-07-15: 0 篇 | T=0 D=0 R=0
[事件偵測]    2026-07-14: 0 篇 | T=0 D=0 R=0
[事件偵測]    2026-07-13: 0 篇 | T=0 D=0 R=0
[10:51:51]    事件偵測失敗: Expecting value: line 1 column 1 (char 0)
[10:51:51]    🪙 $TRUMP: $2.13 (-0.5%)
[10:51:51]    📊 Polymarket 快照: 464 個市場 (20 事件)
[10:51:51]    📊 Polymarket: 464 個市場已更新
[10:51:51] 驗證 2 個即時預測...
[10:56:56]    📡 三源抓取: CNN:50 → 合計 50 篇
[10:56:56]    沒有新推文
[事件偵測] 掃描最近 5 天的信號模式...
[事件偵測]    最近 5 天的信號:
[事件偵測]    2026-07-17: 0 篇 | T=0 D=0 R=0
[事件偵測]    2026-07-16: 0 篇 | T=0 D=0 R=0
[事件偵測]    2026-07-15: 0 篇 | T=0 D=0 R=0
[事件偵測]    2026-07-14: 0 篇 | T=0 D=0 R=0
[事件偵測]    2026-07-13: 0 篇 | T=0 D=0 R=0
[10:56:56]    事件偵測失敗: Expecting value: line 1 column 1 (char 0)
[10:56:56]    🪙 $TRUMP: $2.13 (-0.9%)
[10:56:56]    📊 Polymarket 快照: 464 個市場 (20 事件)
[10:56:56]    📊 Polymarket: 464 個市場已更新
[10:56:56] 驗證 2 個即時預測...
[11:02:00]    📡 三源抓取: CNN:50 → 合計 50 篇
[11:02:00]    沒有新推文
[事件偵測] 掃描最近 5 天的信號模式...
[事件偵測]    最近 5 天的信號:
[事件偵測]    2026-07-17: 0 篇 | T=0 D=0 R=0
[事件偵測]    2026-07-16: 0 篇 | T=0 D=0 R=0
[事件偵測]    2026-07-15: 0 篇 | T=0 D=0 R=0
[事件偵測]    2026-07-14: 0 篇 | T=0 D=0 R=0
[事件偵測]    2026-07-13: 0 篇 | T=0 D=0 R=0
[11:02:00]    事件偵測失敗: Expecting value: line 1 column 1 (char 0)
[11:02:00]    🪙 $TRUMP: $2.13 (-0.8%)
[11:02:00]    📊 Polymarket 快照: 464 個市場 (20 事件)
[11:02:00]    📊 Polymarket: 464 個市場已更新
[11:02:00] 驗證 2 個即時預測...
[11:07:05]    📡 三源抓取: CNN:50 → 合計 50 篇
[11:07:05]    沒有新推文
[事件偵測] 掃描最近 5 天的信號模式...
[事件偵測]    最近 5 天的信號:
[事件偵測]    2026-07-17: 0 篇 | T=0 D=0 R=0
[事件偵測]    2026-07-16: 0 篇 | T=0 D=0 R=0
[事件偵測]    2026-07-15: 0 篇 | T=0 D=0 R=0
[事件偵測]    2026-07-14: 0 篇 | T=0 D=0 R=0
[事件偵測]    2026-07-13: 0 篇 | T=0 D=0 R=0
[11:07:05]    事件偵測失敗: Expecting value: line 1 column 1 (char 0)
[11:07:05]    🪙 $TRUMP: $2.13 (-0.5%)
[11:07:05]    📊 Polymarket 快照: 464 個市場 (20 事件)
[11:07:05]    📊 Polymarket: 464 個市場已更新
[11:07:05] 驗證 2 個即時預測...
[11:12:09]    📡 三源抓取: CNN:50 → 合計 50 篇
[11:12:09]    沒有新推文
[事件偵測] 掃描最近 5 天的信號模式...
[事件偵測]    最近 5 天的信號:
[事件偵測]    2026-07-17: 0 篇 | T=0 D=0 R=0
[事件偵測]    2026-07-16: 0 篇 | T=0 D=0 R=0
[事件偵測]    2026-07-15: 0 篇 | T=0 D=0 R=0
[事件偵測]    2026-07-14: 0 篇 | T=0 D=0 R=0
[事件偵測]    2026-07-13: 0 篇 | T=0 D=0 R=0
[11:12:09]    事件偵測失敗: Expecting value: line 1 column 1 (char 0)
[11:12:09]    🪙 $TRUMP: $2.13 (-1.6%)
[11:12:10]    📊 Polymarket 快照: 464 個市場 (20 事件)
[11:12:10]    📊 Polymarket: 464 個市場已更新
[11:12:10] 驗證 2 個即時預測...
[11:17:18]    📡 三源抓取: CNN:50 → 合計 50 篇
[11:17:18]    沒有新推文
[事件偵測] 掃描最近 5 天的信號模式...
[事件偵測]    最近 5 天的信號:
[事件偵測]    2026-07-17: 0 篇 | T=0 D=0 R=0
[事件偵測]    2026-07-16: 0 篇 | T=0 D=0 R=0
[事件偵測]    2026-07-15: 0 篇 | T=0 D=0 R=0
[事件偵測]    2026-07-14: 0 篇 | T=0 D=0 R=0
[事件偵測]    2026-07-13: 0 篇 | T=0 D=0 R=0
[11:17:18]    事件偵測失敗: Expecting value: line 1 column 1 (char 0)
[11:17:18]    🪙 $TRUMP: $2.13 (-1.5%)
[11:17:18]    📊 Polymarket 快照: 464 個市場 (20 事件)
[11:17:18]    📊 Polymarket: 464 個市場已更新
[11:17:18] 驗證 2 個即時預測...
[11:22:22]    📡 三源抓取: CNN:50 → 合計 50 篇
[11:22:22]    沒有新推文
[事件偵測] 掃描最近 5 天的信號模式...
[事件偵測]    最近 5 天的信號:
[事件偵測]    2026-07-17: 0 篇 | T=0 D=0 R=0
[事件偵測]    2026-07-16: 0 篇 | T=0 D=0 R=0
[事件偵測]    2026-07-15: 0 篇 | T=0 D=0 R=0
[事件偵測]    2026-07-14: 0 篇 | T=0 D=0 R=0
[事件偵測]    2026-07-13: 0 篇 | T=0 D=0 R=0
[11:22:22]    事件偵測失敗: Expecting value: line 1 column 1 (char 0)
[11:22:22]    🪙 $TRUMP: $2.13 (-1.4%)
[11:22:22]    📊 Polymarket 快照: 464 個市場 (20 事件)
[11:22:22]    📊 Polymarket: 464 個市場已更新
[11:22:22] 驗證 2 個即時預測...
[11:27:27]    📡 三源抓取: CNN:50 → 合計 50 篇
[11:27:27]    沒有新推文
[事件偵測] 掃描最近 5 天的信號模式...
[事件偵測]    最近 5 天的信號:
[事件偵測]    2026-07-17: 0 篇 | T=0 D=0 R=0
[事件偵測]    2026-07-16: 0 篇 | T=0 D=0 R=0
[事件偵測]    2026-07-15: 0 篇 | T=0 D=0 R=0
[事件偵測]    2026-07-14: 0 篇 | T=0 D=0 R=0
[事件偵測]    2026-07-13: 0 篇 | T=0 D=0 R=0
[11:27:27]    事件偵測失敗: Expecting value: line 1 column 1 (char 0)
[11:27:27]    🪙 $TRUMP: $2.14 (-0.9%)
[11:27:27]    📊 Polymarket 快照: 464 個市場 (20 事件)
[11:27:27]    📊 Polymarket: 464 個市場已更新
[11:27:27] 驗證 2 個即時預測...
[11:32:53]    📡 三源抓取: CNN:50 → 合計 50 篇
[11:32:53]    沒有新推文
[事件偵測] 掃描最近 5 天的信號模式...
[事件偵測]    最近 5 天的信號:
[事件偵測]    2026-07-17: 0 篇 | T=0 D=0 R=0
[事件偵測]    2026-07-16: 0 篇 | T=0 D=0 R=0
[事件偵測]    2026-07-15: 0 篇 | T=0 D=0 R=0
[事件偵測]    2026-07-14: 0 篇 | T=0 D=0 R=0
[事件偵測]    2026-07-13: 0 篇 | T=0 D=0 R=0
[11:32:53]    事件偵測失敗: Expecting value: line 1 column 1 (char 0)
[11:32:54]    🪙 $TRUMP: $2.14 (-0.3%)
[11:32:56]    📊 Polymarket 快照: 464 個市場 (20 事件)
[11:32:56]    📊 Polymarket: 464 個市場已更新
[11:32:56] 驗證 2 個即時預測...
[11:38:02]    📡 三源抓取: CNN:50 → 合計 50 篇
[11:38:02]    沒有新推文
[事件偵測] 掃描最近 5 天的信號模式...
[事件偵測]    最近 5 天的信號:
[事件偵測]    2026-07-17: 0 篇 | T=0 D=0 R=0
[事件偵測]    2026-07-16: 0 篇 | T=0 D=0 R=0
[事件偵測]    2026-07-15: 0 篇 | T=0 D=0 R=0
[事件偵測]    2026-07-14: 0 篇 | T=0 D=0 R=0
[事件偵測]    2026-07-13: 0 篇 | T=0 D=0 R=0
[11:38:02]    事件偵測失敗: Expecting value: line 1 column 1 (char 0)
[11:38:02]    🪙 $TRUMP: $2.15 (-0.1%)
[11:38:02]    📊 Polymarket 快照: 464 個市場 (20 事件)
[11:38:02]    📊 Polymarket: 464 個市場已更新
[11:38:02] 驗證 2 個即時預測...
[11:43:06]    📡 三源抓取: CNN:50 → 合計 50 篇
[11:43:06]    沒有新推文
[事件偵測] 掃描最近 5 天的信號模式...
[事件偵測]    最近 5 天的信號:
[事件偵測]    2026-07-17: 0 篇 | T=0 D=0 R=0
[事件偵測]    2026-07-16: 0 篇 | T=0 D=0 R=0
[事件偵測]    2026-07-15: 0 篇 | T=0 D=0 R=0
[事件偵測]    2026-07-14: 0 篇 | T=0 D=0 R=0
[事件偵測]    2026-07-13: 0 篇 | T=0 D=0 R=0
[11:43:06]    事件偵測失敗: Expecting value: line 1 column 1 (char 0)
[11:43:06]    🪙 $TRUMP: $2.15 (-0.2%)
[11:43:07]    📊 Polymarket 快照: 464 個市場 (20 事件)
[11:43:07]    📊 Polymarket: 464 個市場已更新
[11:43:07] 驗證 2 個即時預測...
[11:48:10]    📡 三源抓取: CNN:50 → 合計 50 篇
[11:48:10]    沒有新推文
[事件偵測] 掃描最近 5 天的信號模式...
[事件偵測]    最近 5 天的信號:
[事件偵測]    2026-07-17: 0 篇 | T=0 D=0 R=0
[事件偵測]    2026-07-16: 0 篇 | T=0 D=0 R=0
[事件偵測]    2026-07-15: 0 篇 | T=0 D=0 R=0
[事件偵測]    2026-07-14: 0 篇 | T=0 D=0 R=0
[事件偵測]    2026-07-13: 0 篇 | T=0 D=0 R=0
[11:48:10]    事件偵測失敗: Expecting value: line 1 column 1 (char 0)
[11:48:10]    🪙 $TRUMP: $2.14 (-0.4%)
[11:48:11]    📊 Polymarket 快照: 464 個市場 (20 事件)
[11:48:11]    📊 Polymarket: 464 個市場已更新
[11:48:11] 驗證 2 個即時預測...
[11:53:14]    📡 三源抓取: CNN:50 → 合計 50 篇
[11:53:14]    沒有新推文
[事件偵測] 掃描最近 5 天的信號模式...
[事件偵測]    最近 5 天的信號:
[事件偵測]    2026-07-17: 0 篇 | T=0 D=0 R=0
[事件偵測]    2026-07-16: 0 篇 | T=0 D=0 R=0
[事件偵測]    2026-07-15: 0 篇 | T=0 D=0 R=0
[事件偵測]    2026-07-14: 0 篇 | T=0 D=0 R=0
[事件偵測]    2026-07-13: 0 篇 | T=0 D=0 R=0
[11:53:14]    事件偵測失敗: Expecting value: line 1 column 1 (char 0)
[11:53:15]    🪙 $TRUMP: $2.14 (-0.5%)
[11:53:15]    📊 Polymarket 快照: 464 個市場 (20 事件)
[11:53:15]    📊 Polymarket: 464 個市場已更新
[11:53:15] 驗證 2 個即時預測...
[11:58:19]    📡 三源抓取: CNN:50 → 合計 50 篇
[11:58:19]    沒有新推文
[事件偵測] 掃描最近 5 天的信號模式...
[事件偵測]    最近 5 天的信號:
[事件偵測]    2026-07-17: 0 篇 | T=0 D=0 R=0
[事件偵測]    2026-07-16: 0 篇 | T=0 D=0 R=0
[事件偵測]    2026-07-15: 0 篇 | T=0 D=0 R=0
[事件偵測]    2026-07-14: 0 篇 | T=0 D=0 R=0
[事件偵測]    2026-07-13: 0 篇 | T=0 D=0 R=0
[11:58:19]    事件偵測失敗: Expecting value: line 1 column 1 (char 0)
[11:58:19]    🪙 $TRUMP: $2.15 (-0.2%)
[11:58:19]    📊 Polymarket 快照: 464 個市場 (20 事件)
[11:58:19]    📊 Polymarket: 464 個市場已更新
[11:58:19] 驗證 2 個即時預測...
[12:03:23]    📡 三源抓取: CNN:50 → 合計 50 篇
[12:03:23]    沒有新推文
[事件偵測] 掃描最近 5 天的信號模式...
[事件偵測]    最近 5 天的信號:
[事件偵測]    2026-07-17: 0 篇 | T=0 D=0 R=0
[事件偵測]    2026-07-16: 0 篇 | T=0 D=0 R=0
[事件偵測]    2026-07-15: 0 篇 | T=0 D=0 R=0
[事件偵測]    2026-07-14: 0 篇 | T=0 D=0 R=0
[事件偵測]    2026-07-13: 0 篇 | T=0 D=0 R=0
[12:03:23]    事件偵測失敗: Expecting value: line 1 column 1 (char 0)
[12:03:23]    🪙 $TRUMP: $2.15 (-0.2%)
[12:03:23]    📊 Polymarket 快照: 464 個市場 (20 事件)
[12:03:23]    📊 Polymarket: 464 個市場已更新
[12:03:23] 驗證 2 個即時預測...
[12:08:27]    📡 三源抓取: CNN:50 → 合計 50 篇
[12:08:27]    沒有新推文
[事件偵測] 掃描最近 5 天的信號模式...
[事件偵測]    最近 5 天的信號:
[事件偵測]    2026-07-17: 0 篇 | T=0 D=0 R=0
[事件偵測]    2026-07-16: 0 篇 | T=0 D=0 R=0
[事件偵測]    2026-07-15: 0 篇 | T=0 D=0 R=0
[事件偵測]    2026-07-14: 0 篇 | T=0 D=0 R=0
[事件偵測]    2026-07-13: 0 篇 | T=0 D=0 R=0
[12:08:27]    事件偵測失敗: Expecting value: line 1 column 1 (char 0)
[12:08:27]    🪙 $TRUMP: $2.15 (-0.1%)
[12:08:27]    📊 Polymarket 快照: 464 個市場 (20 事件)
[12:08:27]    📊 Polymarket: 464 個市場已更新
[12:08:27] 驗證 2 個即時預測...
[12:13:31]    📡 三源抓取: CNN:50 → 合計 50 篇
[12:13:31]    沒有新推文
[事件偵測] 掃描最近 5 天的信號模式...
[事件偵測]    最近 5 天的信號:
[事件偵測]    2026-07-17: 0 篇 | T=0 D=0 R=0
[事件偵測]    2026-07-16: 0 篇 | T=0 D=0 R=0
[事件偵測]    2026-07-15: 0 篇 | T=0 D=0 R=0
[事件偵測]    2026-07-14: 0 篇 | T=0 D=0 R=0
[事件偵測]    2026-07-13: 0 篇 | T=0 D=0 R=0
[12:13:31]    事件偵測失敗: Expecting value: line 1 column 1 (char 0)
[12:13:31]    🪙 $TRUMP: $2.15 (-0.2%)
[12:13:31]    📊 Polymarket 快照: 464 個市場 (20 事件)
[12:13:31]    📊 Polymarket: 464 個市場已更新
[12:13:31] 驗證 2 個即時預測...
[12:18:35]    📡 三源抓取: CNN:50 → 合計 50 篇
[12:18:35] 🆕 偵測到 1 篇新推文！
[12:18:37]    📥 寫入 1 篇新推文到 trump_posts_all.json（總計 46179 篇）
[12:18:37]    📊 Polymarket 快照: 464 個市場 (20 事件)
[12:18:38]    🪙 $TRUMP: $2.15 (-0.5%)
[12:18:38]    📝 [12:09] More people working in the United States right now than at any point in the Hist...
[12:18:38]    🚀拉盤 劇本觸發: 他閉嘴（什麼都沒講）
[12:18:38]       歷史: +0.409% | 建議: LONG — 沉默是金
[事件偵測] 掃描最近 5 天的信號模式...
[事件偵測]    最近 5 天的信號:
[事件偵測]    2026-07-17: 0 篇 | T=0 D=0 R=0
[事件偵測]    2026-07-16: 0 篇 | T=0 D=0 R=0
[事件偵測]    2026-07-15: 0 篇 | T=0 D=0 R=0
[事件偵測]    2026-07-14: 0 篇 | T=0 D=0 R=0
[事件偵測]    2026-07-13: 0 篇 | T=0 D=0 R=0
[12:18:38]    事件偵測失敗: Expecting value: line 1 column 1 (char 0)
[12:18:38]    🪙 $TRUMP: $2.15 (-0.5%)
[12:18:38]    📊 Polymarket 快照: 464 個市場 (20 事件)
[12:18:38]    📊 Polymarket: 464 個市場已更新
[12:18:38] 驗證 2 個即時預測...
[12:18:39] 📊 本輪: 1 新推文 | 0 預測 | 0 驗證
[12:23:42]    📡 三源抓取: CNN:50 → 合計 50 篇
[12:23:42]    沒有新推文
[事件偵測] 掃描最近 5 天的信號模式...
[事件偵測]    最近 5 天的信號:
[事件偵測]    2026-07-17: 0 篇 | T=0 D=0 R=0
[事件偵測]    2026-07-16: 0 篇 | T=0 D=0 R=0
[事件偵測]    2026-07-15: 0 篇 | T=0 D=0 R=0
[事件偵測]    2026-07-14: 0 篇 | T=0 D=0 R=0
[事件偵測]    2026-07-13: 0 篇 | T=0 D=0 R=0
[12:23:42]    事件偵測失敗: Expecting value: line 1 column 1 (char 0)
[12:23:42]    🪙 $TRUMP: $2.14 (-0.4%)
[12:23:43]    📊 Polymarket 快照: 464 個市場 (20 事件)
[12:23:43]    📊 Polymarket: 464 個市場已更新
[12:23:43] 驗證 2 個即時預測...
[12:28:46]    📡 三源抓取: CNN:50 → 合計 50 篇
[12:28:46]    沒有新推文
[事件偵測] 掃描最近 5 天的信號模式...
[事件偵測]    最近 5 天的信號:
[事件偵測]    2026-07-17: 0 篇 | T=0 D=0 R=0
[事件偵測]    2026-07-16: 0 篇 | T=0 D=0 R=0
[事件偵測]    2026-07-15: 0 篇 | T=0 D=0 R=0
[事件偵測]    2026-07-14: 0 篇 | T=0 D=0 R=0
[事件偵測]    2026-07-13: 0 篇 | T=0 D=0 R=0
[12:28:46]    事件偵測失敗: Expecting value: line 1 column 1 (char 0)
[12:28:47]    🪙 $TRUMP: $2.14 (-0.2%)
[12:28:47]    📊 Polymarket 快照: 464 個市場 (20 事件)
[12:28:47]    📊 Polymarket: 464 個市場已更新
[12:28:47] 驗證 2 個即時預測...
[12:33:51]    📡 三源抓取: CNN:50 → 合計 50 篇
[12:33:51]    沒有新推文
[事件偵測] 掃描最近 5 天的信號模式...
[事件偵測]    最近 5 天的信號:
[事件偵測]    2026-07-17: 0 篇 | T=0 D=0 R=0
[事件偵測]    2026-07-16: 0 篇 | T=0 D=0 R=0
[事件偵測]    2026-07-15: 0 篇 | T=0 D=0 R=0
[事件偵測]    2026-07-14: 0 篇 | T=0 D=0 R=0
[事件偵測]    2026-07-13: 0 篇 | T=0 D=0 R=0
[12:33:51]    事件偵測失敗: Expecting value: line 1 column 1 (char 0)
[12:33:51]    🪙 $TRUMP: $2.14 (-0.1%)
[12:33:51]    📊 Polymarket 快照: 464 個市場 (20 事件)
[12:33:51]    📊 Polymarket: 464 個市場已更新
[12:33:51] 驗證 2 個即時預測...
[12:38:56]    📡 三源抓取: CNN:50 → 合計 50 篇
[12:38:56]    沒有新推文
[事件偵測] 掃描最近 5 天的信號模式...
[事件偵測]    最近 5 天的信號:
[事件偵測]    2026-07-17: 0 篇 | T=0 D=0 R=0
[事件偵測]    2026-07-16: 0 篇 | T=0 D=0 R=0
[事件偵測]    2026-07-15: 0 篇 | T=0 D=0 R=0
[事件偵測]    2026-07-14: 0 篇 | T=0 D=0 R=0
[事件偵測]    2026-07-13: 0 篇 | T=0 D=0 R=0
[12:38:56]    事件偵測失敗: Expecting value: line 1 column 1 (char 0)
[12:38:56]    🪙 $TRUMP: $2.14 (+0.1%)
[12:38:56]    📊 Polymarket 快照: 464 個市場 (20 事件)
[12:38:56]    📊 Polymarket: 464 個市場已更新
[12:38:56] 驗證 2 個即時預測...
[12:44:01]    📡 三源抓取: CNN:50 → 合計 50 篇
[12:44:01]    沒有新推文
[事件偵測] 掃描最近 5 天的信號模式...
[事件偵測]    最近 5 天的信號:
[事件偵測]    2026-07-17: 0 篇 | T=0 D=0 R=0
[事件偵測]    2026-07-16: 0 篇 | T=0 D=0 R=0
[事件偵測]    2026-07-15: 0 篇 | T=0 D=0 R=0
[事件偵測]    2026-07-14: 0 篇 | T=0 D=0 R=0
[事件偵測]    2026-07-13: 0 篇 | T=0 D=0 R=0
[12:44:01]    事件偵測失敗: Expecting value: line 1 column 1 (char 0)
[12:44:01]    🪙 $TRUMP: $2.15 (+0.6%)
[12:44:02]    📊 Polymarket 快照: 464 個市場 (20 事件)
[12:44:02]    📊 Polymarket: 464 個市場已更新
[12:44:02] 驗證 2 個即時預測...
[12:49:06]    📡 三源抓取: CNN:50 → 合計 50 篇
[12:49:06]    沒有新推文
[事件偵測] 掃描最近 5 天的信號模式...
[事件偵測]    最近 5 天的信號:
[事件偵測]    2026-07-17: 0 篇 | T=0 D=0 R=0
[事件偵測]    2026-07-16: 0 篇 | T=0 D=0 R=0
[事件偵測]    2026-07-15: 0 篇 | T=0 D=0 R=0
[事件偵測]    2026-07-14: 0 篇 | T=0 D=0 R=0
[事件偵測]    2026-07-13: 0 篇 | T=0 D=0 R=0
[12:49:06]    事件偵測失敗: Expecting value: line 1 column 1 (char 0)
[12:49:06]    🪙 $TRUMP: $2.15 (+0.7%)
[12:49:06]    📊 Polymarket 快照: 464 個市場 (20 事件)
[12:49:06]    📊 Polymarket: 464 個市場已更新
[12:49:06] 驗證 2 個即時預測...
[12:54:11]    📡 三源抓取: CNN:50 → 合計 50 篇
[12:54:11]    沒有新推文
[事件偵測] 掃描最近 5 天的信號模式...
[事件偵測]    最近 5 天的信號:
[事件偵測]    2026-07-17: 0 篇 | T=0 D=0 R=0
[事件偵測]    2026-07-16: 0 篇 | T=0 D=0 R=0
[事件偵測]    2026-07-15: 0 篇 | T=0 D=0 R=0
[事件偵測]    2026-07-14: 0 篇 | T=0 D=0 R=0
[事件偵測]    2026-07-13: 0 篇 | T=0 D=0 R=0
[12:54:11]    事件偵測失敗: Expecting value: line 1 column 1 (char 0)
[12:54:11]    🪙 $TRUMP: $2.15 (+0.3%)
[12:54:11]    📊 Polymarket 快照: 464 個市場 (20 事件)
[12:54:11]    📊 Polymarket: 464 個市場已更新
[12:54:11] 驗證 2 個即時預測...
[12:59:16]    📡 三源抓取: CNN:50 → 合計 50 篇
[12:59:16]    沒有新推文
[事件偵測] 掃描最近 5 天的信號模式...
[事件偵測]    最近 5 天的信號:
[事件偵測]    2026-07-17: 0 篇 | T=0 D=0 R=0
[事件偵測]    2026-07-16: 0 篇 | T=0 D=0 R=0
[事件偵測]    2026-07-15: 0 篇 | T=0 D=0 R=0
[事件偵測]    2026-07-14: 0 篇 | T=0 D=0 R=0
[事件偵測]    2026-07-13: 0 篇 | T=0 D=0 R=0
[12:59:16]    事件偵測失敗: Expecting value: line 1 column 1 (char 0)
[12:59:16]    🪙 $TRUMP: $2.14 (+0.1%)
[12:59:16]    📊 Polymarket 快照: 464 個市場 (20 事件)
[12:59:16]    📊 Polymarket: 464 個市場已更新
[12:59:17] 驗證 2 個即時預測...
[13:04:25]    📡 三源抓取: CNN:50 → 合計 50 篇
[13:04:25]    沒有新推文
[事件偵測] 掃描最近 5 天的信號模式...
[事件偵測]    最近 5 天的信號:
[事件偵測]    2026-07-17: 0 篇 | T=0 D=0 R=0
[事件偵測]    2026-07-16: 0 篇 | T=0 D=0 R=0
[事件偵測]    2026-07-15: 0 篇 | T=0 D=0 R=0
[事件偵測]    2026-07-14: 0 篇 | T=0 D=0 R=0
[事件偵測]    2026-07-13: 0 篇 | T=0 D=0 R=0
[13:04:25]    事件偵測失敗: Expecting value: line 1 column 1 (char 0)
[13:04:25]    🪙 $TRUMP: $2.13 (-0.7%)
[13:04:26]    📊 Polymarket 快照: 464 個市場 (20 事件)
[13:04:26]    📊 Polymarket: 464 個市場已更新
[13:04:26] 驗證 2 個即時預測...
[13:09:30]    📡 三源抓取: CNN:50 → 合計 50 篇
[13:09:30]    沒有新推文
[事件偵測] 掃描最近 5 天的信號模式...
[事件偵測]    最近 5 天的信號:
[事件偵測]    2026-07-17: 0 篇 | T=0 D=0 R=0
[事件偵測]    2026-07-16: 0 篇 | T=0 D=0 R=0
[事件偵測]    2026-07-15: 0 篇 | T=0 D=0 R=0
[事件偵測]    2026-07-14: 0 篇 | T=0 D=0 R=0
[事件偵測]    2026-07-13: 0 篇 | T=0 D=0 R=0
[13:09:30]    事件偵測失敗: Expecting value: line 1 column 1 (char 0)
[13:09:31]    🪙 $TRUMP: $2.12 (-1.1%)
[13:09:31]    📊 Polymarket 快照: 464 個市場 (20 事件)
[13:09:31]    📊 Polymarket: 464 個市場已更新
[13:09:31] 驗證 2 個即時預測...
[13:14:35]    📡 三源抓取: CNN:50 → 合計 50 篇
[13:14:35]    沒有新推文
[事件偵測] 掃描最近 5 天的信號模式...
[事件偵測]    最近 5 天的信號:
[事件偵測]    2026-07-17: 0 篇 | T=0 D=0 R=0
[事件偵測]    2026-07-16: 0 篇 | T=0 D=0 R=0
[事件偵測]    2026-07-15: 0 篇 | T=0 D=0 R=0
[事件偵測]    2026-07-14: 0 篇 | T=0 D=0 R=0
[事件偵測]    2026-07-13: 0 篇 | T=0 D=0 R=0
[13:14:35]    事件偵測失敗: Expecting value: line 1 column 1 (char 0)
[13:14:35]    🪙 $TRUMP: $2.12 (-0.9%)
[13:14:35]    📊 Polymarket 快照: 504 個市場 (20 事件)
[13:14:35]    📊 Polymarket: 504 個市場已更新
[13:14:35] 驗證 2 個即時預測...
[13:19:39]    📡 三源抓取: CNN:50 → 合計 50 篇
[13:19:39]    沒有新推文
[事件偵測] 掃描最近 5 天的信號模式...
[事件偵測]    最近 5 天的信號:
[事件偵測]    2026-07-17: 0 篇 | T=0 D=0 R=0
[事件偵測]    2026-07-16: 0 篇 | T=0 D=0 R=0
[事件偵測]    2026-07-15: 0 篇 | T=0 D=0 R=0
[事件偵測]    2026-07-14: 0 篇 | T=0 D=0 R=0
[事件偵測]    2026-07-13: 0 篇 | T=0 D=0 R=0
[13:19:39]    事件偵測失敗: Expecting value: line 1 column 1 (char 0)
[13:19:39]    🪙 $TRUMP: $2.12 (-0.9%)
[13:19:39]    📊 Polymarket 快照: 504 個市場 (20 事件)
[13:19:39]    📊 Polymarket: 504 個市場已更新
[13:19:39] 驗證 2 個即時預測...
[13:24:43]    📡 三源抓取: CNN:50 → 合計 50 篇
[13:24:43]    沒有新推文
[事件偵測] 掃描最近 5 天的信號模式...
[事件偵測]    最近 5 天的信號:
[事件偵測]    2026-07-17: 0 篇 | T=0 D=0 R=0
[事件偵測]    2026-07-16: 0 篇 | T=0 D=0 R=0
[事件偵測]    2026-07-15: 0 篇 | T=0 D=0 R=0
[事件偵測]    2026-07-14: 0 篇 | T=0 D=0 R=0
[事件偵測]    2026-07-13: 0 篇 | T=0 D=0 R=0
[13:24:43]    事件偵測失敗: Expecting value: line 1 column 1 (char 0)
[13:24:43]    🪙 $TRUMP: $2.12 (-0.4%)
[13:24:44]    📊 Polymarket 快照: 504 個市場 (20 事件)
[13:24:44]    📊 Polymarket: 504 個市場已更新
[13:24:44] 驗證 2 個即時預測...
[13:29:48]    📡 三源抓取: CNN:50 → 合計 50 篇
[13:29:48]    沒有新推文
[事件偵測] 掃描最近 5 天的信號模式...
[事件偵測]    最近 5 天的信號:
[事件偵測]    2026-07-17: 0 篇 | T=0 D=0 R=0
[事件偵測]    2026-07-16: 0 篇 | T=0 D=0 R=0
[事件偵測]    2026-07-15: 0 篇 | T=0 D=0 R=0
[事件偵測]    2026-07-14: 0 篇 | T=0 D=0 R=0
[事件偵測]    2026-07-13: 0 篇 | T=0 D=0 R=0
[13:29:48]    事件偵測失敗: Expecting value: line 1 column 1 (char 0)
[13:29:48]    🪙 $TRUMP: $2.13 (+0.2%)
[13:29:49]    📊 Polymarket 快照: 504 個市場 (20 事件)
[13:29:49]    📊 Polymarket: 504 個市場已更新
[13:29:49] 驗證 2 個即時預測...
[13:34:52]    📡 三源抓取: CNN:50 → 合計 50 篇
[13:34:52]    沒有新推文
[事件偵測] 掃描最近 5 天的信號模式...
[事件偵測]    最近 5 天的信號:
[事件偵測]    2026-07-17: 0 篇 | T=0 D=0 R=0
[事件偵測]    2026-07-16: 0 篇 | T=0 D=0 R=0
[事件偵測]    2026-07-15: 0 篇 | T=0 D=0 R=0
[事件偵測]    2026-07-14: 0 篇 | T=0 D=0 R=0
[事件偵測]    2026-07-13: 0 篇 | T=0 D=0 R=0
[13:34:52]    事件偵測失敗: Expecting value: line 1 column 1 (char 0)
[13:34:53]    🪙 $TRUMP: $2.14 (+0.5%)
[13:34:53]    📊 Polymarket 快照: 504 個市場 (20 事件)
[13:34:53]    📊 Polymarket: 504 個市場已更新
[13:34:53] 驗證 2 個即時預測...
[13:39:58]    📡 三源抓取: CNN:50 → 合計 50 篇
[13:39:58]    沒有新推文
[事件偵測] 掃描最近 5 天的信號模式...
[事件偵測]    最近 5 天的信號:
[事件偵測]    2026-07-17: 0 篇 | T=0 D=0 R=0
[事件偵測]    2026-07-16: 0 篇 | T=0 D=0 R=0
[事件偵測]    2026-07-15: 0 篇 | T=0 D=0 R=0
[事件偵測]    2026-07-14: 0 篇 | T=0 D=0 R=0
[事件偵測]    2026-07-13: 0 篇 | T=0 D=0 R=0
[13:39:58]    事件偵測失敗: Expecting value: line 1 column 1 (char 0)
[13:39:58]    🪙 $TRUMP: $2.13 (-0.4%)
[13:39:59]    📊 Polymarket 快照: 504 個市場 (20 事件)
[13:39:59]    📊 Polymarket: 504 個市場已更新
[13:39:59] 驗證 2 個即時預測...
[13:45:03]    📡 三源抓取: CNN:50 → 合計 50 篇
[13:45:03]    沒有新推文
[事件偵測] 掃描最近 5 天的信號模式...
[事件偵測]    最近 5 天的信號:
[事件偵測]    2026-07-17: 0 篇 | T=0 D=0 R=0
[事件偵測]    2026-07-16: 0 篇 | T=0 D=0 R=0
[事件偵測]    2026-07-15: 0 篇 | T=0 D=0 R=0
[事件偵測]    2026-07-14: 0 篇 | T=0 D=0 R=0
[事件偵測]    2026-07-13: 0 篇 | T=0 D=0 R=0
[13:45:03]    事件偵測失敗: Expecting value: line 1 column 1 (char 0)
[13:45:04]    🪙 $TRUMP: $2.13 (-0.5%)
[13:45:04]    📊 Polymarket 快照: 504 個市場 (20 事件)
[13:45:04]    📊 Polymarket: 504 個市場已更新
[13:45:04] 驗證 2 個即時預測...
[13:50:08]    📡 三源抓取: CNN:50 → 合計 50 篇
[13:50:08]    沒有新推文
[事件偵測] 掃描最近 5 天的信號模式...
[事件偵測]    最近 5 天的信號:
[事件偵測]    2026-07-17: 0 篇 | T=0 D=0 R=0
[事件偵測]    2026-07-16: 0 篇 | T=0 D=0 R=0
[事件偵測]    2026-07-15: 0 篇 | T=0 D=0 R=0
[事件偵測]    2026-07-14: 0 篇 | T=0 D=0 R=0
[事件偵測]    2026-07-13: 0 篇 | T=0 D=0 R=0
[13:50:08]    事件偵測失敗: Expecting value: line 1 column 1 (char 0)
[13:50:08]    🪙 $TRUMP: $2.12 (-0.6%)
[13:50:08]    📊 Polymarket 快照: 504 個市場 (20 事件)
[13:50:08]    📊 Polymarket: 504 個市場已更新
[13:50:08] 驗證 2 個即時預測...
[13:55:12]    📡 三源抓取: CNN:50 → 合計 50 篇
[13:55:12]    沒有新推文
[事件偵測] 掃描最近 5 天的信號模式...
[事件偵測]    最近 5 天的信號:
[事件偵測]    2026-07-17: 0 篇 | T=0 D=0 R=0
[事件偵測]    2026-07-16: 0 篇 | T=0 D=0 R=0
[事件偵測]    2026-07-15: 0 篇 | T=0 D=0 R=0
[事件偵測]    2026-07-14: 0 篇 | T=0 D=0 R=0
[事件偵測]    2026-07-13: 0 篇 | T=0 D=0 R=0
[13:55:12]    事件偵測失敗: Expecting value: line 1 column 1 (char 0)
[13:55:13]    🪙 $TRUMP: $2.13 (-0.4%)
[13:55:13]    📊 Polymarket 快照: 504 個市場 (20 事件)
[13:55:13]    📊 Polymarket: 504 個市場已更新
[13:55:13] 驗證 2 個即時預測...
[14:00:17]    📡 三源抓取: CNN:50 → 合計 50 篇
[14:00:17]    沒有新推文
[事件偵測] 掃描最近 5 天的信號模式...
[事件偵測]    最近 5 天的信號:
[事件偵測]    2026-07-17: 0 篇 | T=0 D=0 R=0
[事件偵測]    2026-07-16: 0 篇 | T=0 D=0 R=0
[事件偵測]    2026-07-15: 0 篇 | T=0 D=0 R=0
[事件偵測]    2026-07-14: 0 篇 | T=0 D=0 R=0
[事件偵測]    2026-07-13: 0 篇 | T=0 D=0 R=0
[14:00:17]    事件偵測失敗: Expecting value: line 1 column 1 (char 0)
[14:00:17]    🪙 $TRUMP: $2.13 (-0.2%)
[14:00:17]    📊 Polymarket 快照: 504 個市場 (20 事件)
[14:00:17]    📊 Polymarket: 504 個市場已更新
[14:00:17] 驗證 2 個即時預測...
[14:05:22]    📡 三源抓取: CNN:50 → 合計 50 篇
[14:05:22]    沒有新推文
[事件偵測] 掃描最近 5 天的信號模式...
[事件偵測]    最近 5 天的信號:
[事件偵測]    2026-07-17: 0 篇 | T=0 D=0 R=0
[事件偵測]    2026-07-16: 0 篇 | T=0 D=0 R=0
[事件偵測]    2026-07-15: 0 篇 | T=0 D=0 R=0
[事件偵測]    2026-07-14: 0 篇 | T=0 D=0 R=0
[事件偵測]    2026-07-13: 0 篇 | T=0 D=0 R=0
[14:05:22]    事件偵測失敗: Expecting value: line 1 column 1 (char 0)
[14:05:22]    🪙 $TRUMP: $2.13 (-0.1%)
[14:05:22]    📊 Polymarket 快照: 504 個市場 (20 事件)
[14:05:22]    📊 Polymarket: 504 個市場已更新
[14:05:22] 驗證 2 個即時預測...
[14:10:26]    📡 三源抓取: CNN:50 → 合計 50 篇
[14:10:26]    沒有新推文
[事件偵測] 掃描最近 5 天的信號模式...
[事件偵測]    最近 5 天的信號:
[事件偵測]    2026-07-17: 0 篇 | T=0 D=0 R=0
[事件偵測]    2026-07-16: 0 篇 | T=0 D=0 R=0
[事件偵測]    2026-07-15: 0 篇 | T=0 D=0 R=0
[事件偵測]    2026-07-14: 0 篇 | T=0 D=0 R=0
[事件偵測]    2026-07-13: 0 篇 | T=0 D=0 R=0
[14:10:26]    事件偵測失敗: Expecting value: line 1 column 1 (char 0)
[14:10:27]    🪙 $TRUMP: $2.13 (+0.1%)
[14:10:27]    📊 Polymarket 快照: 504 個市場 (20 事件)
[14:10:27]    📊 Polymarket: 504 個市場已更新
[14:10:27] 驗證 2 個即時預測...
[14:15:30]    📡 三源抓取: CNN:50 → 合計 50 篇
[14:15:30]    沒有新推文
[事件偵測] 掃描最近 5 天的信號模式...
[事件偵測]    最近 5 天的信號:
[事件偵測]    2026-07-17: 0 篇 | T=0 D=0 R=0
[事件偵測]    2026-07-16: 0 篇 | T=0 D=0 R=0
[事件偵測]    2026-07-15: 0 篇 | T=0 D=0 R=0
[事件偵測]    2026-07-14: 0 篇 | T=0 D=0 R=0
[事件偵測]    2026-07-13: 0 篇 | T=0 D=0 R=0
[14:15:30]    事件偵測失敗: Expecting value: line 1 column 1 (char 0)
[14:15:31]    🪙 $TRUMP: $2.13 (-0.3%)
[14:15:31]    📊 Polymarket 快照: 504 個市場 (20 事件)
[14:15:31]    📊 Polymarket: 504 個市場已更新
[14:15:31] 驗證 2 個即時預測...
[14:20:35]    📡 三源抓取: CNN:50 → 合計 50 篇
[14:20:35]    沒有新推文
[事件偵測] 掃描最近 5 天的信號模式...
[事件偵測]    最近 5 天的信號:
[事件偵測]    2026-07-17: 0 篇 | T=0 D=0 R=0
[事件偵測]    2026-07-16: 0 篇 | T=0 D=0 R=0
[事件偵測]    2026-07-15: 0 篇 | T=0 D=0 R=0
[事件偵測]    2026-07-14: 0 篇 | T=0 D=0 R=0
[事件偵測]    2026-07-13: 0 篇 | T=0 D=0 R=0
[14:20:35]    事件偵測失敗: Expecting value: line 1 column 1 (char 0)
[14:20:36]    🪙 $TRUMP: $2.13 (-0.1%)
[14:20:36]    📊 Polymarket 快照: 504 個市場 (20 事件)
[14:20:36]    📊 Polymarket: 504 個市場已更新
[14:20:36] 驗證 2 個即時預測...
[14:25:41]    📡 三源抓取: CNN:50 → 合計 50 篇
[14:25:41]    沒有新推文
[事件偵測] 掃描最近 5 天的信號模式...
[事件偵測]    最近 5 天的信號:
[事件偵測]    2026-07-17: 0 篇 | T=0 D=0 R=0
[事件偵測]    2026-07-16: 0 篇 | T=0 D=0 R=0
[事件偵測]    2026-07-15: 0 篇 | T=0 D=0 R=0
[事件偵測]    2026-07-14: 0 篇 | T=0 D=0 R=0
[事件偵測]    2026-07-13: 0 篇 | T=0 D=0 R=0
[14:25:41]    事件偵測失敗: Expecting value: line 1 column 1 (char 0)
[14:25:41]    🪙 $TRUMP: $2.12 (-0.5%)
[14:25:41]    📊 Polymarket 快照: 504 個市場 (20 事件)
[14:25:41]    📊 Polymarket: 504 個市場已更新
[14:25:41] 驗證 2 個即時預測...
[14:30:47]    📡 三源抓取: CNN:50 → 合計 50 篇
[14:30:47]    沒有新推文
[事件偵測] 掃描最近 5 天的信號模式...
[事件偵測]    最近 5 天的信號:
[事件偵測]    2026-07-17: 0 篇 | T=0 D=0 R=0
[事件偵測]    2026-07-16: 0 篇 | T=0 D=0 R=0
[事件偵測]    2026-07-15: 0 篇 | T=0 D=0 R=0
[事件偵測]    2026-07-14: 0 篇 | T=0 D=0 R=0
[事件偵測]    2026-07-13: 0 篇 | T=0 D=0 R=0
[14:30:47]    事件偵測失敗: Expecting value: line 1 column 1 (char 0)
[14:30:47]    🪙 $TRUMP: $2.12 (-1.0%)
[14:30:48]    📊 Polymarket 快照: 504 個市場 (20 事件)
[14:30:48]    📊 Polymarket: 504 個市場已更新
[14:30:48] 驗證 2 個即時預測...
[14:35:53]    📡 三源抓取: CNN:50 → 合計 50 篇
[14:35:53]    沒有新推文
[事件偵測] 掃描最近 5 天的信號模式...
[事件偵測]    最近 5 天的信號:
[事件偵測]    2026-07-17: 0 篇 | T=0 D=0 R=0
[事件偵測]    2026-07-16: 0 篇 | T=0 D=0 R=0
[事件偵測]    2026-07-15: 0 篇 | T=0 D=0 R=0
[事件偵測]    2026-07-14: 0 篇 | T=0 D=0 R=0
[事件偵測]    2026-07-13: 0 篇 | T=0 D=0 R=0
[14:35:53]    事件偵測失敗: Expecting value: line 1 column 1 (char 0)
[14:35:53]    🪙 $TRUMP: $2.13 (-0.6%)
[14:35:54]    📊 Polymarket 快照: 504 個市場 (20 事件)
[14:35:54]    📊 Polymarket: 504 個市場已更新
[14:35:54] 驗證 2 個即時預測...
[14:40:58]    📡 三源抓取: CNN:50 → 合計 50 篇
[14:40:58]    沒有新推文
[事件偵測] 掃描最近 5 天的信號模式...
[事件偵測]    最近 5 天的信號:
[事件偵測]    2026-07-17: 0 篇 | T=0 D=0 R=0
[事件偵測]    2026-07-16: 0 篇 | T=0 D=0 R=0
[事件偵測]    2026-07-15: 0 篇 | T=0 D=0 R=0
[事件偵測]    2026-07-14: 0 篇 | T=0 D=0 R=0
[事件偵測]    2026-07-13: 0 篇 | T=0 D=0 R=0
[14:40:58]    事件偵測失敗: Expecting value: line 1 column 1 (char 0)
[14:40:58]    🪙 $TRUMP: $2.13 (-0.7%)
[14:40:58]    📊 Polymarket 快照: 504 個市場 (20 事件)
[14:40:58]    📊 Polymarket: 504 個市場已更新
[14:40:58] 驗證 2 個即時預測...
[14:46:02]    📡 三源抓取: CNN:50 → 合計 50 篇
[14:46:02]    沒有新推文
[事件偵測] 掃描最近 5 天的信號模式...
[事件偵測]    最近 5 天的信號:
[事件偵測]    2026-07-17: 0 篇 | T=0 D=0 R=0
[事件偵測]    2026-07-16: 0 篇 | T=0 D=0 R=0
[事件偵測]    2026-07-15: 0 篇 | T=0 D=0 R=0
[事件偵測]    2026-07-14: 0 篇 | T=0 D=0 R=0
[事件偵測]    2026-07-13: 0 篇 | T=0 D=0 R=0
[14:46:02]    事件偵測失敗: Expecting value: line 1 column 1 (char 0)
[14:46:03]    🪙 $TRUMP: $2.13 (-0.7%)
[14:46:03]    📊 Polymarket 快照: 504 個市場 (20 事件)
[14:46:03]    📊 Polymarket: 504 個市場已更新
[14:46:03] 驗證 2 個即時預測...
[14:51:07]    📡 三源抓取: CNN:50 → 合計 50 篇
[14:51:07]    沒有新推文
[事件偵測] 掃描最近 5 天的信號模式...
[事件偵測]    最近 5 天的信號:
[事件偵測]    2026-07-17: 0 篇 | T=0 D=0 R=0
[事件偵測]    2026-07-16: 0 篇 | T=0 D=0 R=0
[事件偵測]    2026-07-15: 0 篇 | T=0 D=0 R=0
[事件偵測]    2026-07-14: 0 篇 | T=0 D=0 R=0
[事件偵測]    2026-07-13: 0 篇 | T=0 D=0 R=0
[14:51:07]    事件偵測失敗: Expecting value: line 1 column 1 (char 0)
[14:51:07]    🪙 $TRUMP: $2.13 (-1.1%)
[14:51:07]    📊 Polymarket 快照: 504 個市場 (20 事件)
[14:51:07]    📊 Polymarket: 504 個市場已更新
[14:51:07] 驗證 2 個即時預測...
[14:56:11]    📡 三源抓取: CNN:50 → 合計 50 篇
[14:56:11]    沒有新推文
[事件偵測] 掃描最近 5 天的信號模式...
[事件偵測]    最近 5 天的信號:
[事件偵測]    2026-07-17: 0 篇 | T=0 D=0 R=0
[事件偵測]    2026-07-16: 0 篇 | T=0 D=0 R=0
[事件偵測]    2026-07-15: 0 篇 | T=0 D=0 R=0
[事件偵測]    2026-07-14: 0 篇 | T=0 D=0 R=0
[事件偵測]    2026-07-13: 0 篇 | T=0 D=0 R=0
[14:56:11]    事件偵測失敗: Expecting value: line 1 column 1 (char 0)
[14:56:12]    🪙 $TRUMP: $2.13 (-1.1%)
[14:56:12]    📊 Polymarket 快照: 504 個市場 (20 事件)
[14:56:12]    📊 Polymarket: 504 個市場已更新
[14:56:12] 驗證 2 個即時預測...
[15:01:15]    📡 三源抓取: CNN:50 → 合計 50 篇
[15:01:15]    沒有新推文
[事件偵測] 掃描最近 5 天的信號模式...
[事件偵測]    最近 5 天的信號:
[事件偵測]    2026-07-17: 0 篇 | T=0 D=0 R=0
[事件偵測]    2026-07-16: 0 篇 | T=0 D=0 R=0
[事件偵測]    2026-07-15: 0 篇 | T=0 D=0 R=0
[事件偵測]    2026-07-14: 0 篇 | T=0 D=0 R=0
[事件偵測]    2026-07-13: 0 篇 | T=0 D=0 R=0
[15:01:15]    事件偵測失敗: Expecting value: line 1 column 1 (char 0)
[15:01:15]    🪙 $TRUMP: $2.13 (-1.4%)
[15:01:16]    📊 Polymarket 快照: 504 個市場 (20 事件)
[15:01:16]    📊 Polymarket: 504 個市場已更新
[15:01:16] 驗證 2 個即時預測...
[15:06:20]    📡 三源抓取: CNN:50 → 合計 50 篇
[15:06:20]    沒有新推文
[事件偵測] 掃描最近 5 天的信號模式...
[事件偵測]    最近 5 天的信號:
[事件偵測]    2026-07-17: 0 篇 | T=0 D=0 R=0
[事件偵測]    2026-07-16: 0 篇 | T=0 D=0 R=0
[事件偵測]    2026-07-15: 0 篇 | T=0 D=0 R=0
[事件偵測]    2026-07-14: 0 篇 | T=0 D=0 R=0
[事件偵測]    2026-07-13: 0 篇 | T=0 D=0 R=0
[15:06:20]    事件偵測失敗: Expecting value: line 1 column 1 (char 0)
[15:06:21]    🪙 $TRUMP: $2.12 (-1.7%)
[15:06:21]    📊 Polymarket 快照: 504 個市場 (20 事件)
[15:06:21]    📊 Polymarket: 504 個市場已更新
[15:06:21] 驗證 2 個即時預測...
[15:11:25]    📡 三源抓取: CNN:50 → 合計 50 篇
[15:11:25]    沒有新推文
[事件偵測] 掃描最近 5 天的信號模式...
[事件偵測]    最近 5 天的信號:
[事件偵測]    2026-07-17: 0 篇 | T=0 D=0 R=0
[事件偵測]    2026-07-16: 0 篇 | T=0 D=0 R=0
[事件偵測]    2026-07-15: 0 篇 | T=0 D=0 R=0
[事件偵測]    2026-07-14: 0 篇 | T=0 D=0 R=0
[事件偵測]    2026-07-13: 0 篇 | T=0 D=0 R=0
[15:11:25]    事件偵測失敗: Expecting value: line 1 column 1 (char 0)
[15:11:25]    🪙 $TRUMP: $2.12 (-2.0%)
[15:11:25]    📊 Polymarket 快照: 504 個市場 (20 事件)
[15:11:25]    📊 Polymarket: 504 個市場已更新
[15:11:25] 驗證 2 個即時預測...
[15:16:29]    📡 三源抓取: CNN:50 → 合計 50 篇
[15:16:29]    沒有新推文
[事件偵測] 掃描最近 5 天的信號模式...
[事件偵測]    最近 5 天的信號:
[事件偵測]    2026-07-17: 0 篇 | T=0 D=0 R=0
[事件偵測]    2026-07-16: 0 篇 | T=0 D=0 R=0
[事件偵測]    2026-07-15: 0 篇 | T=0 D=0 R=0
[事件偵測]    2026-07-14: 0 篇 | T=0 D=0 R=0
[事件偵測]    2026-07-13: 0 篇 | T=0 D=0 R=0
[15:16:29]    事件偵測失敗: Expecting value: line 1 column 1 (char 0)
[15:16:29]    🪙 $TRUMP: $2.12 (-2.0%)
[15:16:29]    📊 Polymarket 快照: 502 個市場 (20 事件)
[15:16:29]    📊 Polymarket: 502 個市場已更新
[15:16:29] 驗證 2 個即時預測...
[15:21:34]    📡 三源抓取: CNN:50 → 合計 50 篇
[15:21:34]    沒有新推文
[事件偵測] 掃描最近 5 天的信號模式...
[事件偵測]    最近 5 天的信號:
[事件偵測]    2026-07-17: 0 篇 | T=0 D=0 R=0
[事件偵測]    2026-07-16: 0 篇 | T=0 D=0 R=0
[事件偵測]    2026-07-15: 0 篇 | T=0 D=0 R=0
[事件偵測]    2026-07-14: 0 篇 | T=0 D=0 R=0
[事件偵測]    2026-07-13: 0 篇 | T=0 D=0 R=0
[15:21:34]    事件偵測失敗: Expecting value: line 1 column 1 (char 0)
[15:21:34]    🪙 $TRUMP: $2.12 (-1.9%)
[15:21:34]    📊 Polymarket 快照: 502 個市場 (20 事件)
[15:21:34]    📊 Polymarket: 502 個市場已更新
[15:21:34] 驗證 2 個即時預測...
[15:26:38]    📡 三源抓取: CNN:50 → 合計 50 篇
[15:26:38] 🆕 偵測到 1 篇新推文！
[15:26:39]    📥 寫入 1 篇新推文到 trump_posts_all.json（總計 46180 篇）
[15:26:40]    📊 Polymarket 快照: 502 個市場 (20 事件)
[15:26:40]    🪙 $TRUMP: $2.12 (-2.4%)
[15:26:40]    📝 [15:19] The Supreme Court of the United States will just not let Missouri have an Electi...
[15:26:40]    🚀拉盤 劇本觸發: 他閉嘴（什麼都沒講）
[15:26:40]       歷史: +0.409% | 建議: LONG — 沉默是金
[事件偵測] 掃描最近 5 天的信號模式...
[事件偵測]    最近 5 天的信號:
[事件偵測]    2026-07-17: 0 篇 | T=0 D=0 R=0
[事件偵測]    2026-07-16: 0 篇 | T=0 D=0 R=0
[事件偵測]    2026-07-15: 0 篇 | T=0 D=0 R=0
[事件偵測]    2026-07-14: 0 篇 | T=0 D=0 R=0
[事件偵測]    2026-07-13: 0 篇 | T=0 D=0 R=0
[15:26:40]    事件偵測失敗: Expecting value: line 1 column 1 (char 0)
[15:26:40]    🪙 $TRUMP: $2.12 (-2.4%)
[15:26:40]    📊 Polymarket 快照: 502 個市場 (20 事件)
[15:26:40]    📊 Polymarket: 502 個市場已更新
[15:26:40] 驗證 2 個即時預測...
[15:26:41] 📊 本輪: 1 新推文 | 0 預測 | 0 驗證
[15:31:44]    📡 三源抓取: CNN:50 → 合計 50 篇
[15:31:44]    沒有新推文
[事件偵測] 掃描最近 5 天的信號模式...
[事件偵測]    最近 5 天的信號:
[事件偵測]    2026-07-17: 0 篇 | T=0 D=0 R=0
[事件偵測]    2026-07-16: 0 篇 | T=0 D=0 R=0
[事件偵測]    2026-07-15: 0 篇 | T=0 D=0 R=0
[事件偵測]    2026-07-14: 0 篇 | T=0 D=0 R=0
[事件偵測]    2026-07-13: 0 篇 | T=0 D=0 R=0
[15:31:44]    事件偵測失敗: Expecting value: line 1 column 1 (char 0)
[15:31:44]    🪙 $TRUMP: $2.12 (-2.3%)
[15:31:44]    📊 Polymarket 快照: 502 個市場 (20 事件)
[15:31:44]    📊 Polymarket: 502 個市場已更新
[15:31:44] 驗證 2 個即時預測...
[15:36:48]    📡 三源抓取: CNN:50 → 合計 50 篇
[15:36:48]    沒有新推文
[事件偵測] 掃描最近 5 天的信號模式...
[事件偵測]    最近 5 天的信號:
[事件偵測]    2026-07-17: 0 篇 | T=0 D=0 R=0
[事件偵測]    2026-07-16: 0 篇 | T=0 D=0 R=0
[事件偵測]    2026-07-15: 0 篇 | T=0 D=0 R=0
[事件偵測]    2026-07-14: 0 篇 | T=0 D=0 R=0
[事件偵測]    2026-07-13: 0 篇 | T=0 D=0 R=0
[15:36:48]    事件偵測失敗: Expecting value: line 1 column 1 (char 0)
[15:36:49]    🪙 $TRUMP: $2.11 (-2.7%)
[15:36:49]    📊 Polymarket 快照: 502 個市場 (20 事件)
[15:36:49]    📊 Polymarket: 502 個市場已更新
[15:36:49] 驗證 2 個即時預測...
[15:41:53]    📡 三源抓取: CNN:50 → 合計 50 篇
[15:41:53]    沒有新推文
[事件偵測] 掃描最近 5 天的信號模式...
[事件偵測]    最近 5 天的信號:
[事件偵測]    2026-07-17: 0 篇 | T=0 D=0 R=0
[事件偵測]    2026-07-16: 0 篇 | T=0 D=0 R=0
[事件偵測]    2026-07-15: 0 篇 | T=0 D=0 R=0
[事件偵測]    2026-07-14: 0 篇 | T=0 D=0 R=0
[事件偵測]    2026-07-13: 0 篇 | T=0 D=0 R=0
[15:41:53]    事件偵測失敗: Expecting value: line 1 column 1 (char 0)
[15:41:53]    🪙 $TRUMP: $2.11 (-2.8%)
[15:41:53]    📊 Polymarket 快照: 502 個市場 (20 事件)
[15:41:53]    📊 Polymarket: 502 個市場已更新
[15:41:53] 驗證 2 個即時預測...
[15:46:57]    📡 三源抓取: CNN:50 → 合計 50 篇
[15:46:57]    沒有新推文
[事件偵測] 掃描最近 5 天的信號模式...
[事件偵測]    最近 5 天的信號:
[事件偵測]    2026-07-17: 0 篇 | T=0 D=0 R=0
[事件偵測]    2026-07-16: 0 篇 | T=0 D=0 R=0
[事件偵測]    2026-07-15: 0 篇 | T=0 D=0 R=0
[事件偵測]    2026-07-14: 0 篇 | T=0 D=0 R=0
[事件偵測]    2026-07-13: 0 篇 | T=0 D=0 R=0
[15:46:57]    事件偵測失敗: Expecting value: line 1 column 1 (char 0)
[15:46:57]    🪙 $TRUMP: $2.11 (-2.7%)
[15:46:57]    📊 Polymarket 快照: 502 個市場 (20 事件)
[15:46:57]    📊 Polymarket: 502 個市場已更新
[15:46:57] 驗證 2 個即時預測...
[15:52:01]    📡 三源抓取: CNN:50 → 合計 50 篇
[15:52:01]    沒有新推文
[事件偵測] 掃描最近 5 天的信號模式...
[事件偵測]    最近 5 天的信號:
[事件偵測]    2026-07-17: 0 篇 | T=0 D=0 R=0
[事件偵測]    2026-07-16: 0 篇 | T=0 D=0 R=0
[事件偵測]    2026-07-15: 0 篇 | T=0 D=0 R=0
[事件偵測]    2026-07-14: 0 篇 | T=0 D=0 R=0
[事件偵測]    2026-07-13: 0 篇 | T=0 D=0 R=0
[15:52:01]    事件偵測失敗: Expecting value: line 1 column 1 (char 0)
[15:52:01]    🪙 $TRUMP: $2.12 (-2.4%)
[15:52:01]    📊 Polymarket 快照: 502 個市場 (20 事件)
[15:52:01]    📊 Polymarket: 502 個市場已更新
[15:52:01] 驗證 2 個即時預測...
[15:57:06]    📡 三源抓取: CNN:50 → 合計 50 篇
[15:57:06]    沒有新推文
[事件偵測] 掃描最近 5 天的信號模式...
[事件偵測]    最近 5 天的信號:
[事件偵測]    2026-07-17: 0 篇 | T=0 D=0 R=0
[事件偵測]    2026-07-16: 0 篇 | T=0 D=0 R=0
[事件偵測]    2026-07-15: 0 篇 | T=0 D=0 R=0
[事件偵測]    2026-07-14: 0 篇 | T=0 D=0 R=0
[事件偵測]    2026-07-13: 0 篇 | T=0 D=0 R=0
[15:57:06]    事件偵測失敗: Expecting value: line 1 column 1 (char 0)
[15:57:06]    🪙 $TRUMP: $2.12 (-2.8%)
[15:57:07]    📊 Polymarket 快照: 502 個市場 (20 事件)
[15:57:07]    📊 Polymarket: 502 個市場已更新
[15:57:07] 驗證 2 個即時預測...
[16:02:11]    📡 三源抓取: CNN:50 → 合計 50 篇
[16:02:11]    沒有新推文
[事件偵測] 掃描最近 5 天的信號模式...
[事件偵測]    最近 5 天的信號:
[事件偵測]    2026-07-17: 0 篇 | T=0 D=0 R=0
[事件偵測]    2026-07-16: 0 篇 | T=0 D=0 R=0
[事件偵測]    2026-07-15: 0 篇 | T=0 D=0 R=0
[事件偵測]    2026-07-14: 0 篇 | T=0 D=0 R=0
[事件偵測]    2026-07-13: 0 篇 | T=0 D=0 R=0
[16:02:11]    事件偵測失敗: Expecting value: line 1 column 1 (char 0)
[16:02:11]    🪙 $TRUMP: $2.12 (-2.8%)
[16:02:11]    📊 Polymarket 快照: 506 個市場 (20 事件)
[16:02:11]    📊 Polymarket: 506 個市場已更新
[16:02:11] 驗證 2 個即時預測...
[16:07:15]    📡 三源抓取: CNN:50 → 合計 50 篇
[16:07:15]    沒有新推文
[事件偵測] 掃描最近 5 天的信號模式...
[事件偵測]    最近 5 天的信號:
[事件偵測]    2026-07-17: 0 篇 | T=0 D=0 R=0
[事件偵測]    2026-07-16: 0 篇 | T=0 D=0 R=0
[事件偵測]    2026-07-15: 0 篇 | T=0 D=0 R=0
[事件偵測]    2026-07-14: 0 篇 | T=0 D=0 R=0
[事件偵測]    2026-07-13: 0 篇 | T=0 D=0 R=0
[16:07:15]    事件偵測失敗: Expecting value: line 1 column 1 (char 0)
[16:07:15]    🪙 $TRUMP: $2.13 (-2.1%)
[16:07:15]    📊 Polymarket 快照: 506 個市場 (20 事件)
[16:07:15]    📊 Polymarket: 506 個市場已更新
[16:07:15] 驗證 2 個即時預測...
[16:12:19]    📡 三源抓取: CNN:50 → 合計 50 篇
[16:12:19]    沒有新推文
[事件偵測] 掃描最近 5 天的信號模式...
[事件偵測]    最近 5 天的信號:
[事件偵測]    2026-07-17: 0 篇 | T=0 D=0 R=0
[事件偵測]    2026-07-16: 0 篇 | T=0 D=0 R=0
[事件偵測]    2026-07-15: 0 篇 | T=0 D=0 R=0
[事件偵測]    2026-07-14: 0 篇 | T=0 D=0 R=0
[事件偵測]    2026-07-13: 0 篇 | T=0 D=0 R=0
[16:12:19]    事件偵測失敗: Expecting value: line 1 column 1 (char 0)
[16:12:20]    🪙 $TRUMP: $2.13 (-1.9%)
[16:12:20]    📊 Polymarket 快照: 506 個市場 (20 事件)
[16:12:20]    📊 Polymarket: 506 個市場已更新
[16:12:20] 驗證 2 個即時預測...
[16:17:23]    📡 三源抓取: CNN:50 → 合計 50 篇
[16:17:23]    沒有新推文
[事件偵測] 掃描最近 5 天的信號模式...
[事件偵測]    最近 5 天的信號:
[事件偵測]    2026-07-17: 0 篇 | T=0 D=0 R=0
[事件偵測]    2026-07-16: 0 篇 | T=0 D=0 R=0
[事件偵測]    2026-07-15: 0 篇 | T=0 D=0 R=0
[事件偵測]    2026-07-14: 0 篇 | T=0 D=0 R=0
[事件偵測]    2026-07-13: 0 篇 | T=0 D=0 R=0
[16:17:23]    事件偵測失敗: Expecting value: line 1 column 1 (char 0)
[16:17:24]    🪙 $TRUMP: $2.13 (-1.7%)
[16:17:24]    📊 Polymarket 快照: 542 個市場 (20 事件)
[16:17:24]    📊 Polymarket: 542 個市場已更新
[16:17:24] 驗證 2 個即時預測...
[16:22:28]    📡 三源抓取: CNN:50 → 合計 50 篇
[16:22:28]    沒有新推文
[事件偵測] 掃描最近 5 天的信號模式...
[事件偵測]    最近 5 天的信號:
[事件偵測]    2026-07-17: 0 篇 | T=0 D=0 R=0
[事件偵測]    2026-07-16: 0 篇 | T=0 D=0 R=0
[事件偵測]    2026-07-15: 0 篇 | T=0 D=0 R=0
[事件偵測]    2026-07-14: 0 篇 | T=0 D=0 R=0
[事件偵測]    2026-07-13: 0 篇 | T=0 D=0 R=0
[16:22:28]    事件偵測失敗: Expecting value: line 1 column 1 (char 0)
[16:22:28]    🪙 $TRUMP: $2.13 (-1.4%)
[16:22:28]    📊 Polymarket 快照: 542 個市場 (20 事件)
[16:22:28]    📊 Polymarket: 542 個市場已更新
[16:22:28] 驗證 1 個即時預測...
[16:27:32]    📡 三源抓取: CNN:50 → 合計 50 篇
[16:27:32]    沒有新推文
[事件偵測] 掃描最近 5 天的信號模式...
[事件偵測]    最近 5 天的信號:
[事件偵測]    2026-07-17: 0 篇 | T=0 D=0 R=0
[事件偵測]    2026-07-16: 0 篇 | T=0 D=0 R=0
[事件偵測]    2026-07-15: 0 篇 | T=0 D=0 R=0
[事件偵測]    2026-07-14: 0 篇 | T=0 D=0 R=0
[事件偵測]    2026-07-13: 0 篇 | T=0 D=0 R=0
[16:27:32]    事件偵測失敗: Expecting value: line 1 column 1 (char 0)
[16:27:32]    🪙 $TRUMP: $2.13 (-1.6%)
[16:27:32]    📊 Polymarket 快照: 542 個市場 (20 事件)
[16:27:32]    📊 Polymarket: 542 個市場已更新
[16:27:32] 驗證 1 個即時預測...
[16:32:35]    📡 三源抓取: CNN:50 → 合計 50 篇
[16:32:35]    沒有新推文
[事件偵測] 掃描最近 5 天的信號模式...
[事件偵測]    最近 5 天的信號:
[事件偵測]    2026-07-17: 0 篇 | T=0 D=0 R=0
[事件偵測]    2026-07-16: 0 篇 | T=0 D=0 R=0
[事件偵測]    2026-07-15: 0 篇 | T=0 D=0 R=0
[事件偵測]    2026-07-14: 0 篇 | T=0 D=0 R=0
[事件偵測]    2026-07-13: 0 篇 | T=0 D=0 R=0
[16:32:35]    事件偵測失敗: Expecting value: line 1 column 1 (char 0)
[16:32:36]    🪙 $TRUMP: $2.12 (-2.3%)
[16:32:36]    📊 Polymarket 快照: 516 個市場 (20 事件)
[16:32:36]    📊 Polymarket: 516 個市場已更新
[16:32:36] 驗證 1 個即時預測...
[16:37:39]    📡 三源抓取: CNN:50 → 合計 50 篇
[16:37:39]    沒有新推文
[事件偵測] 掃描最近 5 天的信號模式...
[事件偵測]    最近 5 天的信號:
[事件偵測]    2026-07-17: 0 篇 | T=0 D=0 R=0
[事件偵測]    2026-07-16: 0 篇 | T=0 D=0 R=0
[事件偵測]    2026-07-15: 0 篇 | T=0 D=0 R=0
[事件偵測]    2026-07-14: 0 篇 | T=0 D=0 R=0
[事件偵測]    2026-07-13: 0 篇 | T=0 D=0 R=0
[16:37:39]    事件偵測失敗: Expecting value: line 1 column 1 (char 0)
[16:37:39]    🪙 $TRUMP: $2.12 (-2.3%)
[16:37:40]    📊 Polymarket 快照: 516 個市場 (20 事件)
[16:37:40]    📊 Polymarket: 516 個市場已更新
[16:37:40] 驗證 1 個即時預測...
[16:42:43]    📡 三源抓取: CNN:50 → 合計 50 篇
[16:42:43]    沒有新推文
[事件偵測] 掃描最近 5 天的信號模式...
[事件偵測]    最近 5 天的信號:
[事件偵測]    2026-07-17: 0 篇 | T=0 D=0 R=0
[事件偵測]    2026-07-16: 0 篇 | T=0 D=0 R=0
[事件偵測]    2026-07-15: 0 篇 | T=0 D=0 R=0
[事件偵測]    2026-07-14: 0 篇 | T=0 D=0 R=0
[事件偵測]    2026-07-13: 0 篇 | T=0 D=0 R=0
[16:42:43]    事件偵測失敗: Expecting value: line 1 column 1 (char 0)
[16:42:44]    🪙 $TRUMP: $2.12 (-2.2%)
[16:42:44]    📊 Polymarket 快照: 536 個市場 (20 事件)
[16:42:44]    📊 Polymarket: 536 個市場已更新
[16:42:44] 驗證 1 個即時預測...
[16:47:47]    📡 三源抓取: CNN:50 → 合計 50 篇
[16:47:47]    沒有新推文
[事件偵測] 掃描最近 5 天的信號模式...
[事件偵測]    最近 5 天的信號:
[事件偵測]    2026-07-17: 0 篇 | T=0 D=0 R=0
[事件偵測]    2026-07-16: 0 篇 | T=0 D=0 R=0
[事件偵測]    2026-07-15: 0 篇 | T=0 D=0 R=0
[事件偵測]    2026-07-14: 0 篇 | T=0 D=0 R=0
[事件偵測]    2026-07-13: 0 篇 | T=0 D=0 R=0
[16:47:47]    事件偵測失敗: Expecting value: line 1 column 1 (char 0)
[16:47:48]    🪙 $TRUMP: $2.13 (-2.2%)
[16:47:48]    📊 Polymarket 快照: 536 個市場 (20 事件)
[16:47:48]    📊 Polymarket: 536 個市場已更新
[16:47:48] 驗證 1 個即時預測...
[16:52:51]    📡 三源抓取: CNN:50 → 合計 50 篇
[16:52:51]    沒有新推文
[事件偵測] 掃描最近 5 天的信號模式...
[事件偵測]    最近 5 天的信號:
[事件偵測]    2026-07-17: 0 篇 | T=0 D=0 R=0
[事件偵測]    2026-07-16: 0 篇 | T=0 D=0 R=0
[事件偵測]    2026-07-15: 0 篇 | T=0 D=0 R=0
[事件偵測]    2026-07-14: 0 篇 | T=0 D=0 R=0
[事件偵測]    2026-07-13: 0 篇 | T=0 D=0 R=0
[16:52:51]    事件偵測失敗: Expecting value: line 1 column 1 (char 0)
[16:52:51]    🪙 $TRUMP: $2.12 (-2.0%)
[16:52:52]    📊 Polymarket 快照: 536 個市場 (20 事件)
[16:52:52]    📊 Polymarket: 536 個市場已更新
[16:52:52] 驗證 1 個即時預測...
[16:57:55]    📡 三源抓取: CNN:50 → 合計 50 篇
[16:57:55]    沒有新推文
[事件偵測] 掃描最近 5 天的信號模式...
[事件偵測]    最近 5 天的信號:
[事件偵測]    2026-07-17: 0 篇 | T=0 D=0 R=0
[事件偵測]    2026-07-16: 0 篇 | T=0 D=0 R=0
[事件偵測]    2026-07-15: 0 篇 | T=0 D=0 R=0
[事件偵測]    2026-07-14: 0 篇 | T=0 D=0 R=0
[事件偵測]    2026-07-13: 0 篇 | T=0 D=0 R=0
[16:57:55]    事件偵測失敗: Expecting value: line 1 column 1 (char 0)
[16:57:55]    🪙 $TRUMP: $2.12 (-1.8%)
[16:57:55]    📊 Polymarket 快照: 614 個市場 (20 事件)
[16:57:55]    📊 Polymarket: 614 個市場已更新
[16:57:55] 驗證 1 個即時預測...
[17:02:58]    📡 三源抓取: CNN:50 → 合計 50 篇
[17:02:58]    沒有新推文
[事件偵測] 掃描最近 5 天的信號模式...
[事件偵測]    最近 5 天的信號:
[事件偵測]    2026-07-17: 0 篇 | T=0 D=0 R=0
[事件偵測]    2026-07-16: 0 篇 | T=0 D=0 R=0
[事件偵測]    2026-07-15: 0 篇 | T=0 D=0 R=0
[事件偵測]    2026-07-14: 0 篇 | T=0 D=0 R=0
[事件偵測]    2026-07-13: 0 篇 | T=0 D=0 R=0
[17:02:58]    事件偵測失敗: Expecting value: line 1 column 1 (char 0)
[17:02:58]    🪙 $TRUMP: $2.12 (-1.8%)
[17:02:59]    📊 Polymarket 快照: 614 個市場 (20 事件)
[17:02:59]    📊 Polymarket: 614 個市場已更新
[17:02:59] 驗證 1 個即時預測...
[17:08:03]    📡 三源抓取: CNN:50 → 合計 50 篇
[17:08:03]    沒有新推文
[事件偵測] 掃描最近 5 天的信號模式...
[事件偵測]    最近 5 天的信號:
[事件偵測]    2026-07-17: 0 篇 | T=0 D=0 R=0
[事件偵測]    2026-07-16: 0 篇 | T=0 D=0 R=0
[事件偵測]    2026-07-15: 0 篇 | T=0 D=0 R=0
[事件偵測]    2026-07-14: 0 篇 | T=0 D=0 R=0
[事件偵測]    2026-07-13: 0 篇 | T=0 D=0 R=0
[17:08:03]    事件偵測失敗: Expecting value: line 1 column 1 (char 0)
[17:08:03]    🪙 $TRUMP: $2.13 (-1.0%)
[17:08:03]    📊 Polymarket 快照: 614 個市場 (20 事件)
[17:08:03]    📊 Polymarket: 614 個市場已更新
[17:08:03] 驗證 1 個即時預測...
[17:13:06]    📡 三源抓取: CNN:50 → 合計 50 篇
[17:13:06]    沒有新推文
[事件偵測] 掃描最近 5 天的信號模式...
[事件偵測]    最近 5 天的信號:
[事件偵測]    2026-07-17: 0 篇 | T=0 D=0 R=0
[事件偵測]    2026-07-16: 0 篇 | T=0 D=0 R=0
[事件偵測]    2026-07-15: 0 篇 | T=0 D=0 R=0
[事件偵測]    2026-07-14: 0 篇 | T=0 D=0 R=0
[事件偵測]    2026-07-13: 0 篇 | T=0 D=0 R=0
[17:13:06]    事件偵測失敗: Expecting value: line 1 column 1 (char 0)
[17:13:07]    🪙 $TRUMP: $2.13 (-0.8%)
[17:13:07]    📊 Polymarket 快照: 614 個市場 (20 事件)
[17:13:07]    📊 Polymarket: 614 個市場已更新
[17:13:07] 驗證 1 個即時預測...
[17:18:10]    📡 三源抓取: CNN:50 → 合計 50 篇
[17:18:10]    沒有新推文
[事件偵測] 掃描最近 5 天的信號模式...
[事件偵測]    最近 5 天的信號:
[事件偵測]    2026-07-17: 0 篇 | T=0 D=0 R=0
[事件偵測]    2026-07-16: 0 篇 | T=0 D=0 R=0
[事件偵測]    2026-07-15: 0 篇 | T=0 D=0 R=0
[事件偵測]    2026-07-14: 0 篇 | T=0 D=0 R=0
[事件偵測]    2026-07-13: 0 篇 | T=0 D=0 R=0
[17:18:10]    事件偵測失敗: Expecting value: line 1 column 1 (char 0)
[17:18:10]    🪙 $TRUMP: $2.13 (-0.7%)
[17:18:10]    📊 Polymarket 快照: 614 個市場 (20 事件)
[17:18:10]    📊 Polymarket: 614 個市場已更新
[17:18:10] 驗證 1 個即時預測...
[17:23:14]    📡 三源抓取: CNN:50 → 合計 50 篇
[17:23:14]    沒有新推文
[事件偵測] 掃描最近 5 天的信號模式...
[事件偵測]    最近 5 天的信號:
[事件偵測]    2026-07-17: 0 篇 | T=0 D=0 R=0
[事件偵測]    2026-07-16: 0 篇 | T=0 D=0 R=0
[事件偵測]    2026-07-15: 0 篇 | T=0 D=0 R=0
[事件偵測]    2026-07-14: 0 篇 | T=0 D=0 R=0
[事件偵測]    2026-07-13: 0 篇 | T=0 D=0 R=0
[17:23:14]    事件偵測失敗: Expecting value: line 1 column 1 (char 0)
[17:23:14]    🪙 $TRUMP: $2.13 (-0.5%)
[17:23:14]    📊 Polymarket 快照: 614 個市場 (20 事件)
[17:23:14]    📊 Polymarket: 614 個市場已更新
[17:23:14] 驗證 1 個即時預測...
[17:28:17]    📡 三源抓取: CNN:50 → 合計 50 篇
[17:28:17]    沒有新推文
[事件偵測] 掃描最近 5 天的信號模式...
[事件偵測]    最近 5 天的信號:
[事件偵測]    2026-07-17: 0 篇 | T=0 D=0 R=0
[事件偵測]    2026-07-16: 0 篇 | T=0 D=0 R=0
[事件偵測]    2026-07-15: 0 篇 | T=0 D=0 R=0
[事件偵測]    2026-07-14: 0 篇 | T=0 D=0 R=0
[事件偵測]    2026-07-13: 0 篇 | T=0 D=0 R=0
[17:28:17]    事件偵測失敗: Expecting value: line 1 column 1 (char 0)
[17:28:17]    🪙 $TRUMP: $2.13 (-0.9%)
[17:28:18]    📊 Polymarket 快照: 614 個市場 (20 事件)
[17:28:18]    📊 Polymarket: 614 個市場已更新
[17:28:18] 驗證 1 個即時預測...
[17:33:21]    📡 三源抓取: CNN:50 → 合計 50 篇
[17:33:21]    沒有新推文
[事件偵測] 掃描最近 5 天的信號模式...
[事件偵測]    最近 5 天的信號:
[事件偵測]    2026-07-17: 0 篇 | T=0 D=0 R=0
[事件偵測]    2026-07-16: 0 篇 | T=0 D=0 R=0
[事件偵測]    2026-07-15: 0 篇 | T=0 D=0 R=0
[事件偵測]    2026-07-14: 0 篇 | T=0 D=0 R=0
[事件偵測]    2026-07-13: 0 篇 | T=0 D=0 R=0
[17:33:21]    事件偵測失敗: Expecting value: line 1 column 1 (char 0)
[17:33:21]    🪙 $TRUMP: $2.13 (-0.8%)
[17:33:21]    📊 Polymarket 快照: 614 個市場 (20 事件)
[17:33:22]    📊 Polymarket: 614 個市場已更新
[17:33:22] 驗證 1 個即時預測...
[17:38:25]    📡 三源抓取: CNN:50 → 合計 50 篇
[17:38:25]    沒有新推文
[事件偵測] 掃描最近 5 天的信號模式...
[事件偵測]    最近 5 天的信號:
[事件偵測]    2026-07-17: 0 篇 | T=0 D=0 R=0
[事件偵測]    2026-07-16: 0 篇 | T=0 D=0 R=0
[事件偵測]    2026-07-15: 0 篇 | T=0 D=0 R=0
[事件偵測]    2026-07-14: 0 篇 | T=0 D=0 R=0
[事件偵測]    2026-07-13: 0 篇 | T=0 D=0 R=0
[17:38:25]    事件偵測失敗: Expecting value: line 1 column 1 (char 0)
[17:38:25]    🪙 $TRUMP: $2.13 (-0.6%)
[17:38:25]    📊 Polymarket 快照: 614 個市場 (20 事件)
[17:38:25]    📊 Polymarket: 614 個市場已更新
[17:38:25] 驗證 1 個即時預測...
[17:43:28]    📡 三源抓取: CNN:50 → 合計 50 篇
[17:43:28]    沒有新推文
[事件偵測] 掃描最近 5 天的信號模式...
[事件偵測]    最近 5 天的信號:
[事件偵測]    2026-07-17: 0 篇 | T=0 D=0 R=0
[事件偵測]    2026-07-16: 0 篇 | T=0 D=0 R=0
[事件偵測]    2026-07-15: 0 篇 | T=0 D=0 R=0
[事件偵測]    2026-07-14: 0 篇 | T=0 D=0 R=0
[事件偵測]    2026-07-13: 0 篇 | T=0 D=0 R=0
[17:43:28]    事件偵測失敗: Expecting value: line 1 column 1 (char 0)
[17:43:28]    🪙 $TRUMP: $2.13 (-0.8%)
[17:43:29]    📊 Polymarket 快照: 614 個市場 (20 事件)
[17:43:29]    📊 Polymarket: 614 個市場已更新
[17:43:29] 驗證 1 個即時預測...
[17:48:32]    📡 三源抓取: CNN:50 → 合計 50 篇
[17:48:32]    沒有新推文
[事件偵測] 掃描最近 5 天的信號模式...
[事件偵測]    最近 5 天的信號:
[事件偵測]    2026-07-17: 0 篇 | T=0 D=0 R=0
[事件偵測]    2026-07-16: 0 篇 | T=0 D=0 R=0
[事件偵測]    2026-07-15: 0 篇 | T=0 D=0 R=0
[事件偵測]    2026-07-14: 0 篇 | T=0 D=0 R=0
[事件偵測]    2026-07-13: 0 篇 | T=0 D=0 R=0
[17:48:32]    事件偵測失敗: Expecting value: line 1 column 1 (char 0)
[17:48:32]    🪙 $TRUMP: $2.13 (-0.5%)
[17:48:32]    📊 Polymarket 快照: 614 個市場 (20 事件)
[17:48:32]    📊 Polymarket: 614 個市場已更新
[17:48:32] 驗證 1 個即時預測...
[17:53:36]    📡 三源抓取: CNN:50 → 合計 50 篇
[17:53:36]    沒有新推文
[事件偵測] 掃描最近 5 天的信號模式...
[事件偵測]    最近 5 天的信號:
[事件偵測]    2026-07-17: 0 篇 | T=0 D=0 R=0
[事件偵測]    2026-07-16: 0 篇 | T=0 D=0 R=0
[事件偵測]    2026-07-15: 0 篇 | T=0 D=0 R=0
[事件偵測]    2026-07-14: 0 篇 | T=0 D=0 R=0
[事件偵測]    2026-07-13: 0 篇 | T=0 D=0 R=0
[17:53:36]    事件偵測失敗: Expecting value: line 1 column 1 (char 0)
[17:53:36]    🪙 $TRUMP: $2.14 (-0.2%)
[17:53:36]    📊 Polymarket 快照: 614 個市場 (20 事件)
[17:53:36]    📊 Polymarket: 614 個市場已更新
[17:53:36] 驗證 1 個即時預測...
[17:58:40]    📡 三源抓取: CNN:50 → 合計 50 篇
[17:58:40]    沒有新推文
[事件偵測] 掃描最近 5 天的信號模式...
[事件偵測]    最近 5 天的信號:
[事件偵測]    2026-07-17: 0 篇 | T=0 D=0 R=0
[事件偵測]    2026-07-16: 0 篇 | T=0 D=0 R=0
[事件偵測]    2026-07-15: 0 篇 | T=0 D=0 R=0
[事件偵測]    2026-07-14: 0 篇 | T=0 D=0 R=0
[事件偵測]    2026-07-13: 0 篇 | T=0 D=0 R=0
[17:58:40]    事件偵測失敗: Expecting value: line 1 column 1 (char 0)
[17:58:40]    🪙 $TRUMP: $2.14 (+0.1%)
[17:58:41]    📊 Polymarket 快照: 614 個市場 (20 事件)
[17:58:41]    📊 Polymarket: 614 個市場已更新
[17:58:41] 驗證 1 個即時預測...
[18:03:44]    📡 三源抓取: CNN:50 → 合計 50 篇
[18:03:44]    沒有新推文
[事件偵測] 掃描最近 5 天的信號模式...
[事件偵測]    最近 5 天的信號:
[事件偵測]    2026-07-17: 0 篇 | T=0 D=0 R=0
[事件偵測]    2026-07-16: 0 篇 | T=0 D=0 R=0
[事件偵測]    2026-07-15: 0 篇 | T=0 D=0 R=0
[事件偵測]    2026-07-14: 0 篇 | T=0 D=0 R=0
[事件偵測]    2026-07-13: 0 篇 | T=0 D=0 R=0
[18:03:44]    事件偵測失敗: Expecting value: line 1 column 1 (char 0)
[18:03:45]    🪙 $TRUMP: $2.14 (+0.0%)
[18:03:45]    📊 Polymarket 快照: 614 個市場 (20 事件)
[18:03:45]    📊 Polymarket: 614 個市場已更新
[18:03:45] 驗證 1 個即時預測...
[18:08:48]    📡 三源抓取: CNN:50 → 合計 50 篇
[18:08:48]    沒有新推文
[事件偵測] 掃描最近 5 天的信號模式...
[事件偵測]    最近 5 天的信號:
[事件偵測]    2026-07-17: 0 篇 | T=0 D=0 R=0
[事件偵測]    2026-07-16: 0 篇 | T=0 D=0 R=0
[事件偵測]    2026-07-15: 0 篇 | T=0 D=0 R=0
[事件偵測]    2026-07-14: 0 篇 | T=0 D=0 R=0
[事件偵測]    2026-07-13: 0 篇 | T=0 D=0 R=0
[18:08:48]    事件偵測失敗: Expecting value: line 1 column 1 (char 0)
[18:08:49]    🪙 $TRUMP: $2.14 (+0.1%)
[18:08:49]    📊 Polymarket 快照: 614 個市場 (20 事件)
[18:08:49]    📊 Polymarket: 614 個市場已更新
[18:08:49] 驗證 1 個即時預測...
[18:13:52]    📡 三源抓取: CNN:50 → 合計 50 篇
[18:13:52]    沒有新推文
[事件偵測] 掃描最近 5 天的信號模式...
[事件偵測]    最近 5 天的信號:
[事件偵測]    2026-07-17: 0 篇 | T=0 D=0 R=0
[事件偵測]    2026-07-16: 0 篇 | T=0 D=0 R=0
[事件偵測]    2026-07-15: 0 篇 | T=0 D=0 R=0
[事件偵測]    2026-07-14: 0 篇 | T=0 D=0 R=0
[事件偵測]    2026-07-13: 0 篇 | T=0 D=0 R=0
[18:13:52]    事件偵測失敗: Expecting value: line 1 column 1 (char 0)
[18:13:52]    🪙 $TRUMP: $2.15 (+0.3%)
[18:13:53]    📊 Polymarket 快照: 614 個市場 (20 事件)
[18:13:53]    📊 Polymarket: 614 個市場已更新
[18:13:53] 驗證 1 個即時預測...
[18:18:57]    📡 三源抓取: CNN:50 → 合計 50 篇
[18:18:57]    沒有新推文
[事件偵測] 掃描最近 5 天的信號模式...
[事件偵測]    最近 5 天的信號:
[事件偵測]    2026-07-17: 0 篇 | T=0 D=0 R=0
[事件偵測]    2026-07-16: 0 篇 | T=0 D=0 R=0
[事件偵測]    2026-07-15: 0 篇 | T=0 D=0 R=0
[事件偵測]    2026-07-14: 0 篇 | T=0 D=0 R=0
[事件偵測]    2026-07-13: 0 篇 | T=0 D=0 R=0
[18:18:57]    事件偵測失敗: Expecting value: line 1 column 1 (char 0)
[18:18:57]    🪙 $TRUMP: $2.15 (+1.1%)
[18:18:58]    📊 Polymarket 快照: 614 個市場 (20 事件)
[18:18:58]    📊 Polymarket: 614 個市場已更新
[18:18:58] 驗證 1 個即時預測...
[18:24:01]    📡 三源抓取: CNN:50 → 合計 50 篇
[18:24:01]    沒有新推文
[事件偵測] 掃描最近 5 天的信號模式...
[事件偵測]    最近 5 天的信號:
[事件偵測]    2026-07-17: 0 篇 | T=0 D=0 R=0
[事件偵測]    2026-07-16: 0 篇 | T=0 D=0 R=0
[事件偵測]    2026-07-15: 0 篇 | T=0 D=0 R=0
[事件偵測]    2026-07-14: 0 篇 | T=0 D=0 R=0
[事件偵測]    2026-07-13: 0 篇 | T=0 D=0 R=0
[18:24:01]    事件偵測失敗: Expecting value: line 1 column 1 (char 0)
[18:24:01]    🪙 $TRUMP: $2.15 (+0.9%)
[18:24:01]    📊 Polymarket 快照: 614 個市場 (20 事件)
[18:24:01]    📊 Polymarket: 614 個市場已更新
[18:24:01] 驗證 1 個即時預測...
[18:29:05]    📡 三源抓取: CNN:50 → 合計 50 篇
[18:29:05]    沒有新推文
[事件偵測] 掃描最近 5 天的信號模式...
[事件偵測]    最近 5 天的信號:
[事件偵測]    2026-07-17: 0 篇 | T=0 D=0 R=0
[事件偵測]    2026-07-16: 0 篇 | T=0 D=0 R=0
[事件偵測]    2026-07-15: 0 篇 | T=0 D=0 R=0
[事件偵測]    2026-07-14: 0 篇 | T=0 D=0 R=0
[事件偵測]    2026-07-13: 0 篇 | T=0 D=0 R=0
[18:29:05]    事件偵測失敗: Expecting value: line 1 column 1 (char 0)
[18:29:05]    🪙 $TRUMP: $2.15 (+0.9%)
[18:29:06]    📊 Polymarket 快照: 614 個市場 (20 事件)
[18:29:06]    📊 Polymarket: 614 個市場已更新
[18:29:06] 驗證 1 個即時預測...
[18:34:09]    📡 三源抓取: CNN:50 → 合計 50 篇
[18:34:09]    沒有新推文
[事件偵測] 掃描最近 5 天的信號模式...
[事件偵測]    最近 5 天的信號:
[事件偵測]    2026-07-17: 0 篇 | T=0 D=0 R=0
[事件偵測]    2026-07-16: 0 篇 | T=0 D=0 R=0
[事件偵測]    2026-07-15: 0 篇 | T=0 D=0 R=0
[事件偵測]    2026-07-14: 0 篇 | T=0 D=0 R=0
[事件偵測]    2026-07-13: 0 篇 | T=0 D=0 R=0
[18:34:09]    事件偵測失敗: Expecting value: line 1 column 1 (char 0)
[18:34:10]    🪙 $TRUMP: $2.15 (+0.8%)
[18:34:10]    📊 Polymarket 快照: 614 個市場 (20 事件)
[18:34:10]    📊 Polymarket: 614 個市場已更新
[18:34:10] 驗證 1 個即時預測...
[18:39:14]    📡 三源抓取: CNN:50 → 合計 50 篇
[18:39:14]    沒有新推文
[事件偵測] 掃描最近 5 天的信號模式...
[事件偵測]    最近 5 天的信號:
[事件偵測]    2026-07-17: 0 篇 | T=0 D=0 R=0
[事件偵測]    2026-07-16: 0 篇 | T=0 D=0 R=0
[事件偵測]    2026-07-15: 0 篇 | T=0 D=0 R=0
[事件偵測]    2026-07-14: 0 篇 | T=0 D=0 R=0
[事件偵測]    2026-07-13: 0 篇 | T=0 D=0 R=0
[18:39:14]    事件偵測失敗: Expecting value: line 1 column 1 (char 0)
[18:39:14]    🪙 $TRUMP: $2.15 (+0.9%)
[18:39:15]    📊 Polymarket 快照: 614 個市場 (20 事件)
[18:39:15]    📊 Polymarket: 614 個市場已更新
[18:39:15] 驗證 1 個即時預測...
[18:44:18]    📡 三源抓取: CNN:50 → 合計 50 篇
[18:44:18]    沒有新推文
[事件偵測] 掃描最近 5 天的信號模式...
[事件偵測]    最近 5 天的信號:
[事件偵測]    2026-07-17: 0 篇 | T=0 D=0 R=0
[事件偵測]    2026-07-16: 0 篇 | T=0 D=0 R=0
[事件偵測]    2026-07-15: 0 篇 | T=0 D=0 R=0
[事件偵測]    2026-07-14: 0 篇 | T=0 D=0 R=0
[事件偵測]    2026-07-13: 0 篇 | T=0 D=0 R=0
[18:44:18]    事件偵測失敗: Expecting value: line 1 column 1 (char 0)
[18:44:18]    🪙 $TRUMP: $2.15 (+1.0%)
[18:44:19]    📊 Polymarket 快照: 614 個市場 (20 事件)
[18:44:19]    📊 Polymarket: 614 個市場已更新
[18:44:19] 驗證 1 個即時預測...
[18:49:23]    📡 三源抓取: CNN:50 → 合計 50 篇
[18:49:23]    沒有新推文
[事件偵測] 掃描最近 5 天的信號模式...
[事件偵測]    最近 5 天的信號:
[事件偵測]    2026-07-17: 0 篇 | T=0 D=0 R=0
[事件偵測]    2026-07-16: 0 篇 | T=0 D=0 R=0
[事件偵測]    2026-07-15: 0 篇 | T=0 D=0 R=0
[事件偵測]    2026-07-14: 0 篇 | T=0 D=0 R=0
[事件偵測]    2026-07-13: 0 篇 | T=0 D=0 R=0
[18:49:23]    事件偵測失敗: Expecting value: line 1 column 1 (char 0)
[18:49:23]    🪙 $TRUMP: $2.15 (+1.1%)
[18:49:24]    📊 Polymarket 快照: 614 個市場 (20 事件)
[18:49:24]    📊 Polymarket: 614 個市場已更新
[18:49:24] 驗證 1 個即時預測...
[18:54:28]    📡 三源抓取: CNN:50 → 合計 50 篇
[18:54:28]    沒有新推文
[事件偵測] 掃描最近 5 天的信號模式...
[事件偵測]    最近 5 天的信號:
[事件偵測]    2026-07-17: 0 篇 | T=0 D=0 R=0
[事件偵測]    2026-07-16: 0 篇 | T=0 D=0 R=0
[事件偵測]    2026-07-15: 0 篇 | T=0 D=0 R=0
[事件偵測]    2026-07-14: 0 篇 | T=0 D=0 R=0
[事件偵測]    2026-07-13: 0 篇 | T=0 D=0 R=0
[18:54:28]    事件偵測失敗: Expecting value: line 1 column 1 (char 0)
[18:54:28]    🪙 $TRUMP: $2.15 (+1.1%)
[18:54:29]    📊 Polymarket 快照: 614 個市場 (20 事件)
[18:54:29]    📊 Polymarket: 614 個市場已更新
[18:54:29] 驗證 1 個即時預測...
[18:59:33]    📡 三源抓取: CNN:50 → 合計 50 篇
[18:59:33]    沒有新推文
[事件偵測] 掃描最近 5 天的信號模式...
[事件偵測]    最近 5 天的信號:
[事件偵測]    2026-07-17: 0 篇 | T=0 D=0 R=0
[事件偵測]    2026-07-16: 0 篇 | T=0 D=0 R=0
[事件偵測]    2026-07-15: 0 篇 | T=0 D=0 R=0
[事件偵測]    2026-07-14: 0 篇 | T=0 D=0 R=0
[事件偵測]    2026-07-13: 0 篇 | T=0 D=0 R=0
[18:59:33]    事件偵測失敗: Expecting value: line 1 column 1 (char 0)
[18:59:33]    🪙 $TRUMP: $2.15 (+1.2%)
[18:59:34]    📊 Polymarket 快照: 548 個市場 (20 事件)
[18:59:34]    📊 Polymarket: 548 個市場已更新
[18:59:34] 驗證 1 個即時預測...
[19:04:38]    📡 三源抓取: CNN:50 → 合計 50 篇
[19:04:38]    沒有新推文
[事件偵測] 掃描最近 5 天的信號模式...
[事件偵測]    最近 5 天的信號:
[事件偵測]    2026-07-17: 0 篇 | T=0 D=0 R=0
[事件偵測]    2026-07-16: 0 篇 | T=0 D=0 R=0
[事件偵測]    2026-07-15: 0 篇 | T=0 D=0 R=0
[事件偵測]    2026-07-14: 0 篇 | T=0 D=0 R=0
[事件偵測]    2026-07-13: 0 篇 | T=0 D=0 R=0
[19:04:38]    事件偵測失敗: Expecting value: line 1 column 1 (char 0)
[19:04:38]    🪙 $TRUMP: $2.15 (+0.7%)
[19:04:39]    📊 Polymarket 快照: 548 個市場 (20 事件)
[19:04:39]    📊 Polymarket: 548 個市場已更新
[19:04:39] 驗證 1 個即時預測...
[19:09:44]    📡 三源抓取: CNN:50 → 合計 50 篇
[19:09:44]    沒有新推文
[事件偵測] 掃描最近 5 天的信號模式...
[事件偵測]    最近 5 天的信號:
[事件偵測]    2026-07-17: 0 篇 | T=0 D=0 R=0
[事件偵測]    2026-07-16: 0 篇 | T=0 D=0 R=0
[事件偵測]    2026-07-15: 0 篇 | T=0 D=0 R=0
[事件偵測]    2026-07-14: 0 篇 | T=0 D=0 R=0
[事件偵測]    2026-07-13: 0 篇 | T=0 D=0 R=0
[19:09:44]    事件偵測失敗: Expecting value: line 1 column 1 (char 0)
[19:09:44]    🪙 $TRUMP: $2.14 (+0.6%)
[19:09:45]    📊 Polymarket 快照: 548 個市場 (20 事件)
[19:09:45]    📊 Polymarket: 548 個市場已更新
[19:09:45] 驗證 1 個即時預測...
[19:14:49]    📡 三源抓取: CNN:50 → 合計 50 篇
[19:14:49]    沒有新推文
[事件偵測] 掃描最近 5 天的信號模式...
[事件偵測]    最近 5 天的信號:
[事件偵測]    2026-07-17: 0 篇 | T=0 D=0 R=0
[事件偵測]    2026-07-16: 0 篇 | T=0 D=0 R=0
[事件偵測]    2026-07-15: 0 篇 | T=0 D=0 R=0
[事件偵測]    2026-07-14: 0 篇 | T=0 D=0 R=0
[事件偵測]    2026-07-13: 0 篇 | T=0 D=0 R=0
[19:14:49]    事件偵測失敗: Expecting value: line 1 column 1 (char 0)
[19:14:49]    🪙 $TRUMP: $2.14 (+0.6%)
[19:14:50]    📊 Polymarket 快照: 548 個市場 (20 事件)
[19:14:50]    📊 Polymarket: 548 個市場已更新
[19:14:50] 驗證 1 個即時預測...
[19:19:54]    📡 三源抓取: CNN:50 → 合計 50 篇
[19:19:54]    沒有新推文
[事件偵測] 掃描最近 5 天的信號模式...
[事件偵測]    最近 5 天的信號:
[事件偵測]    2026-07-17: 0 篇 | T=0 D=0 R=0
[事件偵測]    2026-07-16: 0 篇 | T=0 D=0 R=0
[事件偵測]    2026-07-15: 0 篇 | T=0 D=0 R=0
[事件偵測]    2026-07-14: 0 篇 | T=0 D=0 R=0
[事件偵測]    2026-07-13: 0 篇 | T=0 D=0 R=0
[19:19:54]    事件偵測失敗: Expecting value: line 1 column 1 (char 0)
[19:19:55]    🪙 $TRUMP: $2.15 (+0.8%)
[19:19:55]    📊 Polymarket 快照: 548 個市場 (20 事件)
[19:19:55]    📊 Polymarket: 548 個市場已更新
[19:19:55] 驗證 1 個即時預測...
[19:25:08]    📡 三源抓取: CNN:50 → 合計 50 篇
[19:25:08]    沒有新推文
[事件偵測] 掃描最近 5 天的信號模式...
[事件偵測]    最近 5 天的信號:
[事件偵測]    2026-07-17: 0 篇 | T=0 D=0 R=0
[事件偵測]    2026-07-16: 0 篇 | T=0 D=0 R=0
[事件偵測]    2026-07-15: 0 篇 | T=0 D=0 R=0
[事件偵測]    2026-07-14: 0 篇 | T=0 D=0 R=0
[事件偵測]    2026-07-13: 0 篇 | T=0 D=0 R=0
[19:25:08]    事件偵測失敗: Expecting value: line 1 column 1 (char 0)
[19:25:08]    🪙 $TRUMP: $2.14 (+0.8%)
[19:25:09]    📊 Polymarket 快照: 548 個市場 (20 事件)
[19:25:09]    📊 Polymarket: 548 個市場已更新
[19:25:09] 驗證 1 個即時預測...
[19:30:15]    📡 三源抓取: CNN:50 → 合計 50 篇
[19:30:15]    沒有新推文
[事件偵測] 掃描最近 5 天的信號模式...
[事件偵測]    最近 5 天的信號:
[事件偵測]    2026-07-17: 0 篇 | T=0 D=0 R=0
[事件偵測]    2026-07-16: 0 篇 | T=0 D=0 R=0
[事件偵測]    2026-07-15: 0 篇 | T=0 D=0 R=0
[事件偵測]    2026-07-14: 0 篇 | T=0 D=0 R=0
[事件偵測]    2026-07-13: 0 篇 | T=0 D=0 R=0
[19:30:15]    事件偵測失敗: Expecting value: line 1 column 1 (char 0)
[19:30:15]    🪙 $TRUMP: $2.14 (+0.6%)
[19:30:16]    📊 Polymarket 快照: 548 個市場 (20 事件)
[19:30:16]    📊 Polymarket: 548 個市場已更新
[19:30:16] 驗證 1 個即時預測...
[19:35:20]    📡 三源抓取: CNN:50 → 合計 50 篇
[19:35:20]    沒有新推文
[事件偵測] 掃描最近 5 天的信號模式...
[事件偵測]    最近 5 天的信號:
[事件偵測]    2026-07-17: 0 篇 | T=0 D=0 R=0
[事件偵測]    2026-07-16: 0 篇 | T=0 D=0 R=0
[事件偵測]    2026-07-15: 0 篇 | T=0 D=0 R=0
[事件偵測]    2026-07-14: 0 篇 | T=0 D=0 R=0
[事件偵測]    2026-07-13: 0 篇 | T=0 D=0 R=0
[19:35:20]    事件偵測失敗: Expecting value: line 1 column 1 (char 0)
[19:35:21]    🪙 $TRUMP: $2.14 (+0.7%)
[19:35:21]    📊 Polymarket 快照: 548 個市場 (20 事件)
[19:35:21]    📊 Polymarket: 548 個市場已更新
[19:40:25]    📡 三源抓取: CNN:50 → 合計 50 篇
[19:40:25]    沒有新推文
[事件偵測] 掃描最近 5 天的信號模式...
[事件偵測]    最近 5 天的信號:
[事件偵測]    2026-07-17: 0 篇 | T=0 D=0 R=0
[事件偵測]    2026-07-16: 0 篇 | T=0 D=0 R=0
[事件偵測]    2026-07-15: 0 篇 | T=0 D=0 R=0
[事件偵測]    2026-07-14: 0 篇 | T=0 D=0 R=0
[事件偵測]    2026-07-13: 0 篇 | T=0 D=0 R=0
[19:40:25]    事件偵測失敗: Expecting value: line 1 column 1 (char 0)
[19:40:25]    🪙 $TRUMP: $2.14 (+1.0%)
[19:40:26]    📊 Polymarket 快照: 548 個市場 (20 事件)
[19:40:26]    📊 Polymarket: 548 個市場已更新
[19:45:29]    📡 三源抓取: CNN:50 → 合計 50 篇
[19:45:29]    沒有新推文
[事件偵測] 掃描最近 5 天的信號模式...
[事件偵測]    最近 5 天的信號:
[事件偵測]    2026-07-17: 0 篇 | T=0 D=0 R=0
[事件偵測]    2026-07-16: 0 篇 | T=0 D=0 R=0
[事件偵測]    2026-07-15: 0 篇 | T=0 D=0 R=0
[事件偵測]    2026-07-14: 0 篇 | T=0 D=0 R=0
[事件偵測]    2026-07-13: 0 篇 | T=0 D=0 R=0
[19:45:29]    事件偵測失敗: Expecting value: line 1 column 1 (char 0)
[19:45:29]    🪙 $TRUMP: $2.14 (+0.9%)
[19:45:30]    📊 Polymarket 快照: 548 個市場 (20 事件)
[19:45:30]    📊 Polymarket: 548 個市場已更新
[19:50:34]    📡 三源抓取: CNN:50 → 合計 50 篇
[19:50:34]    沒有新推文
[事件偵測] 掃描最近 5 天的信號模式...
[事件偵測]    最近 5 天的信號:
[事件偵測]    2026-07-17: 0 篇 | T=0 D=0 R=0
[事件偵測]    2026-07-16: 0 篇 | T=0 D=0 R=0
[事件偵測]    2026-07-15: 0 篇 | T=0 D=0 R=0
[事件偵測]    2026-07-14: 0 篇 | T=0 D=0 R=0
[事件偵測]    2026-07-13: 0 篇 | T=0 D=0 R=0
[19:50:34]    事件偵測失敗: Expecting value: line 1 column 1 (char 0)
[19:50:34]    🪙 $TRUMP: $2.14 (+0.8%)
[19:50:35]    📊 Polymarket 快照: 548 個市場 (20 事件)
[19:50:35]    📊 Polymarket: 548 個市場已更新
[19:55:39]    📡 三源抓取: CNN:50 → 合計 50 篇
[19:55:39]    沒有新推文
[事件偵測] 掃描最近 5 天的信號模式...
[事件偵測]    最近 5 天的信號:
[事件偵測]    2026-07-17: 0 篇 | T=0 D=0 R=0
[事件偵測]    2026-07-16: 0 篇 | T=0 D=0 R=0
[事件偵測]    2026-07-15: 0 篇 | T=0 D=0 R=0
[事件偵測]    2026-07-14: 0 篇 | T=0 D=0 R=0
[事件偵測]    2026-07-13: 0 篇 | T=0 D=0 R=0
[19:55:39]    事件偵測失敗: Expecting value: line 1 column 1 (char 0)
[19:55:39]    🪙 $TRUMP: $2.14 (+0.9%)
[19:55:39]    📊 Polymarket 快照: 548 個市場 (20 事件)
[19:55:39]    📊 Polymarket: 548 個市場已更新
[20:00:43]    📡 三源抓取: CNN:50 → 合計 50 篇
[20:00:43]    沒有新推文
[事件偵測] 掃描最近 5 天的信號模式...
[事件偵測]    最近 5 天的信號:
[事件偵測]    2026-07-17: 0 篇 | T=0 D=0 R=0
[事件偵測]    2026-07-16: 0 篇 | T=0 D=0 R=0
[事件偵測]    2026-07-15: 0 篇 | T=0 D=0 R=0
[事件偵測]    2026-07-14: 0 篇 | T=0 D=0 R=0
[事件偵測]    2026-07-13: 0 篇 | T=0 D=0 R=0
[20:00:43]    事件偵測失敗: Expecting value: line 1 column 1 (char 0)
[20:00:43]    🪙 $TRUMP: $2.14 (+0.9%)
[20:00:43]    📊 Polymarket 快照: 548 個市場 (20 事件)
[20:00:43]    📊 Polymarket: 548 個市場已更新
[20:05:46]    📡 三源抓取: CNN:50 → 合計 50 篇
[20:05:46]    沒有新推文
[事件偵測] 掃描最近 5 天的信號模式...
[事件偵測]    最近 5 天的信號:
[事件偵測]    2026-07-17: 0 篇 | T=0 D=0 R=0
[事件偵測]    2026-07-16: 0 篇 | T=0 D=0 R=0
[事件偵測]    2026-07-15: 0 篇 | T=0 D=0 R=0
[事件偵測]    2026-07-14: 0 篇 | T=0 D=0 R=0
[事件偵測]    2026-07-13: 0 篇 | T=0 D=0 R=0
[20:05:46]    事件偵測失敗: Expecting value: line 1 column 1 (char 0)
[20:05:46]    🪙 $TRUMP: $2.14 (+1.2%)
[20:05:46]    📊 Polymarket 快照: 548 個市場 (20 事件)
[20:05:47]    📊 Polymarket: 548 個市場已更新
[20:10:49]    📡 三源抓取: CNN:50 → 合計 50 篇
[20:10:49]    沒有新推文
[事件偵測] 掃描最近 5 天的信號模式...
[事件偵測]    最近 5 天的信號:
[事件偵測]    2026-07-17: 0 篇 | T=0 D=0 R=0
[事件偵測]    2026-07-16: 0 篇 | T=0 D=0 R=0
[事件偵測]    2026-07-15: 0 篇 | T=0 D=0 R=0
[事件偵測]    2026-07-14: 0 篇 | T=0 D=0 R=0
[事件偵測]    2026-07-13: 0 篇 | T=0 D=0 R=0
[20:10:49]    事件偵測失敗: Expecting value: line 1 column 1 (char 0)
[20:10:49]    🪙 $TRUMP: $2.14 (+1.5%)
[20:10:49]    📊 Polymarket 快照: 548 個市場 (20 事件)
[20:10:49]    📊 Polymarket: 548 個市場已更新
[20:15:52]    📡 三源抓取: CNN:50 → 合計 50 篇
[20:15:52]    沒有新推文
[事件偵測] 掃描最近 5 天的信號模式...
[事件偵測]    最近 5 天的信號:
[事件偵測]    2026-07-17: 0 篇 | T=0 D=0 R=0
[事件偵測]    2026-07-16: 0 篇 | T=0 D=0 R=0
[事件偵測]    2026-07-15: 0 篇 | T=0 D=0 R=0
[事件偵測]    2026-07-14: 0 篇 | T=0 D=0 R=0
[事件偵測]    2026-07-13: 0 篇 | T=0 D=0 R=0
[20:15:52]    事件偵測失敗: Expecting value: line 1 column 1 (char 0)
[20:15:53]    🪙 $TRUMP: $2.14 (+1.5%)
[20:15:53]    📊 Polymarket 快照: 548 個市場 (20 事件)
[20:15:53]    📊 Polymarket: 548 個市場已更新
[20:20:56]    📡 三源抓取: CNN:50 → 合計 50 篇
[20:20:56]    沒有新推文
[事件偵測] 掃描最近 5 天的信號模式...
[事件偵測]    最近 5 天的信號:
[事件偵測]    2026-07-17: 0 篇 | T=0 D=0 R=0
[事件偵測]    2026-07-16: 0 篇 | T=0 D=0 R=0
[事件偵測]    2026-07-15: 0 篇 | T=0 D=0 R=0
[事件偵測]    2026-07-14: 0 篇 | T=0 D=0 R=0
[事件偵測]    2026-07-13: 0 篇 | T=0 D=0 R=0
[20:20:56]    事件偵測失敗: Expecting value: line 1 column 1 (char 0)
[20:20:56]    🪙 $TRUMP: $2.14 (+1.4%)
[20:20:57]    📊 Polymarket 快照: 548 個市場 (20 事件)
[20:20:57]    📊 Polymarket: 548 個市場已更新
[20:26:00]    📡 三源抓取: CNN:50 → 合計 50 篇
[20:26:00]    沒有新推文
[事件偵測] 掃描最近 5 天的信號模式...
[事件偵測]    最近 5 天的信號:
[事件偵測]    2026-07-17: 0 篇 | T=0 D=0 R=0
[事件偵測]    2026-07-16: 0 篇 | T=0 D=0 R=0
[事件偵測]    2026-07-15: 0 篇 | T=0 D=0 R=0
[事件偵測]    2026-07-14: 0 篇 | T=0 D=0 R=0
[事件偵測]    2026-07-13: 0 篇 | T=0 D=0 R=0
[20:26:00]    事件偵測失敗: Expecting value: line 1 column 1 (char 0)
[20:26:00]    🪙 $TRUMP: $2.13 (+0.7%)
[20:26:01]    📊 Polymarket 快照: 548 個市場 (20 事件)
[20:26:05]    📊 Polymarket: 548 個市場已更新
[20:31:09]    📡 三源抓取: CNN:50 → 合計 50 篇
[20:31:09]    沒有新推文
[事件偵測] 掃描最近 5 天的信號模式...
[事件偵測]    最近 5 天的信號:
[事件偵測]    2026-07-17: 0 篇 | T=0 D=0 R=0
[事件偵測]    2026-07-16: 0 篇 | T=0 D=0 R=0
[事件偵測]    2026-07-15: 0 篇 | T=0 D=0 R=0
[事件偵測]    2026-07-14: 0 篇 | T=0 D=0 R=0
[事件偵測]    2026-07-13: 0 篇 | T=0 D=0 R=0
[20:31:09]    事件偵測失敗: Expecting value: line 1 column 1 (char 0)
[20:31:10]    🪙 $TRUMP: $2.12 (+0.5%)
[20:31:10]    📊 Polymarket 快照: 590 個市場 (20 事件)
[20:31:10]    📊 Polymarket: 590 個市場已更新
[20:36:12]    📡 三源抓取: CNN:50 → 合計 50 篇
[20:36:12]    沒有新推文
[事件偵測] 掃描最近 5 天的信號模式...
[事件偵測]    最近 5 天的信號:
[事件偵測]    2026-07-17: 0 篇 | T=0 D=0 R=0
[事件偵測]    2026-07-16: 0 篇 | T=0 D=0 R=0
[事件偵測]    2026-07-15: 0 篇 | T=0 D=0 R=0
[事件偵測]    2026-07-14: 0 篇 | T=0 D=0 R=0
[事件偵測]    2026-07-13: 0 篇 | T=0 D=0 R=0
[20:36:12]    事件偵測失敗: Expecting value: line 1 column 1 (char 0)
[20:36:12]    🪙 $TRUMP: $2.13 (+0.8%)
[20:36:13]    📊 Polymarket 快照: 590 個市場 (20 事件)
[20:36:13]    📊 Polymarket: 590 個市場已更新
[20:41:16]    📡 三源抓取: CNN:50 → 合計 50 篇
[20:41:16]    沒有新推文
[事件偵測] 掃描最近 5 天的信號模式...
[事件偵測]    最近 5 天的信號:
[事件偵測]    2026-07-17: 0 篇 | T=0 D=0 R=0
[事件偵測]    2026-07-16: 0 篇 | T=0 D=0 R=0
[事件偵測]    2026-07-15: 0 篇 | T=0 D=0 R=0
[事件偵測]    2026-07-14: 0 篇 | T=0 D=0 R=0
[事件偵測]    2026-07-13: 0 篇 | T=0 D=0 R=0
[20:41:16]    事件偵測失敗: Expecting value: line 1 column 1 (char 0)
[20:41:16]    🪙 $TRUMP: $2.12 (+1.6%)
[20:41:16]    📊 Polymarket 快照: 590 個市場 (20 事件)
[20:41:16]    📊 Polymarket: 590 個市場已更新
[20:46:19]    📡 三源抓取: CNN:50 → 合計 50 篇
[20:46:19]    沒有新推文
[事件偵測] 掃描最近 5 天的信號模式...
[事件偵測]    最近 5 天的信號:
[事件偵測]    2026-07-17: 0 篇 | T=0 D=0 R=0
[事件偵測]    2026-07-16: 0 篇 | T=0 D=0 R=0
[事件偵測]    2026-07-15: 0 篇 | T=0 D=0 R=0
[事件偵測]    2026-07-14: 0 篇 | T=0 D=0 R=0
[事件偵測]    2026-07-13: 0 篇 | T=0 D=0 R=0
[20:46:19]    事件偵測失敗: Expecting value: line 1 column 1 (char 0)
[20:46:19]    🪙 $TRUMP: $2.12 (+2.0%)
[20:46:19]    📊 Polymarket 快照: 590 個市場 (20 事件)
[20:46:19]    📊 Polymarket: 590 個市場已更新
[20:51:22]    📡 三源抓取: CNN:50 → 合計 50 篇
[20:51:22]    沒有新推文
[事件偵測] 掃描最近 5 天的信號模式...
[事件偵測]    最近 5 天的信號:
[事件偵測]    2026-07-17: 0 篇 | T=0 D=0 R=0
[事件偵測]    2026-07-16: 0 篇 | T=0 D=0 R=0
[事件偵測]    2026-07-15: 0 篇 | T=0 D=0 R=0
[事件偵測]    2026-07-14: 0 篇 | T=0 D=0 R=0
[事件偵測]    2026-07-13: 0 篇 | T=0 D=0 R=0
[20:51:22]    事件偵測失敗: Expecting value: line 1 column 1 (char 0)
[20:51:22]    🪙 $TRUMP: $2.12 (+2.0%)
[20:51:22]    📊 Polymarket 快照: 590 個市場 (20 事件)
[20:51:22]    📊 Polymarket: 590 個市場已更新
[20:56:24]    📡 三源抓取: CNN:50 → 合計 50 篇
[20:56:24]    沒有新推文
[事件偵測] 掃描最近 5 天的信號模式...
[事件偵測]    最近 5 天的信號:
[事件偵測]    2026-07-17: 0 篇 | T=0 D=0 R=0
[事件偵測]    2026-07-16: 0 篇 | T=0 D=0 R=0
[事件偵測]    2026-07-15: 0 篇 | T=0 D=0 R=0
[事件偵測]    2026-07-14: 0 篇 | T=0 D=0 R=0
[事件偵測]    2026-07-13: 0 篇 | T=0 D=0 R=0
[20:56:24]    事件偵測失敗: Expecting value: line 1 column 1 (char 0)
[20:56:25]    🪙 $TRUMP: $2.11 (+1.3%)
[20:56:25]    📊 Polymarket 快照: 590 個市場 (20 事件)
[20:56:25]    📊 Polymarket: 590 個市場已更新
[21:01:28]    📡 三源抓取: CNN:50 → 合計 50 篇
[21:01:28]    沒有新推文
[事件偵測] 掃描最近 5 天的信號模式...
[事件偵測]    最近 5 天的信號:
[事件偵測]    2026-07-17: 0 篇 | T=0 D=0 R=0
[事件偵測]    2026-07-16: 0 篇 | T=0 D=0 R=0
[事件偵測]    2026-07-15: 0 篇 | T=0 D=0 R=0
[事件偵測]    2026-07-14: 0 篇 | T=0 D=0 R=0
[事件偵測]    2026-07-13: 0 篇 | T=0 D=0 R=0
[21:01:28]    事件偵測失敗: Expecting value: line 1 column 1 (char 0)
[21:01:28]    🪙 $TRUMP: $2.12 (+1.3%)
[21:01:29]    📊 Polymarket 快照: 590 個市場 (20 事件)
[21:01:29]    📊 Polymarket: 590 個市場已更新
[21:06:31]    📡 三源抓取: CNN:50 → 合計 50 篇
[21:06:31]    沒有新推文
[事件偵測] 掃描最近 5 天的信號模式...
[事件偵測]    最近 5 天的信號:
[事件偵測]    2026-07-17: 0 篇 | T=0 D=0 R=0
[事件偵測]    2026-07-16: 0 篇 | T=0 D=0 R=0
[事件偵測]    2026-07-15: 0 篇 | T=0 D=0 R=0
[事件偵測]    2026-07-14: 0 篇 | T=0 D=0 R=0
[事件偵測]    2026-07-13: 0 篇 | T=0 D=0 R=0
[21:06:31]    事件偵測失敗: Expecting value: line 1 column 1 (char 0)
[21:06:31]    🪙 $TRUMP: $2.12 (+0.9%)
[21:06:32]    📊 Polymarket 快照: 590 個市場 (20 事件)
[21:06:32]    📊 Polymarket: 590 個市場已更新
[21:11:35]    📡 三源抓取: CNN:50 → 合計 50 篇
[21:11:35]    沒有新推文
[事件偵測] 掃描最近 5 天的信號模式...
[事件偵測]    最近 5 天的信號:
[事件偵測]    2026-07-17: 0 篇 | T=0 D=0 R=0
[事件偵測]    2026-07-16: 0 篇 | T=0 D=0 R=0
[事件偵測]    2026-07-15: 0 篇 | T=0 D=0 R=0
[事件偵測]    2026-07-14: 0 篇 | T=0 D=0 R=0
[事件偵測]    2026-07-13: 0 篇 | T=0 D=0 R=0
[21:11:35]    事件偵測失敗: Expecting value: line 1 column 1 (char 0)
[21:11:35]    🪙 $TRUMP: $2.12 (+1.1%)
[21:11:36]    📊 Polymarket 快照: 590 個市場 (20 事件)
[21:11:36]    📊 Polymarket: 590 個市場已更新
[21:16:38]    📡 三源抓取: CNN:50 → 合計 50 篇
[21:16:38]    沒有新推文
[事件偵測] 掃描最近 5 天的信號模式...
[事件偵測]    最近 5 天的信號:
[事件偵測]    2026-07-17: 0 篇 | T=0 D=0 R=0
[事件偵測]    2026-07-16: 0 篇 | T=0 D=0 R=0
[事件偵測]    2026-07-15: 0 篇 | T=0 D=0 R=0
[事件偵測]    2026-07-14: 0 篇 | T=0 D=0 R=0
[事件偵測]    2026-07-13: 0 篇 | T=0 D=0 R=0
[21:16:38]    事件偵測失敗: Expecting value: line 1 column 1 (char 0)
[21:16:38]    🪙 $TRUMP: $2.13 (+1.5%)
[21:16:39]    📊 Polymarket 快照: 590 個市場 (20 事件)
[21:16:39]    📊 Polymarket: 590 個市場已更新
[21:21:41]    📡 三源抓取: CNN:50 → 合計 50 篇
[21:21:41]    沒有新推文
[事件偵測] 掃描最近 5 天的信號模式...
[事件偵測]    最近 5 天的信號:
[事件偵測]    2026-07-17: 0 篇 | T=0 D=0 R=0
[事件偵測]    2026-07-16: 0 篇 | T=0 D=0 R=0
[事件偵測]    2026-07-15: 0 篇 | T=0 D=0 R=0
[事件偵測]    2026-07-14: 0 篇 | T=0 D=0 R=0
[事件偵測]    2026-07-13: 0 篇 | T=0 D=0 R=0
[21:21:41]    事件偵測失敗: Expecting value: line 1 column 1 (char 0)
[21:21:41]    🪙 $TRUMP: $2.13 (+1.3%)
[21:21:42]    📊 Polymarket 快照: 590 個市場 (20 事件)
[21:21:42]    📊 Polymarket: 590 個市場已更新
[21:26:44]    📡 三源抓取: CNN:50 → 合計 50 篇
[21:26:44]    沒有新推文
[事件偵測] 掃描最近 5 天的信號模式...
[事件偵測]    最近 5 天的信號:
[事件偵測]    2026-07-17: 0 篇 | T=0 D=0 R=0
[事件偵測]    2026-07-16: 0 篇 | T=0 D=0 R=0
[事件偵測]    2026-07-15: 0 篇 | T=0 D=0 R=0
[事件偵測]    2026-07-14: 0 篇 | T=0 D=0 R=0
[事件偵測]    2026-07-13: 0 篇 | T=0 D=0 R=0
[21:26:44]    事件偵測失敗: Expecting value: line 1 column 1 (char 0)
[21:26:44]    🪙 $TRUMP: $2.13 (+1.1%)
[21:26:45]    📊 Polymarket 快照: 590 個市場 (20 事件)
[21:26:45]    📊 Polymarket: 590 個市場已更新
[21:31:48]    📡 三源抓取: CNN:50 → 合計 50 篇
[21:31:48]    沒有新推文
[事件偵測] 掃描最近 5 天的信號模式...
[事件偵測]    最近 5 天的信號:
[事件偵測]    2026-07-17: 0 篇 | T=0 D=0 R=0
[事件偵測]    2026-07-16: 0 篇 | T=0 D=0 R=0
[事件偵測]    2026-07-15: 0 篇 | T=0 D=0 R=0
[事件偵測]    2026-07-14: 0 篇 | T=0 D=0 R=0
[事件偵測]    2026-07-13: 0 篇 | T=0 D=0 R=0
[21:31:48]    事件偵測失敗: Expecting value: line 1 column 1 (char 0)
[21:31:48]    🪙 $TRUMP: $2.13 (+0.8%)
[21:31:48]    📊 Polymarket 快照: 590 個市場 (20 事件)
[21:31:48]    📊 Polymarket: 590 個市場已更新
[21:36:51]    📡 三源抓取: CNN:50 → 合計 50 篇
[21:36:51]    沒有新推文
[事件偵測] 掃描最近 5 天的信號模式...
[事件偵測]    最近 5 天的信號:
[事件偵測]    2026-07-17: 0 篇 | T=0 D=0 R=0
[事件偵測]    2026-07-16: 0 篇 | T=0 D=0 R=0
[事件偵測]    2026-07-15: 0 篇 | T=0 D=0 R=0
[事件偵測]    2026-07-14: 0 篇 | T=0 D=0 R=0
[事件偵測]    2026-07-13: 0 篇 | T=0 D=0 R=0
[21:36:51]    事件偵測失敗: Expecting value: line 1 column 1 (char 0)
[21:36:51]    🪙 $TRUMP: $2.13 (+0.8%)
[21:36:51]    📊 Polymarket 快照: 590 個市場 (20 事件)
[21:36:53]    📊 Polymarket: 590 個市場已更新
[21:41:56]    📡 三源抓取: CNN:50 → 合計 50 篇
[21:41:56]    沒有新推文
[事件偵測] 掃描最近 5 天的信號模式...
[事件偵測]    最近 5 天的信號:
[事件偵測]    2026-07-17: 0 篇 | T=0 D=0 R=0
[事件偵測]    2026-07-16: 0 篇 | T=0 D=0 R=0
[事件偵測]    2026-07-15: 0 篇 | T=0 D=0 R=0
[事件偵測]    2026-07-14: 0 篇 | T=0 D=0 R=0
[事件偵測]    2026-07-13: 0 篇 | T=0 D=0 R=0
[21:41:56]    事件偵測失敗: Expecting value: line 1 column 1 (char 0)
[21:41:56]    🪙 $TRUMP: $2.12 (+0.8%)
[21:41:56]    📊 Polymarket 快照: 590 個市場 (20 事件)
[21:41:56]    📊 Polymarket: 590 個市場已更新
[21:46:59]    📡 三源抓取: CNN:50 → 合計 50 篇
[21:46:59]    沒有新推文
[事件偵測] 掃描最近 5 天的信號模式...
[事件偵測]    最近 5 天的信號:
[事件偵測]    2026-07-17: 0 篇 | T=0 D=0 R=0
[事件偵測]    2026-07-16: 0 篇 | T=0 D=0 R=0
[事件偵測]    2026-07-15: 0 篇 | T=0 D=0 R=0
[事件偵測]    2026-07-14: 0 篇 | T=0 D=0 R=0
[事件偵測]    2026-07-13: 0 篇 | T=0 D=0 R=0
[21:46:59]    事件偵測失敗: Expecting value: line 1 column 1 (char 0)
[21:46:59]    🪙 $TRUMP: $2.13 (+1.1%)
[21:47:00]    📊 Polymarket 快照: 590 個市場 (20 事件)
[21:47:00]    📊 Polymarket: 590 個市場已更新
[21:52:04]    📡 三源抓取: CNN:50 → 合計 50 篇
[21:52:04]    沒有新推文
[事件偵測] 掃描最近 5 天的信號模式...
[事件偵測]    最近 5 天的信號:
[事件偵測]    2026-07-17: 0 篇 | T=0 D=0 R=0
[事件偵測]    2026-07-16: 0 篇 | T=0 D=0 R=0
[事件偵測]    2026-07-15: 0 篇 | T=0 D=0 R=0
[事件偵測]    2026-07-14: 0 篇 | T=0 D=0 R=0
[事件偵測]    2026-07-13: 0 篇 | T=0 D=0 R=0
[21:52:04]    事件偵測失敗: Expecting value: line 1 column 1 (char 0)
[21:52:05]    🪙 $TRUMP: $2.13 (+1.3%)
[21:52:05]    📊 Polymarket 快照: 590 個市場 (20 事件)
[21:52:05]    📊 Polymarket: 590 個市場已更新
[21:57:08]    📡 三源抓取: CNN:50 → 合計 50 篇
[21:57:08]    沒有新推文
[事件偵測] 掃描最近 5 天的信號模式...
[事件偵測]    最近 5 天的信號:
[事件偵測]    2026-07-17: 0 篇 | T=0 D=0 R=0
[事件偵測]    2026-07-16: 0 篇 | T=0 D=0 R=0
[事件偵測]    2026-07-15: 0 篇 | T=0 D=0 R=0
[事件偵測]    2026-07-14: 0 篇 | T=0 D=0 R=0
[事件偵測]    2026-07-13: 0 篇 | T=0 D=0 R=0
[21:57:08]    事件偵測失敗: Expecting value: line 1 column 1 (char 0)
[21:57:09]    🪙 $TRUMP: $2.13 (+1.6%)
[21:57:09]    📊 Polymarket 快照: 590 個市場 (20 事件)
[21:57:09]    📊 Polymarket: 590 個市場已更新
[22:02:11]    📡 三源抓取: CNN:50 → 合計 50 篇
[22:02:11]    沒有新推文
[事件偵測] 掃描最近 5 天的信號模式...
[事件偵測]    最近 5 天的信號:
[事件偵測]    2026-07-17: 0 篇 | T=0 D=0 R=0
[事件偵測]    2026-07-16: 0 篇 | T=0 D=0 R=0
[事件偵測]    2026-07-15: 0 篇 | T=0 D=0 R=0
[事件偵測]    2026-07-14: 0 篇 | T=0 D=0 R=0
[事件偵測]    2026-07-13: 0 篇 | T=0 D=0 R=0
[22:02:11]    事件偵測失敗: Expecting value: line 1 column 1 (char 0)
[22:02:11]    🪙 $TRUMP: $2.13 (+1.1%)
[22:02:12]    📊 Polymarket 快照: 590 個市場 (20 事件)
[22:02:12]    📊 Polymarket: 590 個市場已更新
[22:07:15]    📡 三源抓取: CNN:50 → 合計 50 篇
[22:07:15]    沒有新推文
[事件偵測] 掃描最近 5 天的信號模式...
[事件偵測]    最近 5 天的信號:
[事件偵測]    2026-07-17: 0 篇 | T=0 D=0 R=0
[事件偵測]    2026-07-16: 0 篇 | T=0 D=0 R=0
[事件偵測]    2026-07-15: 0 篇 | T=0 D=0 R=0
[事件偵測]    2026-07-14: 0 篇 | T=0 D=0 R=0
[事件偵測]    2026-07-13: 0 篇 | T=0 D=0 R=0
[22:07:15]    事件偵測失敗: Expecting value: line 1 column 1 (char 0)
[22:07:15]    🪙 $TRUMP: $2.12 (+0.2%)
[22:07:15]    📊 Polymarket 快照: 590 個市場 (20 事件)
[22:07:15]    📊 Polymarket: 590 個市場已更新
[22:12:18]    📡 三源抓取: CNN:50 → 合計 50 篇
[22:12:18]    沒有新推文
[事件偵測] 掃描最近 5 天的信號模式...
[事件偵測]    最近 5 天的信號:
[事件偵測]    2026-07-17: 0 篇 | T=0 D=0 R=0
[事件偵測]    2026-07-16: 0 篇 | T=0 D=0 R=0
[事件偵測]    2026-07-15: 0 篇 | T=0 D=0 R=0
[事件偵測]    2026-07-14: 0 篇 | T=0 D=0 R=0
[事件偵測]    2026-07-13: 0 篇 | T=0 D=0 R=0
[22:12:18]    事件偵測失敗: Expecting value: line 1 column 1 (char 0)
[22:12:18]    🪙 $TRUMP: $2.10 (-0.4%)
[22:12:18]    📊 Polymarket 快照: 590 個市場 (20 事件)
[22:12:18]    📊 Polymarket: 590 個市場已更新
[22:17:22]    📡 三源抓取: CNN:50 → 合計 50 篇
[22:17:22]    沒有新推文
[事件偵測] 掃描最近 5 天的信號模式...
[事件偵測]    最近 5 天的信號:
[事件偵測]    2026-07-17: 0 篇 | T=0 D=0 R=0
[事件偵測]    2026-07-16: 0 篇 | T=0 D=0 R=0
[事件偵測]    2026-07-15: 0 篇 | T=0 D=0 R=0
[事件偵測]    2026-07-14: 0 篇 | T=0 D=0 R=0
[事件偵測]    2026-07-13: 0 篇 | T=0 D=0 R=0
[22:17:22]    事件偵測失敗: Expecting value: line 1 column 1 (char 0)
[22:17:22]    🪙 $TRUMP: $2.09 (-1.3%)
[22:17:22]    📊 Polymarket 快照: 590 個市場 (20 事件)
[22:17:22]    📊 Polymarket: 590 個市場已更新
[22:22:25]    📡 三源抓取: CNN:50 → 合計 50 篇
[22:22:25]    沒有新推文
[事件偵測] 掃描最近 5 天的信號模式...
[事件偵測]    最近 5 天的信號:
[事件偵測]    2026-07-17: 0 篇 | T=0 D=0 R=0
[事件偵測]    2026-07-16: 0 篇 | T=0 D=0 R=0
[事件偵測]    2026-07-15: 0 篇 | T=0 D=0 R=0
[事件偵測]    2026-07-14: 0 篇 | T=0 D=0 R=0
[事件偵測]    2026-07-13: 0 篇 | T=0 D=0 R=0
[22:22:25]    事件偵測失敗: Expecting value: line 1 column 1 (char 0)
[22:22:25]    🪙 $TRUMP: $2.10 (-0.5%)
[22:22:26]    📊 Polymarket 快照: 590 個市場 (20 事件)
[22:22:26]    📊 Polymarket: 590 個市場已更新
[22:27:28]    📡 三源抓取: CNN:50 → 合計 50 篇
[22:27:28]    沒有新推文
[事件偵測] 掃描最近 5 天的信號模式...
[事件偵測]    最近 5 天的信號:
[事件偵測]    2026-07-17: 0 篇 | T=0 D=0 R=0
[事件偵測]    2026-07-16: 0 篇 | T=0 D=0 R=0
[事件偵測]    2026-07-15: 0 篇 | T=0 D=0 R=0
[事件偵測]    2026-07-14: 0 篇 | T=0 D=0 R=0
[事件偵測]    2026-07-13: 0 篇 | T=0 D=0 R=0
[22:27:28]    事件偵測失敗: Expecting value: line 1 column 1 (char 0)
[22:27:29]    🪙 $TRUMP: $2.11 (-0.2%)
[22:27:29]    📊 Polymarket 快照: 624 個市場 (20 事件)
[22:27:29]    📊 Polymarket: 624 個市場已更新
[22:32:32]    📡 三源抓取: CNN:50 → 合計 50 篇
[22:32:32]    沒有新推文
[事件偵測] 掃描最近 5 天的信號模式...
[事件偵測]    最近 5 天的信號:
[事件偵測]    2026-07-17: 0 篇 | T=0 D=0 R=0
[事件偵測]    2026-07-16: 0 篇 | T=0 D=0 R=0
[事件偵測]    2026-07-15: 0 篇 | T=0 D=0 R=0
[事件偵測]    2026-07-14: 0 篇 | T=0 D=0 R=0
[事件偵測]    2026-07-13: 0 篇 | T=0 D=0 R=0
[22:32:32]    事件偵測失敗: Expecting value: line 1 column 1 (char 0)
[22:32:32]    🪙 $TRUMP: $2.11 (-0.3%)
[22:32:32]    📊 Polymarket 快照: 624 個市場 (20 事件)
[22:32:33]    📊 Polymarket: 624 個市場已更新
[22:37:35]    📡 三源抓取: CNN:50 → 合計 50 篇
[22:37:35]    沒有新推文
[事件偵測] 掃描最近 5 天的信號模式...
[事件偵測]    最近 5 天的信號:
[事件偵測]    2026-07-17: 0 篇 | T=0 D=0 R=0
[事件偵測]    2026-07-16: 0 篇 | T=0 D=0 R=0
[事件偵測]    2026-07-15: 0 篇 | T=0 D=0 R=0
[事件偵測]    2026-07-14: 0 篇 | T=0 D=0 R=0
[事件偵測]    2026-07-13: 0 篇 | T=0 D=0 R=0
[22:37:35]    事件偵測失敗: Expecting value: line 1 column 1 (char 0)
[22:37:36]    🪙 $TRUMP: $2.09 (-0.9%)
[22:37:36]    📊 Polymarket 快照: 624 個市場 (20 事件)
[22:37:36]    📊 Polymarket: 624 個市場已更新
[22:42:38]    📡 三源抓取: CNN:50 → 合計 50 篇
[22:42:38]    沒有新推文
[事件偵測] 掃描最近 5 天的信號模式...
[事件偵測]    最近 5 天的信號:
[事件偵測]    2026-07-17: 0 篇 | T=0 D=0 R=0
[事件偵測]    2026-07-16: 0 篇 | T=0 D=0 R=0
[事件偵測]    2026-07-15: 0 篇 | T=0 D=0 R=0
[事件偵測]    2026-07-14: 0 篇 | T=0 D=0 R=0
[事件偵測]    2026-07-13: 0 篇 | T=0 D=0 R=0
[22:42:38]    事件偵測失敗: Expecting value: line 1 column 1 (char 0)
[22:42:39]    🪙 $TRUMP: $2.09 (-0.7%)
[22:42:39]    📊 Polymarket 快照: 570 個市場 (20 事件)
[22:42:39]    📊 Polymarket: 570 個市場已更新
[22:47:41]    📡 三源抓取: CNN:50 → 合計 50 篇
[22:47:41]    沒有新推文
[事件偵測] 掃描最近 5 天的信號模式...
[事件偵測]    最近 5 天的信號:
[事件偵測]    2026-07-17: 0 篇 | T=0 D=0 R=0
[事件偵測]    2026-07-16: 0 篇 | T=0 D=0 R=0
[事件偵測]    2026-07-15: 0 篇 | T=0 D=0 R=0
[事件偵測]    2026-07-14: 0 篇 | T=0 D=0 R=0
[事件偵測]    2026-07-13: 0 篇 | T=0 D=0 R=0
[22:47:41]    事件偵測失敗: Expecting value: line 1 column 1 (char 0)
[22:47:42]    🪙 $TRUMP: $2.09 (-0.8%)
[22:47:42]    📊 Polymarket 快照: 570 個市場 (20 事件)
[22:47:42]    📊 Polymarket: 570 個市場已更新
[22:52:44]    📡 三源抓取: CNN:50 → 合計 50 篇
[22:52:44]    沒有新推文
[事件偵測] 掃描最近 5 天的信號模式...
[事件偵測]    最近 5 天的信號:
[事件偵測]    2026-07-17: 0 篇 | T=0 D=0 R=0
[事件偵測]    2026-07-16: 0 篇 | T=0 D=0 R=0
[事件偵測]    2026-07-15: 0 篇 | T=0 D=0 R=0
[事件偵測]    2026-07-14: 0 篇 | T=0 D=0 R=0
[事件偵測]    2026-07-13: 0 篇 | T=0 D=0 R=0
[22:52:44]    事件偵測失敗: Expecting value: line 1 column 1 (char 0)
[22:52:44]    🪙 $TRUMP: $2.09 (-0.9%)
[22:52:45]    📊 Polymarket 快照: 570 個市場 (20 事件)
[22:52:45]    📊 Polymarket: 570 個市場已更新
[22:57:47]    📡 三源抓取: CNN:50 → 合計 50 篇
[22:57:47]    沒有新推文
[事件偵測] 掃描最近 5 天的信號模式...
[事件偵測]    最近 5 天的信號:
[事件偵測]    2026-07-17: 0 篇 | T=0 D=0 R=0
[事件偵測]    2026-07-16: 0 篇 | T=0 D=0 R=0
[事件偵測]    2026-07-15: 0 篇 | T=0 D=0 R=0
[事件偵測]    2026-07-14: 0 篇 | T=0 D=0 R=0
[事件偵測]    2026-07-13: 0 篇 | T=0 D=0 R=0
[22:57:47]    事件偵測失敗: Expecting value: line 1 column 1 (char 0)
[22:57:48]    🪙 $TRUMP: $2.10 (-0.5%)
[22:57:48]    📊 Polymarket 快照: 570 個市場 (20 事件)
[22:57:48]    📊 Polymarket: 570 個市場已更新
[23:02:51]    📡 三源抓取: CNN:50 → 合計 50 篇
[23:02:51]    沒有新推文
[事件偵測] 掃描最近 5 天的信號模式...
[事件偵測]    最近 5 天的信號:
[事件偵測]    2026-07-17: 0 篇 | T=0 D=0 R=0
[事件偵測]    2026-07-16: 0 篇 | T=0 D=0 R=0
[事件偵測]    2026-07-15: 0 篇 | T=0 D=0 R=0
[事件偵測]    2026-07-14: 0 篇 | T=0 D=0 R=0
[事件偵測]    2026-07-13: 0 篇 | T=0 D=0 R=0
[23:02:51]    事件偵測失敗: Expecting value: line 1 column 1 (char 0)
[23:02:51]    🪙 $TRUMP: $2.10 (-0.4%)
[23:02:52]    📊 Polymarket 快照: 570 個市場 (20 事件)
[23:02:52]    📊 Polymarket: 570 個市場已更新
[23:07:55]    📡 三源抓取: CNN:50 → 合計 50 篇
[23:07:55]    沒有新推文
[事件偵測] 掃描最近 5 天的信號模式...
[事件偵測]    最近 5 天的信號:
[事件偵測]    2026-07-17: 0 篇 | T=0 D=0 R=0
[事件偵測]    2026-07-16: 0 篇 | T=0 D=0 R=0
[事件偵測]    2026-07-15: 0 篇 | T=0 D=0 R=0
[事件偵測]    2026-07-14: 0 篇 | T=0 D=0 R=0
[事件偵測]    2026-07-13: 0 篇 | T=0 D=0 R=0
[23:07:55]    事件偵測失敗: Expecting value: line 1 column 1 (char 0)
[23:07:55]    🪙 $TRUMP: $2.10 (-0.3%)
[23:07:55]    📊 Polymarket 快照: 570 個市場 (20 事件)
[23:07:55]    📊 Polymarket: 570 個市場已更新
[23:12:58]    📡 三源抓取: CNN:50 → 合計 50 篇
[23:12:58]    沒有新推文
[事件偵測] 掃描最近 5 天的信號模式...
[事件偵測]    最近 5 天的信號:
[事件偵測]    2026-07-17: 0 篇 | T=0 D=0 R=0
[事件偵測]    2026-07-16: 0 篇 | T=0 D=0 R=0
[事件偵測]    2026-07-15: 0 篇 | T=0 D=0 R=0
[事件偵測]    2026-07-14: 0 篇 | T=0 D=0 R=0
[事件偵測]    2026-07-13: 0 篇 | T=0 D=0 R=0
[23:12:58]    事件偵測失敗: Expecting value: line 1 column 1 (char 0)
[23:12:59]    🪙 $TRUMP: $2.10 (-0.9%)
[23:12:59]    📊 Polymarket 快照: 546 個市場 (20 事件)
[23:12:59]    📊 Polymarket: 546 個市場已更新
[23:18:02]    📡 三源抓取: CNN:50 → 合計 50 篇
[23:18:02]    沒有新推文
[事件偵測] 掃描最近 5 天的信號模式...
[事件偵測]    最近 5 天的信號:
[事件偵測]    2026-07-17: 0 篇 | T=0 D=0 R=0
[事件偵測]    2026-07-16: 0 篇 | T=0 D=0 R=0
[事件偵測]    2026-07-15: 0 篇 | T=0 D=0 R=0
[事件偵測]    2026-07-14: 0 篇 | T=0 D=0 R=0
[事件偵測]    2026-07-13: 0 篇 | T=0 D=0 R=0
[23:18:02]    事件偵測失敗: Expecting value: line 1 column 1 (char 0)
[23:18:03]    🪙 $TRUMP: $2.10 (-0.8%)
[23:18:03]    📊 Polymarket 快照: 546 個市場 (20 事件)
[23:18:03]    📊 Polymarket: 546 個市場已更新
[23:23:06]    📡 三源抓取: CNN:50 → 合計 50 篇
[23:23:06]    沒有新推文
[事件偵測] 掃描最近 5 天的信號模式...
[事件偵測]    最近 5 天的信號:
[事件偵測]    2026-07-17: 0 篇 | T=0 D=0 R=0
[事件偵測]    2026-07-16: 0 篇 | T=0 D=0 R=0
[事件偵測]    2026-07-15: 0 篇 | T=0 D=0 R=0
[事件偵測]    2026-07-14: 0 篇 | T=0 D=0 R=0
[事件偵測]    2026-07-13: 0 篇 | T=0 D=0 R=0
[23:23:06]    事件偵測失敗: Expecting value: line 1 column 1 (char 0)
[23:23:06]    🪙 $TRUMP: $2.11 (-0.4%)
[23:23:06]    📊 Polymarket 快照: 546 個市場 (20 事件)
[23:23:06]    📊 Polymarket: 546 個市場已更新
[23:28:09]    📡 三源抓取: CNN:50 → 合計 50 篇
[23:28:09]    沒有新推文
[事件偵測] 掃描最近 5 天的信號模式...
[事件偵測]    最近 5 天的信號:
[事件偵測]    2026-07-17: 0 篇 | T=0 D=0 R=0
[事件偵測]    2026-07-16: 0 篇 | T=0 D=0 R=0
[事件偵測]    2026-07-15: 0 篇 | T=0 D=0 R=0
[事件偵測]    2026-07-14: 0 篇 | T=0 D=0 R=0
[事件偵測]    2026-07-13: 0 篇 | T=0 D=0 R=0
[23:28:09]    事件偵測失敗: Expecting value: line 1 column 1 (char 0)
[23:28:09]    🪙 $TRUMP: $2.11 (-0.3%)
[23:28:10]    📊 Polymarket 快照: 546 個市場 (20 事件)
[23:28:10]    📊 Polymarket: 546 個市場已更新
[23:33:12]    📡 三源抓取: CNN:50 → 合計 50 篇
[23:33:12]    沒有新推文
[事件偵測] 掃描最近 5 天的信號模式...
[事件偵測]    最近 5 天的信號:
[事件偵測]    2026-07-17: 0 篇 | T=0 D=0 R=0
[事件偵測]    2026-07-16: 0 篇 | T=0 D=0 R=0
[事件偵測]    2026-07-15: 0 篇 | T=0 D=0 R=0
[事件偵測]    2026-07-14: 0 篇 | T=0 D=0 R=0
[事件偵測]    2026-07-13: 0 篇 | T=0 D=0 R=0
[23:33:12]    事件偵測失敗: Expecting value: line 1 column 1 (char 0)
[23:33:12]    🪙 $TRUMP: $2.12 (+0.0%)
[23:33:13]    📊 Polymarket 快照: 546 個市場 (20 事件)
[23:33:13]    📊 Polymarket: 546 個市場已更新
[23:38:15]    📡 三源抓取: CNN:50 → 合計 50 篇
[23:38:15]    沒有新推文
[事件偵測] 掃描最近 5 天的信號模式...
[事件偵測]    最近 5 天的信號:
[事件偵測]    2026-07-17: 0 篇 | T=0 D=0 R=0
[事件偵測]    2026-07-16: 0 篇 | T=0 D=0 R=0
[事件偵測]    2026-07-15: 0 篇 | T=0 D=0 R=0
[事件偵測]    2026-07-14: 0 篇 | T=0 D=0 R=0
[事件偵測]    2026-07-13: 0 篇 | T=0 D=0 R=0
[23:38:15]    事件偵測失敗: Expecting value: line 1 column 1 (char 0)
[23:38:16]    🪙 $TRUMP: $2.11 (-0.2%)
[23:38:16]    📊 Polymarket 快照: 546 個市場 (20 事件)
[23:38:16]    📊 Polymarket: 546 個市場已更新
[23:43:19]    📡 三源抓取: CNN:50 → 合計 50 篇
[23:43:19]    沒有新推文
[事件偵測] 掃描最近 5 天的信號模式...
[事件偵測]    最近 5 天的信號:
[事件偵測]    2026-07-17: 0 篇 | T=0 D=0 R=0
[事件偵測]    2026-07-16: 0 篇 | T=0 D=0 R=0
[事件偵測]    2026-07-15: 0 篇 | T=0 D=0 R=0
[事件偵測]    2026-07-14: 0 篇 | T=0 D=0 R=0
[事件偵測]    2026-07-13: 0 篇 | T=0 D=0 R=0
[23:43:19]    事件偵測失敗: Expecting value: line 1 column 1 (char 0)
[23:43:19]    🪙 $TRUMP: $2.11 (-0.2%)
[23:43:19]    📊 Polymarket 快照: 570 個市場 (20 事件)
[23:43:19]    📊 Polymarket: 570 個市場已更新
[23:48:22]    📡 三源抓取: CNN:50 → 合計 50 篇
[23:48:22]    沒有新推文
[事件偵測] 掃描最近 5 天的信號模式...
[事件偵測]    最近 5 天的信號:
[事件偵測]    2026-07-17: 0 篇 | T=0 D=0 R=0
[事件偵測]    2026-07-16: 0 篇 | T=0 D=0 R=0
[事件偵測]    2026-07-15: 0 篇 | T=0 D=0 R=0
[事件偵測]    2026-07-14: 0 篇 | T=0 D=0 R=0
[事件偵測]    2026-07-13: 0 篇 | T=0 D=0 R=0
[23:48:22]    事件偵測失敗: Expecting value: line 1 column 1 (char 0)
[23:48:22]    🪙 $TRUMP: $2.11 (-0.2%)
[23:48:23]    📊 Polymarket 快照: 570 個市場 (20 事件)
[23:48:23]    📊 Polymarket: 570 個市場已更新
[23:53:26]    📡 三源抓取: CNN:50 → 合計 50 篇
[23:53:26]    沒有新推文
[事件偵測] 掃描最近 5 天的信號模式...
[事件偵測]    最近 5 天的信號:
[事件偵測]    2026-07-17: 0 篇 | T=0 D=0 R=0
[事件偵測]    2026-07-16: 0 篇 | T=0 D=0 R=0
[事件偵測]    2026-07-15: 0 篇 | T=0 D=0 R=0
[事件偵測]    2026-07-14: 0 篇 | T=0 D=0 R=0
[事件偵測]    2026-07-13: 0 篇 | T=0 D=0 R=0
[23:53:26]    事件偵測失敗: Expecting value: line 1 column 1 (char 0)
[23:53:26]    🪙 $TRUMP: $2.13 (+0.5%)
[23:53:27]    📊 Polymarket 快照: 570 個市場 (20 事件)
[23:53:27]    📊 Polymarket: 570 個市場已更新
[23:58:30]    📡 三源抓取: CNN:50 → 合計 50 篇
[23:58:30]    沒有新推文
[事件偵測] 掃描最近 5 天的信號模式...
[事件偵測]    最近 5 天的信號:
[事件偵測]    2026-07-17: 0 篇 | T=0 D=0 R=0
[事件偵測]    2026-07-16: 0 篇 | T=0 D=0 R=0
[事件偵測]    2026-07-15: 0 篇 | T=0 D=0 R=0
[事件偵測]    2026-07-14: 0 篇 | T=0 D=0 R=0
[事件偵測]    2026-07-13: 0 篇 | T=0 D=0 R=0
[23:58:30]    事件偵測失敗: Expecting value: line 1 column 1 (char 0)
[23:58:30]    🪙 $TRUMP: $2.13 (+0.6%)
[23:58:30]    📊 Polymarket 快照: 570 個市場 (20 事件)
[23:58:30]    📊 Polymarket: 570 個市場已更新
[00:03:34]    📡 三源抓取: CNN:50 → 合計 50 篇
[00:03:34]    沒有新推文
[事件偵測] 掃描最近 5 天的信號模式...
[事件偵測]    最近 5 天的信號:
[事件偵測]    2026-07-17: 0 篇 | T=0 D=0 R=0
[事件偵測]    2026-07-16: 0 篇 | T=0 D=0 R=0
[事件偵測]    2026-07-15: 0 篇 | T=0 D=0 R=0
[事件偵測]    2026-07-14: 0 篇 | T=0 D=0 R=0
[事件偵測]    2026-07-13: 0 篇 | T=0 D=0 R=0
[00:03:34]    事件偵測失敗: Expecting value: line 1 column 1 (char 0)
[00:03:34]    🪙 $TRUMP: $2.12 (+0.5%)
[00:03:35]    📊 Polymarket 快照: 570 個市場 (20 事件)
[00:03:35]    📊 Polymarket: 570 個市場已更新
[00:08:37]    📡 三源抓取: CNN:50 → 合計 50 篇
[00:08:37]    沒有新推文
[事件偵測] 掃描最近 5 天的信號模式...
[事件偵測]    最近 5 天的信號:
[事件偵測]    2026-07-17: 0 篇 | T=0 D=0 R=0
[事件偵測]    2026-07-16: 0 篇 | T=0 D=0 R=0
[事件偵測]    2026-07-15: 0 篇 | T=0 D=0 R=0
[事件偵測]    2026-07-14: 0 篇 | T=0 D=0 R=0
[事件偵測]    2026-07-13: 0 篇 | T=0 D=0 R=0
[00:08:37]    事件偵測失敗: Expecting value: line 1 column 1 (char 0)
[00:08:38]    🪙 $TRUMP: $2.12 (+0.6%)
[00:08:38]    📊 Polymarket 快照: 546 個市場 (20 事件)
[00:08:38]    📊 Polymarket: 546 個市場已更新
[00:13:40]    📡 三源抓取: CNN:50 → 合計 50 篇
[00:13:40]    沒有新推文
[事件偵測] 掃描最近 5 天的信號模式...
[事件偵測]    最近 5 天的信號:
[事件偵測]    2026-07-17: 0 篇 | T=0 D=0 R=0
[事件偵測]    2026-07-16: 0 篇 | T=0 D=0 R=0
[事件偵測]    2026-07-15: 0 篇 | T=0 D=0 R=0
[事件偵測]    2026-07-14: 0 篇 | T=0 D=0 R=0
[事件偵測]    2026-07-13: 0 篇 | T=0 D=0 R=0
[00:13:40]    事件偵測失敗: Expecting value: line 1 column 1 (char 0)
[00:13:40]    🪙 $TRUMP: $2.11 (+0.3%)
[00:13:41]    📊 Polymarket 快照: 546 個市場 (20 事件)
[00:13:41]    📊 Polymarket: 546 個市場已更新
[00:18:44]    📡 三源抓取: CNN:50 → 合計 50 篇
[00:18:44]    沒有新推文
[事件偵測] 掃描最近 5 天的信號模式...
[事件偵測]    最近 5 天的信號:
[事件偵測]    2026-07-17: 0 篇 | T=0 D=0 R=0
[事件偵測]    2026-07-16: 0 篇 | T=0 D=0 R=0
[事件偵測]    2026-07-15: 0 篇 | T=0 D=0 R=0
[事件偵測]    2026-07-14: 0 篇 | T=0 D=0 R=0
[事件偵測]    2026-07-13: 0 篇 | T=0 D=0 R=0
[00:18:44]    事件偵測失敗: Expecting value: line 1 column 1 (char 0)
[00:18:44]    🪙 $TRUMP: $2.12 (+0.8%)
[00:18:44]    📊 Polymarket 快照: 546 個市場 (20 事件)
[00:18:44]    📊 Polymarket: 546 個市場已更新
[00:23:47]    📡 三源抓取: CNN:50 → 合計 50 篇
[00:23:47]    沒有新推文
[事件偵測] 掃描最近 5 天的信號模式...
[事件偵測]    最近 5 天的信號:
[事件偵測]    2026-07-17: 0 篇 | T=0 D=0 R=0
[事件偵測]    2026-07-16: 0 篇 | T=0 D=0 R=0
[事件偵測]    2026-07-15: 0 篇 | T=0 D=0 R=0
[事件偵測]    2026-07-14: 0 篇 | T=0 D=0 R=0
[事件偵測]    2026-07-13: 0 篇 | T=0 D=0 R=0
[00:23:47]    事件偵測失敗: Expecting value: line 1 column 1 (char 0)
[00:23:47]    🪙 $TRUMP: $2.14 (+1.7%)
[00:23:47]    📊 Polymarket 快照: 546 個市場 (20 事件)
[00:23:47]    📊 Polymarket: 546 個市場已更新
[00:28:51]    📡 三源抓取: CNN:50 → 合計 50 篇
[00:28:51]    沒有新推文
[事件偵測] 掃描最近 5 天的信號模式...
[事件偵測]    最近 5 天的信號:
[事件偵測]    2026-07-17: 0 篇 | T=0 D=0 R=0
[事件偵測]    2026-07-16: 0 篇 | T=0 D=0 R=0
[事件偵測]    2026-07-15: 0 篇 | T=0 D=0 R=0
[事件偵測]    2026-07-14: 0 篇 | T=0 D=0 R=0
[事件偵測]    2026-07-13: 0 篇 | T=0 D=0 R=0
[00:28:51]    事件偵測失敗: Expecting value: line 1 column 1 (char 0)
[00:28:52]    🪙 $TRUMP: $2.14 (+1.9%)
[00:28:52]    📊 Polymarket 快照: 584 個市場 (20 事件)
[00:28:52]    📊 Polymarket: 584 個市場已更新
[00:33:54]    📡 三源抓取: CNN:50 → 合計 50 篇
[00:33:54]    沒有新推文
[事件偵測] 掃描最近 5 天的信號模式...
[事件偵測]    最近 5 天的信號:
[事件偵測]    2026-07-17: 0 篇 | T=0 D=0 R=0
[事件偵測]    2026-07-16: 0 篇 | T=0 D=0 R=0
[事件偵測]    2026-07-15: 0 篇 | T=0 D=0 R=0
[事件偵測]    2026-07-14: 0 篇 | T=0 D=0 R=0
[事件偵測]    2026-07-13: 0 篇 | T=0 D=0 R=0
[00:33:54]    事件偵測失敗: Expecting value: line 1 column 1 (char 0)
[00:33:55]    🪙 $TRUMP: $2.13 (+1.6%)
[00:33:55]    📊 Polymarket 快照: 584 個市場 (20 事件)
[00:33:55]    📊 Polymarket: 584 個市場已更新
[00:38:57]    📡 三源抓取: CNN:50 → 合計 50 篇
[00:38:57]    沒有新推文
[事件偵測] 掃描最近 5 天的信號模式...
[事件偵測]    最近 5 天的信號:
[事件偵測]    2026-07-17: 0 篇 | T=0 D=0 R=0
[事件偵測]    2026-07-16: 0 篇 | T=0 D=0 R=0
[事件偵測]    2026-07-15: 0 篇 | T=0 D=0 R=0
[事件偵測]    2026-07-14: 0 篇 | T=0 D=0 R=0
[事件偵測]    2026-07-13: 0 篇 | T=0 D=0 R=0
[00:38:57]    事件偵測失敗: Expecting value: line 1 column 1 (char 0)
[00:38:58]    🪙 $TRUMP: $2.12 (+0.8%)
[00:38:58]    📊 Polymarket 快照: 584 個市場 (20 事件)
[00:38:58]    📊 Polymarket: 584 個市場已更新
[00:44:00]    📡 三源抓取: CNN:50 → 合計 50 篇
[00:44:00]    沒有新推文
[事件偵測] 掃描最近 5 天的信號模式...
[事件偵測]    最近 5 天的信號:
[事件偵測]    2026-07-17: 0 篇 | T=0 D=0 R=0
[事件偵測]    2026-07-16: 0 篇 | T=0 D=0 R=0
[事件偵測]    2026-07-15: 0 篇 | T=0 D=0 R=0
[事件偵測]    2026-07-14: 0 篇 | T=0 D=0 R=0
[事件偵測]    2026-07-13: 0 篇 | T=0 D=0 R=0
[00:44:00]    事件偵測失敗: Expecting value: line 1 column 1 (char 0)
[00:44:00]    🪙 $TRUMP: $2.12 (+0.7%)
[00:44:01]    📊 Polymarket 快照: 584 個市場 (20 事件)
[00:44:01]    📊 Polymarket: 584 個市場已更新
[00:49:03]    📡 三源抓取: CNN:50 → 合計 50 篇
[00:49:03]    沒有新推文
[事件偵測] 掃描最近 5 天的信號模式...
[事件偵測]    最近 5 天的信號:
[事件偵測]    2026-07-17: 0 篇 | T=0 D=0 R=0
[事件偵測]    2026-07-16: 0 篇 | T=0 D=0 R=0
[事件偵測]    2026-07-15: 0 篇 | T=0 D=0 R=0
[事件偵測]    2026-07-14: 0 篇 | T=0 D=0 R=0
[事件偵測]    2026-07-13: 0 篇 | T=0 D=0 R=0
[00:49:03]    事件偵測失敗: Expecting value: line 1 column 1 (char 0)
[00:49:03]    🪙 $TRUMP: $2.13 (+1.3%)
[00:49:04]    📊 Polymarket 快照: 584 個市場 (20 事件)
[00:49:04]    📊 Polymarket: 584 個市場已更新
[00:54:06]    📡 三源抓取: CNN:50 → 合計 50 篇
[00:54:06]    沒有新推文
[事件偵測] 掃描最近 5 天的信號模式...
[事件偵測]    最近 5 天的信號:
[事件偵測]    2026-07-17: 0 篇 | T=0 D=0 R=0
[事件偵測]    2026-07-16: 0 篇 | T=0 D=0 R=0
[事件偵測]    2026-07-15: 0 篇 | T=0 D=0 R=0
[事件偵測]    2026-07-14: 0 篇 | T=0 D=0 R=0
[事件偵測]    2026-07-13: 0 篇 | T=0 D=0 R=0
[00:54:06]    事件偵測失敗: Expecting value: line 1 column 1 (char 0)
[00:54:06]    🪙 $TRUMP: $2.14 (+2.2%)
[00:54:06]    📊 Polymarket 快照: 584 個市場 (20 事件)
[00:54:06]    📊 Polymarket: 584 個市場已更新
[00:59:09]    📡 三源抓取: CNN:50 → 合計 50 篇
[00:59:09]    沒有新推文
[事件偵測] 掃描最近 5 天的信號模式...
[事件偵測]    最近 5 天的信號:
[事件偵測]    2026-07-17: 0 篇 | T=0 D=0 R=0
[事件偵測]    2026-07-16: 0 篇 | T=0 D=0 R=0
[事件偵測]    2026-07-15: 0 篇 | T=0 D=0 R=0
[事件偵測]    2026-07-14: 0 篇 | T=0 D=0 R=0
[事件偵測]    2026-07-13: 0 篇 | T=0 D=0 R=0
[00:59:09]    事件偵測失敗: Expecting value: line 1 column 1 (char 0)
[00:59:09]    🪙 $TRUMP: $2.13 (+1.6%)
[00:59:09]    📊 Polymarket 快照: 584 個市場 (20 事件)
[00:59:09]    📊 Polymarket: 584 個市場已更新
[01:04:12]    📡 三源抓取: CNN:50 → 合計 50 篇
[01:04:12]    沒有新推文
[事件偵測] 掃描最近 5 天的信號模式...
[事件偵測]    最近 5 天的信號:
[事件偵測]    2026-07-17: 0 篇 | T=0 D=0 R=0
[事件偵測]    2026-07-16: 0 篇 | T=0 D=0 R=0
[事件偵測]    2026-07-15: 0 篇 | T=0 D=0 R=0
[事件偵測]    2026-07-14: 0 篇 | T=0 D=0 R=0
[事件偵測]    2026-07-13: 0 篇 | T=0 D=0 R=0
[01:04:12]    事件偵測失敗: Expecting value: line 1 column 1 (char 0)
[01:04:12]    🪙 $TRUMP: $2.13 (+1.5%)
[01:04:12]    📊 Polymarket 快照: 584 個市場 (20 事件)
[01:04:12]    📊 Polymarket: 584 個市場已更新
[01:09:15]    📡 三源抓取: CNN:50 → 合計 50 篇
[01:09:15]    沒有新推文
[事件偵測] 掃描最近 5 天的信號模式...
[事件偵測]    最近 5 天的信號:
[事件偵測]    2026-07-17: 0 篇 | T=0 D=0 R=0
[事件偵測]    2026-07-16: 0 篇 | T=0 D=0 R=0
[事件偵測]    2026-07-15: 0 篇 | T=0 D=0 R=0
[事件偵測]    2026-07-14: 0 篇 | T=0 D=0 R=0
[事件偵測]    2026-07-13: 0 篇 | T=0 D=0 R=0
[01:09:15]    事件偵測失敗: Expecting value: line 1 column 1 (char 0)
[01:09:15]    🪙 $TRUMP: $2.12 (+1.4%)
[01:09:15]    📊 Polymarket 快照: 584 個市場 (20 事件)
[01:09:15]    📊 Polymarket: 584 個市場已更新
[01:14:18]    📡 三源抓取: CNN:50 → 合計 50 篇
[01:14:18]    沒有新推文
[事件偵測] 掃描最近 5 天的信號模式...
[事件偵測]    最近 5 天的信號:
[事件偵測]    2026-07-17: 0 篇 | T=0 D=0 R=0
[事件偵測]    2026-07-16: 0 篇 | T=0 D=0 R=0
[事件偵測]    2026-07-15: 0 篇 | T=0 D=0 R=0
[事件偵測]    2026-07-14: 0 篇 | T=0 D=0 R=0
[事件偵測]    2026-07-13: 0 篇 | T=0 D=0 R=0
[01:14:18]    事件偵測失敗: Expecting value: line 1 column 1 (char 0)
[01:14:18]    🪙 $TRUMP: $2.11 (+0.7%)
[01:14:20]    📊 Polymarket 快照: 584 個市場 (20 事件)
[01:14:20]    📊 Polymarket: 584 個市場已更新
[01:19:23]    📡 三源抓取: CNN:50 → 合計 50 篇
[01:19:23]    沒有新推文
[事件偵測] 掃描最近 5 天的信號模式...
[事件偵測]    最近 5 天的信號:
[事件偵測]    2026-07-17: 0 篇 | T=0 D=0 R=0
[事件偵測]    2026-07-16: 0 篇 | T=0 D=0 R=0
[事件偵測]    2026-07-15: 0 篇 | T=0 D=0 R=0
[事件偵測]    2026-07-14: 0 篇 | T=0 D=0 R=0
[事件偵測]    2026-07-13: 0 篇 | T=0 D=0 R=0
[01:19:23]    事件偵測失敗: Expecting value: line 1 column 1 (char 0)
[01:19:23]    🪙 $TRUMP: $2.11 (+0.5%)
[01:19:23]    📊 Polymarket 快照: 584 個市場 (20 事件)
[01:19:23]    📊 Polymarket: 584 個市場已更新
[01:24:25]    📡 三源抓取: CNN:50 → 合計 50 篇
[01:24:25]    沒有新推文
[事件偵測] 掃描最近 5 天的信號模式...
[事件偵測]    最近 5 天的信號:
[事件偵測]    2026-07-17: 0 篇 | T=0 D=0 R=0
[事件偵測]    2026-07-16: 0 篇 | T=0 D=0 R=0
[事件偵測]    2026-07-15: 0 篇 | T=0 D=0 R=0
[事件偵測]    2026-07-14: 0 篇 | T=0 D=0 R=0
[事件偵測]    2026-07-13: 0 篇 | T=0 D=0 R=0
[01:24:25]    事件偵測失敗: Expecting value: line 1 column 1 (char 0)
[01:24:25]    🪙 $TRUMP: $2.12 (+1.2%)
[01:24:26]    📊 Polymarket 快照: 584 個市場 (20 事件)
[01:24:26]    📊 Polymarket: 584 個市場已更新
[01:29:28]    📡 三源抓取: CNN:50 → 合計 50 篇
[01:29:28]    沒有新推文
[事件偵測] 掃描最近 5 天的信號模式...
[事件偵測]    最近 5 天的信號:
[事件偵測]    2026-07-17: 0 篇 | T=0 D=0 R=0
[事件偵測]    2026-07-16: 0 篇 | T=0 D=0 R=0
[事件偵測]    2026-07-15: 0 篇 | T=0 D=0 R=0
[事件偵測]    2026-07-14: 0 篇 | T=0 D=0 R=0
[事件偵測]    2026-07-13: 0 篇 | T=0 D=0 R=0
[01:29:28]    事件偵測失敗: Expecting value: line 1 column 1 (char 0)
[01:29:28]    🪙 $TRUMP: $2.12 (+1.3%)
[01:29:29]    📊 Polymarket 快照: 584 個市場 (20 事件)
[01:29:29]    📊 Polymarket: 584 個市場已更新
[01:34:31]    📡 三源抓取: CNN:50 → 合計 50 篇
[01:34:31]    沒有新推文
[事件偵測] 掃描最近 5 天的信號模式...
[事件偵測]    最近 5 天的信號:
[事件偵測]    2026-07-17: 0 篇 | T=0 D=0 R=0
[事件偵測]    2026-07-16: 0 篇 | T=0 D=0 R=0
[事件偵測]    2026-07-15: 0 篇 | T=0 D=0 R=0
[事件偵測]    2026-07-14: 0 篇 | T=0 D=0 R=0
[事件偵測]    2026-07-13: 0 篇 | T=0 D=0 R=0
[01:34:31]    事件偵測失敗: Expecting value: line 1 column 1 (char 0)
[01:34:31]    🪙 $TRUMP: $2.12 (+1.0%)
[01:34:31]    📊 Polymarket 快照: 584 個市場 (20 事件)
[01:34:31]    📊 Polymarket: 584 個市場已更新
[01:39:34]    📡 三源抓取: CNN:50 → 合計 50 篇
[01:39:34]    沒有新推文
[事件偵測] 掃描最近 5 天的信號模式...
[事件偵測]    最近 5 天的信號:
[事件偵測]    2026-07-17: 0 篇 | T=0 D=0 R=0
[事件偵測]    2026-07-16: 0 篇 | T=0 D=0 R=0
[事件偵測]    2026-07-15: 0 篇 | T=0 D=0 R=0
[事件偵測]    2026-07-14: 0 篇 | T=0 D=0 R=0
[事件偵測]    2026-07-13: 0 篇 | T=0 D=0 R=0
[01:39:34]    事件偵測失敗: Expecting value: line 1 column 1 (char 0)
[01:39:34]    🪙 $TRUMP: $2.11 (+0.6%)
[01:39:35]    📊 Polymarket 快照: 584 個市場 (20 事件)
[01:39:35]    📊 Polymarket: 584 個市場已更新
[01:44:37]    📡 三源抓取: CNN:50 → 合計 50 篇
[01:44:37]    沒有新推文
[事件偵測] 掃描最近 5 天的信號模式...
[事件偵測]    最近 5 天的信號:
[事件偵測]    2026-07-17: 0 篇 | T=0 D=0 R=0
[事件偵測]    2026-07-16: 0 篇 | T=0 D=0 R=0
[事件偵測]    2026-07-15: 0 篇 | T=0 D=0 R=0
[事件偵測]    2026-07-14: 0 篇 | T=0 D=0 R=0
[事件偵測]    2026-07-13: 0 篇 | T=0 D=0 R=0
[01:44:37]    事件偵測失敗: Expecting value: line 1 column 1 (char 0)
[01:44:38]    🪙 $TRUMP: $2.10 (-0.2%)
[01:44:38]    📊 Polymarket 快照: 584 個市場 (20 事件)
[01:44:38]    📊 Polymarket: 584 個市場已更新
[01:49:41]    📡 三源抓取: CNN:50 → 合計 50 篇
[01:49:41]    沒有新推文
[事件偵測] 掃描最近 5 天的信號模式...
[事件偵測]    最近 5 天的信號:
[事件偵測]    2026-07-17: 0 篇 | T=0 D=0 R=0
[事件偵測]    2026-07-16: 0 篇 | T=0 D=0 R=0
[事件偵測]    2026-07-15: 0 篇 | T=0 D=0 R=0
[事件偵測]    2026-07-14: 0 篇 | T=0 D=0 R=0
[事件偵測]    2026-07-13: 0 篇 | T=0 D=0 R=0
[01:49:41]    事件偵測失敗: Expecting value: line 1 column 1 (char 0)
[01:49:41]    🪙 $TRUMP: $2.10 (-0.2%)
[01:49:41]    📊 Polymarket 快照: 570 個市場 (20 事件)
[01:49:41]    📊 Polymarket: 570 個市場已更新
[01:54:44]    📡 三源抓取: CNN:50 → 合計 50 篇
[01:54:44]    沒有新推文
[事件偵測] 掃描最近 5 天的信號模式...
[事件偵測]    最近 5 天的信號:
[事件偵測]    2026-07-17: 0 篇 | T=0 D=0 R=0
[事件偵測]    2026-07-16: 0 篇 | T=0 D=0 R=0
[事件偵測]    2026-07-15: 0 篇 | T=0 D=0 R=0
[事件偵測]    2026-07-14: 0 篇 | T=0 D=0 R=0
[事件偵測]    2026-07-13: 0 篇 | T=0 D=0 R=0
[01:54:44]    事件偵測失敗: Expecting value: line 1 column 1 (char 0)
[01:54:44]    🪙 $TRUMP: $2.09 (-0.8%)
[01:54:44]    📊 Polymarket 快照: 570 個市場 (20 事件)
[01:54:44]    📊 Polymarket: 570 個市場已更新
[01:59:48]    📡 三源抓取: CNN:50 → 合計 50 篇
[01:59:48]    沒有新推文
[事件偵測] 掃描最近 5 天的信號模式...
[事件偵測]    最近 5 天的信號:
[事件偵測]    2026-07-17: 0 篇 | T=0 D=0 R=0
[事件偵測]    2026-07-16: 0 篇 | T=0 D=0 R=0
[事件偵測]    2026-07-15: 0 篇 | T=0 D=0 R=0
[事件偵測]    2026-07-14: 0 篇 | T=0 D=0 R=0
[事件偵測]    2026-07-13: 0 篇 | T=0 D=0 R=0
[01:59:48]    事件偵測失敗: Expecting value: line 1 column 1 (char 0)
[01:59:48]    🪙 $TRUMP: $2.09 (-0.9%)
[01:59:48]    📊 Polymarket 快照: 584 個市場 (20 事件)
[01:59:48]    📊 Polymarket: 584 個市場已更新
[02:04:51]    📡 三源抓取: CNN:50 → 合計 50 篇
[02:04:51]    沒有新推文
[事件偵測] 掃描最近 5 天的信號模式...
[事件偵測]    最近 5 天的信號:
[事件偵測]    2026-07-17: 0 篇 | T=0 D=0 R=0
[事件偵測]    2026-07-16: 0 篇 | T=0 D=0 R=0
[事件偵測]    2026-07-15: 0 篇 | T=0 D=0 R=0
[事件偵測]    2026-07-14: 0 篇 | T=0 D=0 R=0
[事件偵測]    2026-07-13: 0 篇 | T=0 D=0 R=0
[02:04:51]    事件偵測失敗: Expecting value: line 1 column 1 (char 0)
[02:04:51]    🪙 $TRUMP: $2.08 (-1.4%)
[02:04:51]    📊 Polymarket 快照: 584 個市場 (20 事件)
[02:04:51]    📊 Polymarket: 584 個市場已更新
[02:09:54]    📡 三源抓取: CNN:50 → 合計 50 篇
[02:09:54]    沒有新推文
[事件偵測] 掃描最近 5 天的信號模式...
[事件偵測]    最近 5 天的信號:
[事件偵測]    2026-07-17: 0 篇 | T=0 D=0 R=0
[事件偵測]    2026-07-16: 0 篇 | T=0 D=0 R=0
[事件偵測]    2026-07-15: 0 篇 | T=0 D=0 R=0
[事件偵測]    2026-07-14: 0 篇 | T=0 D=0 R=0
[事件偵測]    2026-07-13: 0 篇 | T=0 D=0 R=0
[02:09:54]    事件偵測失敗: Expecting value: line 1 column 1 (char 0)
[02:09:54]    🪙 $TRUMP: $2.08 (-1.4%)
[02:09:55]    📊 Polymarket 快照: 584 個市場 (20 事件)
[02:09:55]    📊 Polymarket: 584 個市場已更新
[02:14:58]    📡 三源抓取: CNN:50 → 合計 50 篇
[02:14:58]    沒有新推文
[事件偵測] 掃描最近 5 天的信號模式...
[事件偵測]    最近 5 天的信號:
[事件偵測]    2026-07-17: 0 篇 | T=0 D=0 R=0
[事件偵測]    2026-07-16: 0 篇 | T=0 D=0 R=0
[事件偵測]    2026-07-15: 0 篇 | T=0 D=0 R=0
[事件偵測]    2026-07-14: 0 篇 | T=0 D=0 R=0
[事件偵測]    2026-07-13: 0 篇 | T=0 D=0 R=0
[02:14:58]    事件偵測失敗: Expecting value: line 1 column 1 (char 0)
[02:14:58]    🪙 $TRUMP: $2.10 (-0.3%)
[02:14:58]    📊 Polymarket 快照: 584 個市場 (20 事件)
[02:14:58]    📊 Polymarket: 584 個市場已更新
[02:20:01]    📡 三源抓取: CNN:50 → 合計 50 篇
[02:20:01]    沒有新推文
[事件偵測] 掃描最近 5 天的信號模式...
[事件偵測]    最近 5 天的信號:
[事件偵測]    2026-07-17: 0 篇 | T=0 D=0 R=0
[事件偵測]    2026-07-16: 0 篇 | T=0 D=0 R=0
[事件偵測]    2026-07-15: 0 篇 | T=0 D=0 R=0
[事件偵測]    2026-07-14: 0 篇 | T=0 D=0 R=0
[事件偵測]    2026-07-13: 0 篇 | T=0 D=0 R=0
[02:20:01]    事件偵測失敗: Expecting value: line 1 column 1 (char 0)
[02:20:06]    🪙 $TRUMP: $2.10 (-0.6%)
[02:20:07]    📊 Polymarket 快照: 584 個市場 (20 事件)
[02:20:07]    📊 Polymarket: 584 個市場已更新
[02:25:10]    📡 三源抓取: CNN:50 → 合計 50 篇
[02:25:10]    沒有新推文
[事件偵測] 掃描最近 5 天的信號模式...
[事件偵測]    最近 5 天的信號:
[事件偵測]    2026-07-17: 0 篇 | T=0 D=0 R=0
[事件偵測]    2026-07-16: 0 篇 | T=0 D=0 R=0
[事件偵測]    2026-07-15: 0 篇 | T=0 D=0 R=0
[事件偵測]    2026-07-14: 0 篇 | T=0 D=0 R=0
[事件偵測]    2026-07-13: 0 篇 | T=0 D=0 R=0
[02:25:10]    事件偵測失敗: Expecting value: line 1 column 1 (char 0)
[02:25:10]    🪙 $TRUMP: $2.10 (-0.9%)
[02:25:10]    📊 Polymarket 快照: 584 個市場 (20 事件)
[02:25:10]    📊 Polymarket: 584 個市場已更新
[02:30:13]    📡 三源抓取: CNN:50 → 合計 50 篇
[02:30:13]    沒有新推文
[事件偵測] 掃描最近 5 天的信號模式...
[事件偵測]    最近 5 天的信號:
[事件偵測]    2026-07-17: 0 篇 | T=0 D=0 R=0
[事件偵測]    2026-07-16: 0 篇 | T=0 D=0 R=0
[事件偵測]    2026-07-15: 0 篇 | T=0 D=0 R=0
[事件偵測]    2026-07-14: 0 篇 | T=0 D=0 R=0
[事件偵測]    2026-07-13: 0 篇 | T=0 D=0 R=0
[02:30:13]    事件偵測失敗: Expecting value: line 1 column 1 (char 0)
[02:30:13]    🪙 $TRUMP: $2.10 (-0.7%)
[02:30:17]    📊 Polymarket 快照: 550 個市場 (20 事件)
[02:30:17]    📊 Polymarket: 550 個市場已更新
[02:35:20]    📡 三源抓取: CNN:50 → 合計 50 篇
[02:35:20]    沒有新推文
[事件偵測] 掃描最近 5 天的信號模式...
[事件偵測]    最近 5 天的信號:
[事件偵測]    2026-07-17: 0 篇 | T=0 D=0 R=0
[事件偵測]    2026-07-16: 0 篇 | T=0 D=0 R=0
[事件偵測]    2026-07-15: 0 篇 | T=0 D=0 R=0
[事件偵測]    2026-07-14: 0 篇 | T=0 D=0 R=0
[事件偵測]    2026-07-13: 0 篇 | T=0 D=0 R=0
[02:35:20]    事件偵測失敗: Expecting value: line 1 column 1 (char 0)
[02:35:20]    🪙 $TRUMP: $2.08 (-1.3%)
[02:35:21]    📊 Polymarket 快照: 550 個市場 (20 事件)
[02:35:21]    📊 Polymarket: 550 個市場已更新
[02:40:23]    📡 三源抓取: CNN:50 → 合計 50 篇
[02:40:23]    沒有新推文
[事件偵測] 掃描最近 5 天的信號模式...
[事件偵測]    最近 5 天的信號:
[事件偵測]    2026-07-17: 0 篇 | T=0 D=0 R=0
[事件偵測]    2026-07-16: 0 篇 | T=0 D=0 R=0
[事件偵測]    2026-07-15: 0 篇 | T=0 D=0 R=0
[事件偵測]    2026-07-14: 0 篇 | T=0 D=0 R=0
[事件偵測]    2026-07-13: 0 篇 | T=0 D=0 R=0
[02:40:23]    事件偵測失敗: Expecting value: line 1 column 1 (char 0)
[02:40:23]    🪙 $TRUMP: $2.08 (-1.1%)
[02:40:24]    📊 Polymarket 快照: 550 個市場 (20 事件)
[02:40:24]    📊 Polymarket: 550 個市場已更新
[02:45:27]    📡 三源抓取: CNN:50 → 合計 50 篇
[02:45:27]    沒有新推文
[事件偵測] 掃描最近 5 天的信號模式...
[事件偵測]    最近 5 天的信號:
[事件偵測]    2026-07-17: 0 篇 | T=0 D=0 R=0
[事件偵測]    2026-07-16: 0 篇 | T=0 D=0 R=0
[事件偵測]    2026-07-15: 0 篇 | T=0 D=0 R=0
[事件偵測]    2026-07-14: 0 篇 | T=0 D=0 R=0
[事件偵測]    2026-07-13: 0 篇 | T=0 D=0 R=0
[02:45:27]    事件偵測失敗: Expecting value: line 1 column 1 (char 0)
[02:45:27]    🪙 $TRUMP: $2.09 (-0.9%)
[02:45:27]    📊 Polymarket 快照: 452 個市場 (20 事件)
[02:45:27]    📊 Polymarket: 452 個市場已更新
[02:50:30]    📡 三源抓取: CNN:50 → 合計 50 篇
[02:50:30]    沒有新推文
[事件偵測] 掃描最近 5 天的信號模式...
[事件偵測]    最近 5 天的信號:
[事件偵測]    2026-07-17: 0 篇 | T=0 D=0 R=0
[事件偵測]    2026-07-16: 0 篇 | T=0 D=0 R=0
[事件偵測]    2026-07-15: 0 篇 | T=0 D=0 R=0
[事件偵測]    2026-07-14: 0 篇 | T=0 D=0 R=0
[事件偵測]    2026-07-13: 0 篇 | T=0 D=0 R=0
[02:50:30]    事件偵測失敗: Expecting value: line 1 column 1 (char 0)
[02:50:30]    🪙 $TRUMP: $2.08 (-1.2%)
[02:50:31]    📊 Polymarket 快照: 452 個市場 (20 事件)
[02:50:31]    📊 Polymarket: 452 個市場已更新
[02:55:33]    📡 三源抓取: CNN:50 → 合計 50 篇
[02:55:33]    沒有新推文
[事件偵測] 掃描最近 5 天的信號模式...
[事件偵測]    最近 5 天的信號:
[事件偵測]    2026-07-17: 0 篇 | T=0 D=0 R=0
[事件偵測]    2026-07-16: 0 篇 | T=0 D=0 R=0
[事件偵測]    2026-07-15: 0 篇 | T=0 D=0 R=0
[事件偵測]    2026-07-14: 0 篇 | T=0 D=0 R=0
[事件偵測]    2026-07-13: 0 篇 | T=0 D=0 R=0
[02:55:33]    事件偵測失敗: Expecting value: line 1 column 1 (char 0)
[02:55:33]    🪙 $TRUMP: $2.08 (-1.4%)
[02:55:34]    📊 Polymarket 快照: 452 個市場 (20 事件)
[02:55:34]    📊 Polymarket: 452 個市場已更新
[03:00:36]    📡 三源抓取: CNN:50 → 合計 50 篇
[03:00:36]    沒有新推文
[事件偵測] 掃描最近 5 天的信號模式...
[事件偵測]    最近 5 天的信號:
[事件偵測]    2026-07-17: 0 篇 | T=0 D=0 R=0
[事件偵測]    2026-07-16: 0 篇 | T=0 D=0 R=0
[事件偵測]    2026-07-15: 0 篇 | T=0 D=0 R=0
[事件偵測]    2026-07-14: 0 篇 | T=0 D=0 R=0
[事件偵測]    2026-07-13: 0 篇 | T=0 D=0 R=0
[03:00:36]    事件偵測失敗: Expecting value: line 1 column 1 (char 0)
[03:00:37]    🪙 $TRUMP: $2.07 (-1.4%)
[03:00:37]    📊 Polymarket 快照: 546 個市場 (20 事件)
[03:00:37]    📊 Polymarket: 546 個市場已更新
[03:05:46]    📡 三源抓取: CNN:50 → 合計 50 篇
[03:05:46]    沒有新推文
[事件偵測] 掃描最近 5 天的信號模式...
[事件偵測]    最近 5 天的信號:
[事件偵測]    2026-07-17: 0 篇 | T=0 D=0 R=0
[事件偵測]    2026-07-16: 0 篇 | T=0 D=0 R=0
[事件偵測]    2026-07-15: 0 篇 | T=0 D=0 R=0
[事件偵測]    2026-07-14: 0 篇 | T=0 D=0 R=0
[事件偵測]    2026-07-13: 0 篇 | T=0 D=0 R=0
[03:05:46]    事件偵測失敗: Expecting value: line 1 column 1 (char 0)
[03:05:46]    🪙 $TRUMP: $2.07 (-1.6%)
[03:05:47]    📊 Polymarket 快照: 546 個市場 (20 事件)
[03:05:47]    📊 Polymarket: 546 個市場已更新
[03:10:52]    📡 三源抓取: CNN:50 → 合計 50 篇
[03:10:52]    沒有新推文
[事件偵測] 掃描最近 5 天的信號模式...
[事件偵測]    最近 5 天的信號:
[事件偵測]    2026-07-17: 0 篇 | T=0 D=0 R=0
[事件偵測]    2026-07-16: 0 篇 | T=0 D=0 R=0
[事件偵測]    2026-07-15: 0 篇 | T=0 D=0 R=0
[事件偵測]    2026-07-14: 0 篇 | T=0 D=0 R=0
[事件偵測]    2026-07-13: 0 篇 | T=0 D=0 R=0
[03:10:52]    事件偵測失敗: Expecting value: line 1 column 1 (char 0)
[03:10:52]    🪙 $TRUMP: $2.07 (-1.5%)
[03:10:52]    📊 Polymarket 快照: 546 個市場 (20 事件)
[03:10:52]    📊 Polymarket: 546 個市場已更新
[03:15:57]    📡 三源抓取: CNN:50 → 合計 50 篇
[03:15:57]    沒有新推文
[事件偵測] 掃描最近 5 天的信號模式...
[事件偵測]    最近 5 天的信號:
[事件偵測]    2026-07-17: 0 篇 | T=0 D=0 R=0
[事件偵測]    2026-07-16: 0 篇 | T=0 D=0 R=0
[事件偵測]    2026-07-15: 0 篇 | T=0 D=0 R=0
[事件偵測]    2026-07-14: 0 篇 | T=0 D=0 R=0
[事件偵測]    2026-07-13: 0 篇 | T=0 D=0 R=0
[03:15:57]    事件偵測失敗: Expecting value: line 1 column 1 (char 0)
[03:15:57]    🪙 $TRUMP: $2.07 (-1.6%)
[03:15:58]    📊 Polymarket 快照: 546 個市場 (20 事件)
[03:15:58]    📊 Polymarket: 546 個市場已更新
[03:21:03]    📡 三源抓取: CNN:50 → 合計 50 篇
[03:21:03]    沒有新推文
[事件偵測] 掃描最近 5 天的信號模式...
[事件偵測]    最近 5 天的信號:
[事件偵測]    2026-07-17: 0 篇 | T=0 D=0 R=0
[事件偵測]    2026-07-16: 0 篇 | T=0 D=0 R=0
[事件偵測]    2026-07-15: 0 篇 | T=0 D=0 R=0
[事件偵測]    2026-07-14: 0 篇 | T=0 D=0 R=0
[事件偵測]    2026-07-13: 0 篇 | T=0 D=0 R=0
[03:21:03]    事件偵測失敗: Expecting value: line 1 column 1 (char 0)
[03:21:03]    🪙 $TRUMP: $2.07 (-1.1%)
[03:21:04]    📊 Polymarket 快照: 546 個市場 (20 事件)
[03:21:04]    📊 Polymarket: 546 個市場已更新
[03:26:08]    📡 三源抓取: CNN:50 → 合計 50 篇
[03:26:08]    沒有新推文
[事件偵測] 掃描最近 5 天的信號模式...
[事件偵測]    最近 5 天的信號:
[事件偵測]    2026-07-17: 0 篇 | T=0 D=0 R=0
[事件偵測]    2026-07-16: 0 篇 | T=0 D=0 R=0
[事件偵測]    2026-07-15: 0 篇 | T=0 D=0 R=0
[事件偵測]    2026-07-14: 0 篇 | T=0 D=0 R=0
[事件偵測]    2026-07-13: 0 篇 | T=0 D=0 R=0
[03:26:08]    事件偵測失敗: Expecting value: line 1 column 1 (char 0)
[03:26:08]    🪙 $TRUMP: $2.05 (-1.8%)
[03:26:09]    📊 Polymarket 快照: 546 個市場 (20 事件)
[03:26:09]    📊 Polymarket: 546 個市場已更新
[03:31:13]    📡 三源抓取: CNN:50 → 合計 50 篇
[03:31:13]    沒有新推文
[事件偵測] 掃描最近 5 天的信號模式...
[事件偵測]    最近 5 天的信號:
[事件偵測]    2026-07-17: 0 篇 | T=0 D=0 R=0
[事件偵測]    2026-07-16: 0 篇 | T=0 D=0 R=0
[事件偵測]    2026-07-15: 0 篇 | T=0 D=0 R=0
[事件偵測]    2026-07-14: 0 篇 | T=0 D=0 R=0
[事件偵測]    2026-07-13: 0 篇 | T=0 D=0 R=0
[03:31:13]    事件偵測失敗: Expecting value: line 1 column 1 (char 0)
[03:31:13]    🪙 $TRUMP: $2.04 (-2.6%)
[03:31:14]    📊 Polymarket 快照: 546 個市場 (20 事件)
[03:31:14]    📊 Polymarket: 546 個市場已更新
[03:36:18]    📡 三源抓取: CNN:50 → 合計 50 篇
[03:36:18]    沒有新推文
[事件偵測] 掃描最近 5 天的信號模式...
[事件偵測]    最近 5 天的信號:
[事件偵測]    2026-07-17: 0 篇 | T=0 D=0 R=0
[事件偵測]    2026-07-16: 0 篇 | T=0 D=0 R=0
[事件偵測]    2026-07-15: 0 篇 | T=0 D=0 R=0
[事件偵測]    2026-07-14: 0 篇 | T=0 D=0 R=0
[事件偵測]    2026-07-13: 0 篇 | T=0 D=0 R=0
[03:36:18]    事件偵測失敗: Expecting value: line 1 column 1 (char 0)
[03:36:18]    🪙 $TRUMP: $2.02 (-3.4%)
[03:36:19]    📊 Polymarket 快照: 546 個市場 (20 事件)
[03:36:19]    📊 Polymarket: 546 個市場已更新
[03:41:25]    📡 三源抓取: CNN:50 → 合計 50 篇
[03:41:25]    沒有新推文
[事件偵測] 掃描最近 5 天的信號模式...
[事件偵測]    最近 5 天的信號:
[事件偵測]    2026-07-17: 0 篇 | T=0 D=0 R=0
[事件偵測]    2026-07-16: 0 篇 | T=0 D=0 R=0
[事件偵測]    2026-07-15: 0 篇 | T=0 D=0 R=0
[事件偵測]    2026-07-14: 0 篇 | T=0 D=0 R=0
[事件偵測]    2026-07-13: 0 篇 | T=0 D=0 R=0
[03:41:25]    事件偵測失敗: Expecting value: line 1 column 1 (char 0)
[03:41:26]    🪙 $TRUMP: $2.04 (-2.7%)
[03:41:26]    📊 Polymarket 快照: 546 個市場 (20 事件)
[03:41:26]    📊 Polymarket: 546 個市場已更新
[03:46:31]    📡 三源抓取: CNN:50 → 合計 50 篇
[03:46:31]    沒有新推文
[事件偵測] 掃描最近 5 天的信號模式...
[事件偵測]    最近 5 天的信號:
[事件偵測]    2026-07-17: 0 篇 | T=0 D=0 R=0
[事件偵測]    2026-07-16: 0 篇 | T=0 D=0 R=0
[事件偵測]    2026-07-15: 0 篇 | T=0 D=0 R=0
[事件偵測]    2026-07-14: 0 篇 | T=0 D=0 R=0
[事件偵測]    2026-07-13: 0 篇 | T=0 D=0 R=0
[03:46:31]    事件偵測失敗: Expecting value: line 1 column 1 (char 0)
[03:46:31]    🪙 $TRUMP: $2.04 (-2.5%)
[03:46:31]    📊 Polymarket 快照: 546 個市場 (20 事件)
[03:46:31]    📊 Polymarket: 546 個市場已更新
[03:51:36]    📡 三源抓取: CNN:50 → 合計 50 篇
[03:51:36]    沒有新推文
[事件偵測] 掃描最近 5 天的信號模式...
[事件偵測]    最近 5 天的信號:
[事件偵測]    2026-07-17: 0 篇 | T=0 D=0 R=0
[事件偵測]    2026-07-16: 0 篇 | T=0 D=0 R=0
[事件偵測]    2026-07-15: 0 篇 | T=0 D=0 R=0
[事件偵測]    2026-07-14: 0 篇 | T=0 D=0 R=0
[事件偵測]    2026-07-13: 0 篇 | T=0 D=0 R=0
[03:51:36]    事件偵測失敗: Expecting value: line 1 column 1 (char 0)
[03:51:37]    🪙 $TRUMP: $2.04 (-2.6%)
[03:51:37]    📊 Polymarket 快照: 546 個市場 (20 事件)
[03:51:37]    📊 Polymarket: 546 個市場已更新
[03:56:42]    📡 三源抓取: CNN:50 → 合計 50 篇
[03:56:42]    沒有新推文
[事件偵測] 掃描最近 5 天的信號模式...
[事件偵測]    最近 5 天的信號:
[事件偵測]    2026-07-17: 0 篇 | T=0 D=0 R=0
[事件偵測]    2026-07-16: 0 篇 | T=0 D=0 R=0
[事件偵測]    2026-07-15: 0 篇 | T=0 D=0 R=0
[事件偵測]    2026-07-14: 0 篇 | T=0 D=0 R=0
[事件偵測]    2026-07-13: 0 篇 | T=0 D=0 R=0
[03:56:42]    事件偵測失敗: Expecting value: line 1 column 1 (char 0)
[03:56:42]    🪙 $TRUMP: $2.04 (-2.6%)
[03:56:42]    📊 Polymarket 快照: 546 個市場 (20 事件)
[03:56:42]    📊 Polymarket: 546 個市場已更新
[04:01:47]    📡 三源抓取: CNN:50 → 合計 50 篇
[04:01:47]    沒有新推文
[事件偵測] 掃描最近 5 天的信號模式...
[事件偵測]    最近 5 天的信號:
[事件偵測]    2026-07-17: 0 篇 | T=0 D=0 R=0
[事件偵測]    2026-07-16: 0 篇 | T=0 D=0 R=0
[事件偵測]    2026-07-15: 0 篇 | T=0 D=0 R=0
[事件偵測]    2026-07-14: 0 篇 | T=0 D=0 R=0
[事件偵測]    2026-07-13: 0 篇 | T=0 D=0 R=0
[04:01:47]    事件偵測失敗: Expecting value: line 1 column 1 (char 0)
[04:01:47]    🪙 $TRUMP: $2.04 (-2.6%)
[04:01:48]    📊 Polymarket 快照: 572 個市場 (20 事件)
[04:01:48]    📊 Polymarket: 572 個市場已更新
[04:06:52]    📡 三源抓取: CNN:50 → 合計 50 篇
[04:06:52]    沒有新推文
[事件偵測] 掃描最近 5 天的信號模式...
[事件偵測]    最近 5 天的信號:
[事件偵測]    2026-07-17: 0 篇 | T=0 D=0 R=0
[事件偵測]    2026-07-16: 0 篇 | T=0 D=0 R=0
[事件偵測]    2026-07-15: 0 篇 | T=0 D=0 R=0
[事件偵測]    2026-07-14: 0 篇 | T=0 D=0 R=0
[事件偵測]    2026-07-13: 0 篇 | T=0 D=0 R=0
[04:06:52]    事件偵測失敗: Expecting value: line 1 column 1 (char 0)
[04:06:52]    🪙 $TRUMP: $2.03 (-2.8%)
[04:06:53]    📊 Polymarket 快照: 572 個市場 (20 事件)
[04:06:53]    📊 Polymarket: 572 個市場已更新
[04:11:57]    📡 三源抓取: CNN:50 → 合計 50 篇
[04:11:57]    沒有新推文
[事件偵測] 掃描最近 5 天的信號模式...
[事件偵測]    最近 5 天的信號:
[事件偵測]    2026-07-17: 0 篇 | T=0 D=0 R=0
[事件偵測]    2026-07-16: 0 篇 | T=0 D=0 R=0
[事件偵測]    2026-07-15: 0 篇 | T=0 D=0 R=0
[事件偵測]    2026-07-14: 0 篇 | T=0 D=0 R=0
[事件偵測]    2026-07-13: 0 篇 | T=0 D=0 R=0
[04:11:57]    事件偵測失敗: Expecting value: line 1 column 1 (char 0)
[04:11:58]    🪙 $TRUMP: $2.04 (-2.2%)
[04:11:58]    📊 Polymarket 快照: 544 個市場 (20 事件)
[04:11:58]    📊 Polymarket: 544 個市場已更新
[04:17:04]    📡 三源抓取: CNN:50 → 合計 50 篇
[04:17:04]    沒有新推文
[事件偵測] 掃描最近 5 天的信號模式...
[事件偵測]    最近 5 天的信號:
[事件偵測]    2026-07-17: 0 篇 | T=0 D=0 R=0
[事件偵測]    2026-07-16: 0 篇 | T=0 D=0 R=0
[事件偵測]    2026-07-15: 0 篇 | T=0 D=0 R=0
[事件偵測]    2026-07-14: 0 篇 | T=0 D=0 R=0
[事件偵測]    2026-07-13: 0 篇 | T=0 D=0 R=0
[04:17:04]    事件偵測失敗: Expecting value: line 1 column 1 (char 0)
[04:17:04]    🪙 $TRUMP: $2.04 (-2.2%)
[04:17:04]    📊 Polymarket 快照: 544 個市場 (20 事件)
[04:17:04]    📊 Polymarket: 544 個市場已更新
[04:22:09]    📡 三源抓取: CNN:50 → 合計 50 篇
[04:22:09]    沒有新推文
[事件偵測] 掃描最近 5 天的信號模式...
[事件偵測]    最近 5 天的信號:
[事件偵測]    2026-07-17: 0 篇 | T=0 D=0 R=0
[事件偵測]    2026-07-16: 0 篇 | T=0 D=0 R=0
[事件偵測]    2026-07-15: 0 篇 | T=0 D=0 R=0
[事件偵測]    2026-07-14: 0 篇 | T=0 D=0 R=0
[事件偵測]    2026-07-13: 0 篇 | T=0 D=0 R=0
[04:22:09]    事件偵測失敗: Expecting value: line 1 column 1 (char 0)
[04:22:09]    🪙 $TRUMP: $2.06 (-1.4%)
[04:22:10]    📊 Polymarket 快照: 544 個市場 (20 事件)
[04:22:10]    📊 Polymarket: 544 個市場已更新
[04:27:14]    📡 三源抓取: CNN:50 → 合計 50 篇
[04:27:14]    沒有新推文
[事件偵測] 掃描最近 5 天的信號模式...
[事件偵測]    最近 5 天的信號:
[事件偵測]    2026-07-17: 0 篇 | T=0 D=0 R=0
[事件偵測]    2026-07-16: 0 篇 | T=0 D=0 R=0
[事件偵測]    2026-07-15: 0 篇 | T=0 D=0 R=0
[事件偵測]    2026-07-14: 0 篇 | T=0 D=0 R=0
[事件偵測]    2026-07-13: 0 篇 | T=0 D=0 R=0
[04:27:14]    事件偵測失敗: Expecting value: line 1 column 1 (char 0)
[04:27:14]    🪙 $TRUMP: $2.06 (-1.3%)
[04:27:15]    📊 Polymarket 快照: 544 個市場 (20 事件)
[04:27:15]    📊 Polymarket: 544 個市場已更新
[04:32:19]    📡 三源抓取: CNN:50 → 合計 50 篇
[04:32:19]    沒有新推文
[事件偵測] 掃描最近 5 天的信號模式...
[事件偵測]    最近 5 天的信號:
[事件偵測]    2026-07-17: 0 篇 | T=0 D=0 R=0
[事件偵測]    2026-07-16: 0 篇 | T=0 D=0 R=0
[事件偵測]    2026-07-15: 0 篇 | T=0 D=0 R=0
[事件偵測]    2026-07-14: 0 篇 | T=0 D=0 R=0
[事件偵測]    2026-07-13: 0 篇 | T=0 D=0 R=0
[04:32:19]    事件偵測失敗: Expecting value: line 1 column 1 (char 0)
[04:32:20]    🪙 $TRUMP: $2.06 (-1.1%)
[04:32:20]    📊 Polymarket 快照: 544 個市場 (20 事件)
[04:32:20]    📊 Polymarket: 544 個市場已更新
[04:37:25]    📡 三源抓取: CNN:50 → 合計 50 篇
[04:37:25]    沒有新推文
[事件偵測] 掃描最近 5 天的信號模式...
[事件偵測]    最近 5 天的信號:
[事件偵測]    2026-07-17: 0 篇 | T=0 D=0 R=0
[事件偵測]    2026-07-16: 0 篇 | T=0 D=0 R=0
[事件偵測]    2026-07-15: 0 篇 | T=0 D=0 R=0
[事件偵測]    2026-07-14: 0 篇 | T=0 D=0 R=0
[事件偵測]    2026-07-13: 0 篇 | T=0 D=0 R=0
[04:37:25]    事件偵測失敗: Expecting value: line 1 column 1 (char 0)
[04:37:25]    🪙 $TRUMP: $2.05 (-1.5%)
[04:37:26]    📊 Polymarket 快照: 544 個市場 (20 事件)
[04:37:26]    📊 Polymarket: 544 個市場已更新
[04:42:31]    📡 三源抓取: CNN:50 → 合計 50 篇
[04:42:31]    沒有新推文
[事件偵測] 掃描最近 5 天的信號模式...
[事件偵測]    最近 5 天的信號:
[事件偵測]    2026-07-17: 0 篇 | T=0 D=0 R=0
[事件偵測]    2026-07-16: 0 篇 | T=0 D=0 R=0
[事件偵測]    2026-07-15: 0 篇 | T=0 D=0 R=0
[事件偵測]    2026-07-14: 0 篇 | T=0 D=0 R=0
[事件偵測]    2026-07-13: 0 篇 | T=0 D=0 R=0
[04:42:31]    事件偵測失敗: Expecting value: line 1 column 1 (char 0)
[04:42:31]    🪙 $TRUMP: $2.05 (-1.3%)
[04:42:31]    📊 Polymarket 快照: 544 個市場 (20 事件)
[04:42:31]    📊 Polymarket: 544 個市場已更新
[04:47:36]    📡 三源抓取: CNN:50 → 合計 50 篇
[04:47:36]    沒有新推文
[事件偵測] 掃描最近 5 天的信號模式...
[事件偵測]    最近 5 天的信號:
[事件偵測]    2026-07-17: 0 篇 | T=0 D=0 R=0
[事件偵測]    2026-07-16: 0 篇 | T=0 D=0 R=0
[事件偵測]    2026-07-15: 0 篇 | T=0 D=0 R=0
[事件偵測]    2026-07-14: 0 篇 | T=0 D=0 R=0
[事件偵測]    2026-07-13: 0 篇 | T=0 D=0 R=0
[04:47:36]    事件偵測失敗: Expecting value: line 1 column 1 (char 0)
[04:47:36]    🪙 $TRUMP: $2.05 (-1.2%)
[04:47:36]    📊 Polymarket 快照: 544 個市場 (20 事件)
[04:47:36]    📊 Polymarket: 544 個市場已更新
[04:52:40]    📡 三源抓取: CNN:50 → 合計 50 篇
[04:52:41]    沒有新推文
[事件偵測] 掃描最近 5 天的信號模式...
[事件偵測]    最近 5 天的信號:
[事件偵測]    2026-07-17: 0 篇 | T=0 D=0 R=0
[事件偵測]    2026-07-16: 0 篇 | T=0 D=0 R=0
[事件偵測]    2026-07-15: 0 篇 | T=0 D=0 R=0
[事件偵測]    2026-07-14: 0 篇 | T=0 D=0 R=0
[事件偵測]    2026-07-13: 0 篇 | T=0 D=0 R=0
[04:52:41]    事件偵測失敗: Expecting value: line 1 column 1 (char 0)
[04:52:41]    🪙 $TRUMP: $2.06 (-1.0%)
[04:52:42]    📊 Polymarket 快照: 544 個市場 (20 事件)
[04:52:42]    📊 Polymarket: 544 個市場已更新
[04:57:46]    📡 三源抓取: CNN:50 → 合計 50 篇
[04:57:46]    沒有新推文
[事件偵測] 掃描最近 5 天的信號模式...
[事件偵測]    最近 5 天的信號:
[事件偵測]    2026-07-17: 0 篇 | T=0 D=0 R=0
[事件偵測]    2026-07-16: 0 篇 | T=0 D=0 R=0
[事件偵測]    2026-07-15: 0 篇 | T=0 D=0 R=0
[事件偵測]    2026-07-14: 0 篇 | T=0 D=0 R=0
[事件偵測]    2026-07-13: 0 篇 | T=0 D=0 R=0
[04:57:46]    事件偵測失敗: Expecting value: line 1 column 1 (char 0)
[04:57:46]    🪙 $TRUMP: $2.06 (-1.2%)
[04:57:47]    📊 Polymarket 快照: 544 個市場 (20 事件)
[04:57:47]    📊 Polymarket: 544 個市場已更新
[05:02:53]    📡 三源抓取: CNN:50 → 合計 50 篇
[05:02:53]    沒有新推文
[事件偵測] 掃描最近 5 天的信號模式...
[事件偵測]    最近 5 天的信號:
[事件偵測]    2026-07-17: 0 篇 | T=0 D=0 R=0
[事件偵測]    2026-07-16: 0 篇 | T=0 D=0 R=0
[事件偵測]    2026-07-15: 0 篇 | T=0 D=0 R=0
[事件偵測]    2026-07-14: 0 篇 | T=0 D=0 R=0
[事件偵測]    2026-07-13: 0 篇 | T=0 D=0 R=0
[05:02:53]    事件偵測失敗: Expecting value: line 1 column 1 (char 0)
[05:02:53]    🪙 $TRUMP: $2.06 (-1.1%)
[05:02:53]    📊 Polymarket 快照: 544 個市場 (20 事件)
[05:02:53]    📊 Polymarket: 544 個市場已更新
[05:07:58]    📡 三源抓取: CNN:50 → 合計 50 篇
[05:07:58]    沒有新推文
[事件偵測] 掃描最近 5 天的信號模式...
[事件偵測]    最近 5 天的信號:
[事件偵測]    2026-07-17: 0 篇 | T=0 D=0 R=0
[事件偵測]    2026-07-16: 0 篇 | T=0 D=0 R=0
[事件偵測]    2026-07-15: 0 篇 | T=0 D=0 R=0
[事件偵測]    2026-07-14: 0 篇 | T=0 D=0 R=0
[事件偵測]    2026-07-13: 0 篇 | T=0 D=0 R=0
[05:07:58]    事件偵測失敗: Expecting value: line 1 column 1 (char 0)
[05:07:58]    🪙 $TRUMP: $2.05 (-1.6%)
[05:07:59]    📊 Polymarket 快照: 544 個市場 (20 事件)
[05:07:59]    📊 Polymarket: 544 個市場已更新
[05:13:03]    📡 三源抓取: CNN:50 → 合計 50 篇
[05:13:03]    沒有新推文
[事件偵測] 掃描最近 5 天的信號模式...
[事件偵測]    最近 5 天的信號:
[事件偵測]    2026-07-17: 0 篇 | T=0 D=0 R=0
[事件偵測]    2026-07-16: 0 篇 | T=0 D=0 R=0
[事件偵測]    2026-07-15: 0 篇 | T=0 D=0 R=0
[事件偵測]    2026-07-14: 0 篇 | T=0 D=0 R=0
[事件偵測]    2026-07-13: 0 篇 | T=0 D=0 R=0
[05:13:03]    事件偵測失敗: Expecting value: line 1 column 1 (char 0)
[05:13:03]    🪙 $TRUMP: $2.05 (-2.1%)
[05:13:04]    📊 Polymarket 快照: 544 個市場 (20 事件)
[05:13:04]    📊 Polymarket: 544 個市場已更新
[05:18:08]    📡 三源抓取: CNN:50 → 合計 50 篇
[05:18:08]    沒有新推文
[事件偵測] 掃描最近 5 天的信號模式...
[事件偵測]    最近 5 天的信號:
[事件偵測]    2026-07-17: 0 篇 | T=0 D=0 R=0
[事件偵測]    2026-07-16: 0 篇 | T=0 D=0 R=0
[事件偵測]    2026-07-15: 0 篇 | T=0 D=0 R=0
[事件偵測]    2026-07-14: 0 篇 | T=0 D=0 R=0
[事件偵測]    2026-07-13: 0 篇 | T=0 D=0 R=0
[05:18:08]    事件偵測失敗: Expecting value: line 1 column 1 (char 0)
[05:18:09]    🪙 $TRUMP: $2.05 (-2.1%)
[05:18:09]    📊 Polymarket 快照: 544 個市場 (20 事件)
[05:18:09]    📊 Polymarket: 544 個市場已更新
[05:23:14]    📡 三源抓取: CNN:50 → 合計 50 篇
[05:23:14]    沒有新推文
[事件偵測] 掃描最近 5 天的信號模式...
[事件偵測]    最近 5 天的信號:
[事件偵測]    2026-07-17: 0 篇 | T=0 D=0 R=0
[事件偵測]    2026-07-16: 0 篇 | T=0 D=0 R=0
[事件偵測]    2026-07-15: 0 篇 | T=0 D=0 R=0
[事件偵測]    2026-07-14: 0 篇 | T=0 D=0 R=0
[事件偵測]    2026-07-13: 0 篇 | T=0 D=0 R=0
[05:23:14]    事件偵測失敗: Expecting value: line 1 column 1 (char 0)
[05:23:15]    🪙 $TRUMP: $2.04 (-2.3%)
[05:23:15]    📊 Polymarket 快照: 544 個市場 (20 事件)
[05:23:15]    📊 Polymarket: 544 個市場已更新
[05:28:20]    📡 三源抓取: CNN:50 → 合計 50 篇
[05:28:20]    沒有新推文
[事件偵測] 掃描最近 5 天的信號模式...
[事件偵測]    最近 5 天的信號:
[事件偵測]    2026-07-17: 0 篇 | T=0 D=0 R=0
[事件偵測]    2026-07-16: 0 篇 | T=0 D=0 R=0
[事件偵測]    2026-07-15: 0 篇 | T=0 D=0 R=0
[事件偵測]    2026-07-14: 0 篇 | T=0 D=0 R=0
[事件偵測]    2026-07-13: 0 篇 | T=0 D=0 R=0
[05:28:20]    事件偵測失敗: Expecting value: line 1 column 1 (char 0)
[05:28:20]    🪙 $TRUMP: $2.03 (-3.0%)
[05:28:21]    📊 Polymarket 快照: 544 個市場 (20 事件)
[05:28:21]    📊 Polymarket: 544 個市場已更新
[05:33:26]    📡 三源抓取: CNN:50 → 合計 50 篇
[05:33:26]    沒有新推文
[事件偵測] 掃描最近 5 天的信號模式...
[事件偵測]    最近 5 天的信號:
[事件偵測]    2026-07-17: 0 篇 | T=0 D=0 R=0
[事件偵測]    2026-07-16: 0 篇 | T=0 D=0 R=0
[事件偵測]    2026-07-15: 0 篇 | T=0 D=0 R=0
[事件偵測]    2026-07-14: 0 篇 | T=0 D=0 R=0
[事件偵測]    2026-07-13: 0 篇 | T=0 D=0 R=0
[05:33:26]    事件偵測失敗: Expecting value: line 1 column 1 (char 0)
[05:33:26]    🪙 $TRUMP: $2.03 (-3.1%)
[05:33:26]    📊 Polymarket 快照: 544 個市場 (20 事件)
[05:33:26]    📊 Polymarket: 544 個市場已更新
[05:38:29]    📡 三源抓取: CNN:50 → 合計 50 篇
[05:38:29]    沒有新推文
[事件偵測] 掃描最近 5 天的信號模式...
[事件偵測]    最近 5 天的信號:
[事件偵測]    2026-07-17: 0 篇 | T=0 D=0 R=0
[事件偵測]    2026-07-16: 0 篇 | T=0 D=0 R=0
[事件偵測]    2026-07-15: 0 篇 | T=0 D=0 R=0
[事件偵測]    2026-07-14: 0 篇 | T=0 D=0 R=0
[事件偵測]    2026-07-13: 0 篇 | T=0 D=0 R=0
[05:38:29]    事件偵測失敗: Expecting value: line 1 column 1 (char 0)
[05:38:29]    🪙 $TRUMP: $2.02 (-4.1%)
[05:38:29]    📊 Polymarket 快照: 544 個市場 (20 事件)
[05:38:29]    📊 Polymarket: 544 個市場已更新
[05:43:32]    📡 三源抓取: CNN:50 → 合計 50 篇
[05:43:32]    沒有新推文
[事件偵測] 掃描最近 5 天的信號模式...
[事件偵測]    最近 5 天的信號:
[事件偵測]    2026-07-17: 0 篇 | T=0 D=0 R=0
[事件偵測]    2026-07-16: 0 篇 | T=0 D=0 R=0
[事件偵測]    2026-07-15: 0 篇 | T=0 D=0 R=0
[事件偵測]    2026-07-14: 0 篇 | T=0 D=0 R=0
[事件偵測]    2026-07-13: 0 篇 | T=0 D=0 R=0
[05:43:32]    事件偵測失敗: Expecting value: line 1 column 1 (char 0)
[05:43:32]    🪙 $TRUMP: $2.02 (-3.6%)
[05:43:32]    📊 Polymarket 快照: 544 個市場 (20 事件)
[05:43:32]    📊 Polymarket: 544 個市場已更新
